Date,Price,Volume,Return,CPI,Spread_10Y_2Y,Fed_Funds_Rate
2005-02-01,80.03793334960938,49841200,0.006347219284449812,192.4,0.86,2.5
2005-02-02,80.28023529052734,52468900,0.00302733879771222,192.4,0.83,2.5
2005-02-03,80.07157897949219,48837100,-0.002599099395760973,192.4,0.84,2.5
2005-02-04,80.92642211914062,50024600,0.010675987042385815,192.4,0.8,2.5
2005-02-07,80.81871795654297,45412000,-0.0013308899587713974,192.4,0.76,2.5
2005-02-08,80.91297149658203,39263500,0.0011662340411009442,192.4,0.72,2.5
2005-02-09,80.30717468261719,55279400,-0.007487017257677087,192.4,0.76,2.5
2005-02-10,80.59661102294922,45858600,0.0036041155908661526,192.4,0.78,2.5
2005-02-11,81.28987121582031,53133000,0.00860160475821603,192.4,0.76,2.5
2005-02-14,81.22930908203125,32432100,-0.0007450145126725038,192.4,0.7,2.5
2005-02-15,81.53219604492188,43852700,0.0037287891072019796,192.4,0.73,2.5
2005-02-16,81.5860366821289,55523000,0.0006603604443251587,192.4,0.75,2.5
2005-02-17,80.92642211914062,58124000,-0.008084895281262883,192.4,0.81,2.5
2005-02-18,81.03409576416016,47723300,0.0013305128559990553,192.4,0.82,2.5
2005-02-22,79.82926177978516,80697600,-0.0148682350683782,192.4,0.83,2.5
2005-02-23,80.40140533447266,68292600,0.007167090637338003,192.4,0.81,2.5
2005-02-24,80.9331283569336,68563600,0.006613354831908058,192.4,0.77,2.5
2005-02-25,81.7341079711914,60899900,0.009896807778457584,192.4,0.73,2.5
2005-02-28,81.19564819335938,69381300,-0.006587944631656351,192.4,0.77,2.5
2005-03-01,81.5995101928711,47294400,0.004973936516276867,193.1,0.79,2.63
2005-03-02,81.55909729003906,64226500,-0.0004952591349691726,193.1,0.81,2.63
2005-03-03,81.59276580810547,61230800,0.00041281131333126275,193.1,0.8,2.63
2005-03-04,82.60919952392578,56168500,0.012457399939239888,193.1,0.75,2.63
2005-03-07,82.64955139160156,43442400,0.0004884669977234246,193.1,0.7,2.63
2005-03-08,82.33992767333984,44362000,-0.003746223821526784,193.1,0.76,2.63
2005-03-09,81.42449951171875,73263600,-0.011117670217695497,193.1,0.86,2.63
2005-03-10,81.60624694824219,65149000,0.0022320976808372084,193.1,0.8,2.63
2005-03-11,81.03409576416016,57976500,-0.007011119926209952,193.1,0.83,2.63
2005-03-14,81.53894805908203,36336400,0.006230121903145314,193.1,0.77,2.63
2005-03-15,80.8658447265625,62438500,-0.00825499161494958,193.1,0.79,2.63
2005-03-16,80.17925262451172,74874200,-0.008490508005850939,193.1,0.8,2.63
2005-03-17,80.3408203125,62584200,0.0020150809928962676,193.1,0.77,2.63
2005-03-18,80.10226440429688,60232000,-0.0029692988853639024,193.1,0.79,2.63
2005-03-21,79.80494689941406,61244300,-0.00371172409536602,193.1,0.81,2.63
2005-03-22,78.99408721923828,92472400,-0.010160519011406466,193.1,0.77,2.63
2005-03-23,79.06163024902344,70817300,0.0008550390562485077,193.1,0.77,2.63
2005-03-24,79.15624237060547,51932500,0.001196688220114206,193.1,0.72,2.63
2005-03-28,79.27110290527344,46765500,0.0014510609805125085,193.1,0.74,2.63
2005-03-29,78.7440414428711,71160300,-0.006648847348978637,193.1,0.73,2.63
2005-03-30,79.85901641845703,62002100,0.01415948375465148,193.1,0.7,2.63
2005-03-31,79.71038055419922,64575400,-0.001861228336183962,193.1,0.7,2.63
2005-04-01,79.35221099853516,95255300,-0.0044933865975025356,193.7,0.71,2.79
2005-04-04,79.48733520507812,71581200,0.001702841103513375,193.7,0.73,2.79
2005-04-05,79.86576843261719,46853900,0.004760924826108459,193.7,0.73,2.79
2005-04-06,80.14281463623047,53268200,0.003468897990345221,193.7,0.74,2.79
2005-04-07,80.57533264160156,46734600,0.005396840719087637,193.7,0.77,2.79
2005-04-08,79.73737335205078,63772900,-0.010399700033234982,193.7,0.73,2.79
2005-04-11,79.79817199707031,44945000,0.0007624861776058811,193.7,0.7,2.79
2005-04-12,80.21041107177734,86144800,0.00516602153144774,193.7,0.67,2.79
2005-04-13,79.26435089111328,65949000,-0.011794730484767979,193.7,0.72,2.79
2005-04-14,78.23046875,96119800,-0.013043469472594826,193.7,0.77,2.79
2005-04-15,77.13578033447266,128677300,-0.013993121005392739,193.7,0.73,2.79
2005-04-18,77.37227630615234,100035200,0.0030659697828194776,193.7,0.72,2.79
2005-04-19,77.98722076416016,64930100,0.00794786566152661,193.7,0.71,2.79
2005-04-20,76.89927673339844,107735900,-0.013950285958410413,193.7,0.7,2.79
2005-04-21,78.39265441894531,86952200,0.019419918482773912,193.7,0.67,2.79
2005-04-22,78.09532165527344,88845800,-0.003792865108035115,193.7,0.64,2.79
2005-04-25,78.60890197753906,52284100,0.006576326358352924,193.7,0.62,2.79
2005-04-26,77.84530639648438,72626000,-0.00971385634254085,193.7,0.61,2.79
2005-04-27,78.14937591552734,84131900,0.0039060738934506567,193.7,0.61,2.79
2005-04-28,77.16956329345703,72481500,-0.012537689656401119,193.7,0.6,2.79
2005-04-29,78.21696472167969,103993800,0.01357272716757052,193.7,0.55,2.79
2005-05-02,78.65616607666016,56026400,0.005615167458150383,193.7,0.57,2.79
2005-05-03,78.79135131835938,86000300,0.001718685876037629,193.7,0.53,2.79
2005-05-04,79.39950561523438,81055700,0.007718541270065771,193.7,0.57,2.79
2005-05-05,79.3724594116211,96906700,-0.000340634408283913,193.7,0.61,2.79
2005-05-06,79.12244415283203,67415400,-0.003149899356053698,193.7,0.55,2.79
2005-05-09,79.6157455444336,43750500,0.006234658153996264,193.7,0.53,2.79
2005-05-10,78.79135131835938,74613500,-0.0103546631440401,193.7,0.54,2.79
2005-05-11,79.22384643554688,91647400,0.00548911917299133,193.7,0.53,2.79
2005-05-12,78.35210418701172,95086800,-0.011003533503569085,193.7,0.52,2.79
2005-05-13,78.19669342041016,85267000,-0.0019834919331664924,193.7,0.51,2.79
2005-05-16,78.9264907836914,49207000,0.009332841727176744,193.7,0.52,2.79
2005-05-17,79.45355987548828,61071800,0.006677974486935856,193.7,0.51,2.79
2005-05-18,80.27120208740234,77944900,0.010290819104837867,193.7,0.51,2.79
2005-05-19,80.60911560058594,61768100,0.004209648097902585,193.7,0.47,2.79
2005-05-20,80.49418640136719,46345500,-0.0014257593370483601,193.7,0.44,2.79
2005-05-23,80.94020080566406,51047900,0.0055409517660434116,193.7,0.42,2.79
2005-05-24,80.7509765625,50654100,-0.0023378276960096533,193.7,0.43,2.79
2005-05-25,80.69019317626953,47608800,-0.0007527263299834663,193.7,0.47,2.79
2005-05-26,81.1226577758789,43256200,0.005359568276960935,193.7,0.44,2.79
2005-05-27,81.25779724121094,24596100,0.0016658658510102509,193.7,0.44,2.79
2005-05-31,80.73748779296875,43377200,-0.006403194104532162,193.7,0.4,2.79
2005-06-01,81.42672729492188,69611000,0.00853679648443495,193.7,0.41,3.04
2005-06-02,81.60242462158203,39704500,0.0021577353345394457,193.7,0.37,3.04
2005-06-03,81.19022369384766,60999400,-0.005051331864780906,193.7,0.41,3.04
2005-06-06,81.11589050292969,36046400,-0.0009155436151804253,193.7,0.37,3.04
2005-06-07,81.17670440673828,66501300,0.0007497162816254566,193.7,0.35,3.04
2005-06-08,81.02809143066406,46881200,-0.0018307342871372034,193.7,0.35,3.04
2005-06-09,81.41322326660156,56653300,0.004753065623754216,193.7,0.34,3.04
2005-06-10,81.22400665283203,36465300,-0.00232415087104354,193.7,0.34,3.04
2005-06-13,81.48076629638672,49383200,0.003161129992665046,193.7,0.38,3.04
2005-06-14,81.66998291015625,33857100,0.002322224279055707,193.7,0.42,3.04
2005-06-15,81.82543182373047,53195600,0.0019033787939592983,193.7,0.4,3.04
2005-06-16,82.03490447998047,46564500,0.0025599945100351906,193.7,0.39,3.04
2005-06-17,82.33882904052734,51529400,0.0037048200698648337,193.7,0.37,3.04
2005-06-20,82.36598205566406,41019400,0.00032977169402492734,193.7,0.39,3.04
2005-06-21,82.41348266601562,39879800,0.0005767018029294579,193.7,0.35,3.04
2005-06-22,82.48131561279297,46310100,0.0008230806972717719,193.7,0.33,3.04
2005-06-23,81.3211898803711,62185600,-0.01406531556635282,193.7,0.33,3.04
2005-06-24,80.72412109375,58572500,-0.00734210588285078,193.7,0.33,3.04
2005-06-27,80.83943939208984,48183800,0.0014285482056337617,193.7,0.3,3.04
2005-06-28,81.5179214477539,41174200,0.008392958446597598,193.7,0.32,3.04
2005-06-29,81.3008041381836,42316500,-0.002663430393149424,193.7,0.34,3.04
2005-06-30,80.85980987548828,62288800,-0.005424230022937682,193.7,0.28,3.04
2005-07-01,81.09722137451172,49737500,0.0029360877720219225,194.9,0.3,3.26
2005-07-05,81.74859619140625,51549000,0.008032023857962312,194.9,0.32,3.26
2005-07-06,81.0633316040039,52363600,-0.00838258538162373,194.9,0.31,3.26
2005-07-07,81.3822021484375,103268800,0.003933597819434365,194.9,0.34,3.26
2005-07-08,82.31172180175781,64491200,0.011421657669387075,194.9,0.33,3.26
2005-07-11,82.73237609863281,49688300,0.005110502947418771,194.9,0.3,3.26
2005-07-12,82.94947052001953,51871100,0.0026240564048094495,194.9,0.33,3.26
2005-07-13,83.06482696533203,41182300,0.0013906833231041027,194.9,0.33,3.26
2005-07-14,83.39047241210938,63638800,0.003920377115975482,194.9,0.33,3.26
2005-07-15,83.34297180175781,56075900,-0.0005696167556986653,194.9,0.32,3.26
2005-07-18,83.0105209350586,56598400,-0.0039889490320791365,194.9,0.33,3.26
2005-07-19,83.46511840820312,59165700,0.005476383812844432,194.9,0.32,3.26
2005-07-20,83.75006103515625,69477000,0.0034139126905632367,194.9,0.27,3.26
2005-07-21,83.26154327392578,101110900,-0.005833043644295377,194.9,0.32,3.26
2005-07-22,83.81791687011719,52607100,0.006682239774981946,194.9,0.31,3.26
2005-07-25,83.58045959472656,57301600,-0.002833013325284406,194.9,0.3,3.26
2005-07-26,83.6822280883789,42758800,0.0012176110797406103,194.9,0.29,3.26
2005-07-27,83.98753356933594,43181600,0.0036483909180164975,194.9,0.28,3.26
2005-07-28,84.5167236328125,47880700,0.006300816811577015,194.9,0.24,3.26
2005-07-29,83.95362854003906,62358100,-0.0066625286519604865,194.9,0.26,3.26
2005-08-01,83.89253997802734,40418200,-0.0007276464766806656,196.1,0.28,3.5
2005-08-02,84.39458465576172,45147400,0.005984378084938902,196.1,0.28,3.5
2005-08-03,84.61851501464844,36837200,0.002653373552344851,196.1,0.28,3.5
2005-08-04,83.9400634765625,50855600,-0.008017767009601773,196.1,0.28,3.5
2005-08-05,83.37010192871094,53595500,-0.006790101463417519,196.1,0.29,3.5
2005-08-08,83.21408081054688,47616000,-0.0018714277007538804,196.1,0.26,3.5
2005-08-09,83.71611785888672,47170000,0.006033078097477551,196.1,0.28,3.5
2005-08-10,83.67544555664062,72863700,-0.00048583598100726544,196.1,0.27,3.5
2005-08-11,84.00791931152344,58570200,0.0039733729850026656,196.1,0.22,3.5
2005-08-12,83.49225616455078,54776900,-0.006138268287069981,196.1,0.19,3.5
2005-08-15,84.00791931152344,36208500,0.006176179332803677,196.1,0.19,3.5
2005-08-16,82.91554260253906,71942100,-0.013003258715806987,196.1,0.2,3.5
2005-08-17,82.90875244140625,62275100,-8.189250072643262e-05,196.1,0.21,3.5
2005-08-18,82.90198516845703,53388600,-8.162314291249029e-05,196.1,0.2,3.5
2005-08-19,83.09193420410156,39842100,0.0022912483369192937,196.1,0.18,3.5
2005-08-22,83.09193420410156,69912000,0.0,196.1,0.19,3.5
2005-08-23,82.93590545654297,55168600,-0.0018777845172713858,196.1,0.19,3.5
2005-08-24,82.19637298583984,79104600,-0.008916915618539023,196.1,0.2,3.5
2005-08-25,82.49490356445312,35631100,0.003631919119651439,196.1,0.18,3.5
2005-08-26,81.93177032470703,61956800,-0.0068262791447003535,196.1,0.14,3.5
2005-08-29,82.56275177001953,56179200,0.007701303692228656,196.1,0.14,3.5
2005-08-30,82.12850952148438,74160200,-0.005259541854234051,196.1,0.19,3.5
2005-08-31,83.16657257080078,102945200,0.012639496995192179,196.1,0.18,3.5
2005-09-01,83.10551452636719,74578700,-0.0007341656935737628,198.8,0.3,3.62
2005-09-02,82.95626068115234,47653400,-0.001795955973144081,198.8,0.28,3.62
2005-09-06,83.92645263671875,57251300,0.011695222851176856,198.8,0.29,3.62
2005-09-07,84.06896209716797,41749700,0.00169802792769147,198.8,0.28,3.62
2005-09-08,83.79078674316406,39068700,-0.003308894829489928,198.8,0.28,3.62
2005-09-09,84.53706359863281,43093900,0.00890643093919441,198.8,0.26,3.62
2005-09-12,84.36750030517578,33017600,-0.0020057864117695168,198.8,0.26,3.62
2005-09-13,83.89934539794922,58427500,-0.005548995828170145,198.8,0.26,3.62
2005-09-14,83.5940170288086,57694600,-0.00363922230492264,198.8,0.27,3.62
2005-09-15,83.55330657958984,73156900,-0.000487001949011745,198.8,0.32,3.62
2005-09-16,84.14742279052734,75424100,0.007110624764701257,198.8,0.29,3.62
2005-09-19,83.86808776855469,53355300,-0.00331959093587475,198.8,0.32,3.62
2005-09-20,83.15951538085938,84480300,-0.008448653195130884,198.8,0.26,3.62
2005-09-21,82.38272094726562,94469100,-0.009341016840179184,198.8,0.23,3.62
2005-09-22,82.67573547363281,84597200,0.0035567473736968225,198.8,0.24,3.62
2005-09-23,82.74388122558594,59368100,0.0008242533503055594,198.8,0.23,3.62
2005-09-26,82.8392562866211,70415400,0.0011526539439832284,198.8,0.23,3.62
2005-09-27,82.81881713867188,66150800,-0.00024673263456764793,198.8,0.22,3.62
2005-09-28,82.90057373046875,58620500,0.0009871741063385286,198.8,0.17,3.62
2005-09-29,83.57511901855469,66607700,0.008136798790790767,198.8,0.16,3.62
2005-09-30,83.83403778076172,47824200,0.003098036416191663,198.8,0.16,3.62
2005-10-03,83.53421783447266,50994800,-0.003576351017150481,198.8,0.18,3.62
2005-10-04,82.59396362304688,60776300,-0.011255916866174998,198.8,0.16,3.62
2005-10-05,81.51061248779297,106052100,-0.013116589732855566,198.8,0.15,3.62
2005-10-06,81.21758270263672,140941800,-0.0035949893665703225,198.8,0.17,3.62
2005-10-07,81.49697875976562,75661400,0.0034400932388232164,198.8,0.17,3.62
2005-10-10,80.80883026123047,52677000,-0.008443852876603652,198.8,0.17,3.62
2005-10-11,80.6929931640625,75629800,-0.0014334707827535764,198.8,0.17,3.62
2005-10-12,80.0593032836914,100510400,-0.007853096725296771,198.8,0.21,3.62
2005-10-13,80.01161193847656,99052900,-0.0005957002279404211,198.8,0.24,3.62
2005-10-14,80.85647583007812,88651000,0.010559265975683685,198.8,0.21,3.62
2005-10-17,81.15630340576172,68109300,0.0037081454837790684,198.8,0.21,3.62
2005-10-18,80.27732849121094,74996900,-0.010830642570745508,198.8,0.22,3.62
2005-10-19,81.61280059814453,116563800,0.01663573180664324,198.8,0.22,3.62
2005-10-20,80.17513275146484,131966700,-0.01761571513467186,198.8,0.19,3.62
2005-10-21,80.48859405517578,96579500,0.003909707323873635,198.8,0.17,3.62
2005-10-24,81.7354507446289,71308400,0.01549109788895553,198.8,0.2,3.62
2005-10-25,81.57192993164062,76594500,-0.00200061064689272,198.8,0.2,3.62
2005-10-26,81.33344268798828,80855800,-0.002923643511342666,198.8,0.22,3.62
2005-10-27,80.46810913085938,66623100,-0.010639332709037053,198.8,0.21,3.62
2005-10-28,81.62643432617188,72322000,0.014394835517121507,198.8,0.18,3.62
2005-10-31,81.85131072998047,77698900,0.002754945817062149,198.8,0.17,3.62
2005-11-01,82.0965576171875,66365100,0.002996248746902408,198.1,0.16,4.0
2005-11-02,82.95508575439453,74012300,0.010457541243206636,198.1,0.18,4.0
2005-11-03,83.30938720703125,84897600,0.00427100339195241,198.1,0.18,4.0
2005-11-04,83.20036315917969,59156000,-0.0013086646235991317,198.1,0.19,4.0
2005-11-07,83.2821273803711,46765400,0.0009827387536154308,198.1,0.18,4.0
2005-11-08,83.2821273803711,42152800,0.0,198.1,0.14,4.0
2005-11-09,83.39114379882812,57666800,0.0013090013654324384,198.1,0.15,4.0
2005-11-10,84.03844451904297,79048100,0.007762223789331779,198.1,0.11,4.0
2005-11-11,84.32463836669922,34867000,0.003405511005042383,198.1,0.11,4.0
2005-11-14,84.27693176269531,45092200,-0.000565749286660977,198.1,0.11,4.0
2005-11-15,83.97029876708984,69592500,-0.003638397710881036,198.1,0.09,4.0
2005-11-16,84.14063262939453,51133000,0.0020285013249403683,198.1,0.07,4.0
2005-11-17,84.92417907714844,55717500,0.009312343195767347,198.1,0.09,4.0
2005-11-18,85.25810241699219,72437200,0.0039320172826209365,198.1,0.1,4.0
2005-11-21,85.68732452392578,50021200,0.005034384941319692,198.1,0.07,4.0
2005-11-22,86.05524444580078,66438800,0.0042937496755692806,198.1,0.11,4.0
2005-11-23,86.55265045166016,50854700,0.0057800777751859655,198.1,0.11,4.0
2005-11-25,86.62078094482422,15270000,0.000787156635972952,198.1,0.1,4.0
2005-11-28,86.007568359375,54498500,-0.0070792779603294775,198.1,0.08,4.0
2005-11-29,85.91218566894531,51738900,-0.001109003454569657,198.1,0.08,4.0
2005-11-30,85.4488525390625,56007200,-0.005393101412507706,198.1,0.07,4.0
2005-12-01,86.32100677490234,65468200,0.010206740171743611,198.1,0.07,4.16
2005-12-02,86.42998504638672,46699400,0.001262476835662385,198.1,0.09,4.16
2005-12-05,86.24603271484375,59273400,-0.0021283392730455652,198.1,0.1,4.16
2005-12-06,86.40951538085938,57935200,0.001895538390225493,198.1,0.07,4.16
2005-12-07,85.90536499023438,66816500,-0.00583443140958384,198.1,0.1,4.16
2005-12-08,85.850830078125,62608600,-0.0006348254514205731,198.1,0.1,4.16
2005-12-09,86.07569122314453,50744500,0.002619207581509686,198.1,0.11,4.16
2005-12-12,86.1574478149414,48389900,0.0009498220767687471,198.1,0.11,4.16
2005-12-13,86.74343872070312,88630900,0.006801395823845313,198.1,0.11,4.16
2005-12-14,87.08411407470703,64375000,0.00392739046351176,198.1,0.08,4.16
2005-12-15,86.83198547363281,55900300,-0.0028952307060037263,198.1,0.1,4.16
2005-12-16,86.55255889892578,46238300,-0.0032180143432500863,198.1,0.08,4.16
2005-12-19,86.10728454589844,48733000,-0.00514455446138018,198.1,0.07,4.16
2005-12-20,86.18949890136719,46603200,0.0009547897823316553,198.1,0.05,4.16
2005-12-21,86.32647705078125,51806900,0.0015892672675916764,198.1,0.06,4.16
2005-12-22,86.77857208251953,32247900,0.005237037895944097,198.1,0.04,4.16
2005-12-23,86.8265380859375,27977300,0.0005527401784435337,198.1,0.01,4.16
2005-12-27,85.9428939819336,44499500,-0.010177120077381252,198.1,-0.01,4.16
2005-12-28,86.13469696044922,30764300,0.0022317491258316835,198.1,0.01,4.16
2005-12-29,85.75115966796875,32788900,-0.00445276184876553,198.1,-0.01,4.16
2005-12-30,85.28535461425781,44645600,-0.005432055444084316,198.1,-0.02,4.16
2006-01-03,86.7854232788086,73256700,0.01758881898698239,198.1,0.03,4.16
2006-01-04,87.1964111328125,51899600,0.004735678394787168,198.1,0.05,4.16
2006-01-05,87.25119018554688,47307500,0.0006282260017667074,198.1,0.04,4.16
2006-01-06,87.97724914550781,62885900,0.008321479150220412,198.1,0.02,4.16
2006-01-09,88.20330047607422,43527400,0.0025694294009186436,198.1,0.02,4.16
2006-01-10,88.29234313964844,44960800,0.0010095162323133788,198.1,0.02,4.16
2006-01-11,88.57315826416016,49598900,0.0031805150313835018,198.1,0.02,4.16
2006-01-12,88.2238540649414,40509200,-0.003943680072657996,198.1,0.03,4.16
2006-01-13,88.14164733886719,44856700,-0.0009317970399899123,198.1,0.02,4.16
2006-01-17,87.90191650390625,52066600,-0.0027198361069799004,198.1,0.01,4.16
2006-01-18,87.55258178710938,75067600,-0.003974142210896536,198.1,0.01,4.16
2006-01-19,87.8882064819336,81530400,0.0038334071705654615,198.1,0.01,4.16
2006-01-20,86.2853775024414,114957800,-0.018237133782240345,198.1,0.0,4.16
2006-01-23,86.5936050415039,67017400,0.0035721874086229732,198.1,0.01,4.16
2006-01-24,86.68265533447266,53008800,0.0010283703158688873,198.1,0.03,4.16
2006-01-25,86.75804901123047,87747700,0.0008697665809487276,198.1,0.03,4.16
2006-01-26,87.23754119873047,71294000,0.0055267746677651886,198.1,0.04,4.16
2006-01-27,88.0457763671875,65771200,0.009264763281393362,198.1,0.01,4.16
2006-01-30,87.97724914550781,33709600,-0.0007783135603677271,198.1,0.02,4.16
2006-01-31,87.33336639404297,72937000,-0.007318741580563781,198.1,-0.01,4.16
2006-02-01,87.94298553466797,63561000,0.006980369196744718,199.4,-0.02,4.49
2006-02-02,86.92242431640625,83626900,-0.011604805227580117,199.4,-0.02,4.49
2006-02-03,86.49087524414062,86040400,-0.004964761114977012,199.4,-0.05,4.49
2006-02-06,86.71691131591797,45511900,0.0026134094624352677,199.4,-0.07,4.49
2006-02-07,85.94973754882812,71208100,-0.008846876064288689,199.4,-0.04,4.49
2006-02-08,86.73063659667969,59422200,0.009085531499243293,199.4,-0.08,4.49
2006-02-09,86.5867919921875,62023300,-0.0016585212577315822,199.4,-0.12,4.49
2006-02-10,86.74430084228516,64508700,0.0018190863349212272,199.4,-0.1,4.49
2006-02-13,86.5867919921875,52308700,-0.0018157832683904918,199.4,-0.1,4.49
2006-02-14,87.5046615600586,90964400,0.010600572520967244,199.4,-0.07,4.49
2006-02-15,87.8128662109375,85471300,0.0035221512246792486,199.4,-0.1,4.49
2006-02-16,88.47042846679688,61017900,0.00748822221882417,199.4,-0.1,4.49
2006-02-17,88.23068237304688,40342600,-0.0027099009002762298,199.4,-0.12,4.49
2006-02-21,88.01153564453125,46456300,-0.00248379274217847,199.4,-0.14,4.49
2006-02-22,88.54578399658203,42326700,0.006070208275975819,199.4,-0.15,4.49
2006-02-23,88.41561889648438,43423200,-0.0014700315952104193,199.4,-0.16,4.49
2006-02-24,88.64166259765625,36777400,0.0025566037312538814,199.4,-0.16,4.49
2006-02-27,88.67593383789062,35858600,0.00038662677605594276,199.4,-0.15,4.49
2006-02-28,87.83341979980469,74394800,-0.009501045003102448,199.4,-0.14,4.49
2006-03-01,88.61426544189453,48641600,0.008890074459921848,199.7,-0.12,4.59
2006-03-02,88.60739135742188,60642300,-7.757311352041274e-05,199.7,-0.08,4.59
2006-03-03,88.19644165039062,73402500,-0.004637871635037483,199.7,-0.08,4.59
2006-03-06,87.79231262207031,57478400,-0.004582146634920625,199.7,-0.03,4.59
2006-03-07,87.65532684326172,61780800,-0.001560339108485409,199.7,-0.03,4.59
2006-03-08,87.84024810791016,66692400,0.0021096409232390645,199.7,0.01,4.59
2006-03-09,87.25119018554688,56313600,-0.006706013872361027,199.7,0.02,4.59
2006-03-10,88.08000183105469,60490800,0.009499144295284312,199.7,0.02,4.59
2006-03-13,88.2443618774414,45479100,0.001866031368868315,199.7,0.03,4.59
2006-03-14,89.16908264160156,69877300,0.010479091745764446,199.7,0.05,4.59
2006-03-15,89.56636047363281,53398900,0.004455331604431123,199.7,0.04,4.59
2006-03-16,89.75129699707031,65526400,0.0020647989095408104,199.7,0.03,4.59
2006-03-17,89.82628631591797,47286800,0.0008355235117114557,199.7,0.03,4.59
2006-03-20,89.681884765625,45538500,-0.0016075645138563521,199.7,0.01,4.59
2006-03-21,89.11797332763672,87102700,-0.00628790797006562,199.7,-0.01,4.59
2006-03-22,89.66121673583984,51605700,0.006095778302833699,199.7,-0.04,4.59
2006-03-23,89.47560119628906,46704200,-0.0020701876051676393,199.7,-0.04,4.59
2006-03-24,89.54431915283203,43209200,0.0007680077655161099,199.7,-0.05,4.59
2006-03-27,89.41368103027344,32523000,-0.0014589213899278697,199.7,-0.02,4.59
2006-03-28,88.86351013183594,82079900,-0.006153095276898668,199.7,-0.02,4.59
2006-03-29,89.42053985595703,61505700,0.0062683740862217174,199.7,-0.01,4.59
2006-03-30,89.26237487792969,70571700,-0.0017687768188620057,199.7,0.02,4.59
2006-03-31,89.28298950195312,62925600,0.00023094415818114555,199.7,0.04,4.59
2006-04-03,89.21422576904297,61624700,-0.0007701773125400324,199.7,0.02,4.59
2006-04-04,89.78504180908203,54809300,0.0063982625541894045,199.7,0.03,4.59
2006-04-05,90.09451293945312,50607200,0.0034468005375456467,199.7,0.03,4.59
2006-04-06,89.99821472167969,57906200,-0.0010688577431807733,199.7,0.06,4.59
2006-04-07,89.08354949951172,80180900,-0.010163148513518627,199.7,0.08,4.59
2006-04-10,89.22113037109375,41496500,0.001544402668674394,199.7,0.08,4.59
2006-04-11,88.46466827392578,72799400,-0.008478508331172807,199.7,0.05,4.59
2006-04-12,88.62971496582031,43033700,0.0018656792040803172,199.7,0.07,4.59
2006-04-13,88.5127944946289,51051800,-0.0013192017060700278,199.7,0.09,4.59
2006-04-17,88.47843170166016,64167700,-0.00038822402077520746,199.7,0.1,4.59
2006-04-18,89.88127899169922,92531800,0.01585524588375753,199.7,0.15,4.59
2006-04-19,90.05323791503906,87269000,0.0019131784201216195,199.7,0.18,4.59
2006-04-20,90.17700958251953,86005500,0.0013744277312630615,199.7,0.15,4.59
2006-04-21,90.19073486328125,72342600,0.0001522037692895939,199.7,0.11,4.59
2006-04-24,90.0257339477539,52546400,-0.0018294663612339335,199.7,0.1,4.59
2006-04-25,89.65435791015625,84359800,-0.004125220881988967,199.7,0.12,4.59
2006-04-26,89.67498779296875,67262400,0.00023010462952810506,199.7,0.13,4.59
2006-04-27,90.10820770263672,124478600,0.004831000486647863,199.7,0.18,4.59
2006-04-28,90.41080474853516,55854400,0.0033581518666649934,199.7,0.2,4.59
2006-05-01,89.67498779296875,64990300,-0.008138595354979739,201.3,0.2,4.94
2006-05-02,90.34893035888672,49063500,0.007515390662487631,201.3,0.2,4.94
2006-05-03,90.01197814941406,60821300,-0.0037294543292787363,201.3,0.21,4.94
2006-05-04,90.3351821899414,42921400,0.0035906781205368166,201.3,0.19,4.94
2006-05-05,91.13288879394531,62588200,0.008830519678663329,201.3,0.18,4.94
2006-05-08,91.02288055419922,30016700,-0.001207118979788091,201.3,0.15,4.94
2006-05-09,91.20169830322266,29864000,0.001964536256540139,201.3,0.16,4.94
2006-05-10,91.15353393554688,64378200,-0.0005281082323230768,201.3,0.12,4.94
2006-05-11,90.05323791503906,80626900,-0.012070799375543784,201.3,0.15,4.94
2006-05-12,88.87726593017578,91726500,-0.013058630784300695,201.3,0.18,4.94
2006-05-15,89.05606842041016,84029300,0.002011791073488256,201.3,0.16,4.94
2006-05-16,88.92536926269531,62137600,-0.0014676052966750008,201.3,0.14,4.94
2006-05-17,87.23368072509766,144789500,-0.01902368864615256,201.3,0.19,4.94
2006-05-18,86.7935562133789,87906300,-0.0050453506955154825,201.3,0.14,4.94
2006-05-19,87.40560913085938,124309400,0.007051824400140516,201.3,0.09,4.94
2006-05-22,86.73855590820312,110852800,-0.007631698117423702,201.3,0.1,4.94
2006-05-23,86.07836151123047,92006500,-0.007611314138909031,201.3,0.1,4.94
2006-05-24,86.76605224609375,168405000,0.007989124360523014,201.3,0.09,4.94
2006-05-25,87.8388442993164,78977900,0.012364191126039703,201.3,0.09,4.94
2006-05-26,88.28585815429688,62989700,0.005089022499627172,201.3,0.1,4.94
2006-05-30,86.71790313720703,72419900,-0.017759979342892418,201.3,0.1,4.94
2006-05-31,87.68759155273438,86926200,0.011182101739626749,201.3,0.08,4.94
2006-06-01,88.52653503417969,73721700,0.009567413890490872,201.8,0.07,4.99
2006-06-02,88.71224212646484,91702600,0.002097756251427496,201.8,0.08,4.99
2006-06-05,87.41934967041016,86105100,-0.014574002697526067,201.8,0.03,4.99
2006-06-06,87.20618438720703,130498600,-0.0024384222029425473,201.8,0.02,4.99
2006-06-07,86.55287170410156,108599400,-0.007491586608177614,201.8,0.0,4.99
2006-06-08,86.47721862792969,204957200,-0.0008740677770983085,201.8,-0.01,4.99
2006-06-09,86.20216369628906,94972200,-0.003180663485767954,201.8,-0.03,4.99
2006-06-12,85.26689910888672,95815900,-0.010849664872653375,201.8,-0.03,4.99
2006-06-13,84.27661895751953,185688800,-0.01161388723779655,201.8,-0.05,4.99
2006-06-14,84.92992401123047,163566400,0.00775191342263315,201.8,-0.06,4.99
2006-06-15,86.73165893554688,134057000,0.02121437108642832,201.8,-0.04,4.99
2006-06-16,86.09968566894531,94253500,-0.007286534978780956,201.8,-0.03,4.99
2006-06-19,85.42272186279297,95804400,-0.007862558392550678,201.8,-0.05,4.99
2006-06-20,85.71284484863281,65494700,0.003396321019901949,201.8,-0.04,4.99
2006-06-21,86.34834289550781,75008200,0.007414268514798206,201.8,-0.04,4.99
2006-06-22,85.96841430664062,74566100,-0.004399952287757802,201.8,-0.03,4.99
2006-06-23,85.95462799072266,54107000,-0.00016036489714454927,201.8,-0.04,4.99
2006-06-26,86.3344955444336,37899600,0.004419396169708767,201.8,-0.02,4.99
2006-06-27,85.58851623535156,69780200,-0.00864057065924595,201.8,-0.03,4.99
2006-06-28,86.16870880126953,62368100,0.006778859962036865,201.8,-0.04,4.99
2006-06-29,87.90936279296875,110634800,0.020200534694255312,201.8,0.01,4.99
2006-06-30,87.916259765625,54227800,7.845549594631684e-05,201.8,-0.01,4.99
2006-07-03,88.27545928955078,23914000,0.004085700698407413,201.8,-0.02,4.99
2006-07-05,87.77124786376953,69653400,-0.0057117961190934485,201.8,-0.01,4.99
2006-07-06,88.02677917480469,50100300,0.002911332779861775,201.8,-0.03,4.99
2006-07-07,87.45350646972656,81626500,-0.0065124807524732375,201.8,-0.03,4.99
2006-07-10,87.61923217773438,60964100,0.0018950150165240043,201.8,-0.04,4.99
2006-07-11,88.00605773925781,73640800,0.004414847652839171,201.8,-0.07,4.99
2006-07-12,87.06666564941406,82561300,-0.01067417532355508,201.8,-0.07,4.99
2006-07-13,85.65065002441406,102405700,-0.016263579343922308,201.8,-0.04,4.99
2006-07-14,85.31912994384766,103242500,-0.0038706078759694895,201.8,-0.01,4.99
2006-07-17,85.1948013305664,81159000,-0.0014572184850346614,201.8,-0.05,4.99
2006-07-18,85.62994384765625,122771000,0.005107618191413366,201.8,-0.06,4.99
2006-07-19,86.81802368164062,133565300,0.0138745838266352,201.8,-0.06,4.99
2006-07-20,86.22396087646484,112259800,-0.006842620690770351,201.8,-0.03,4.99
2006-07-21,85.61615753173828,101560000,-0.007049123451860151,201.8,-0.03,4.99
2006-07-24,87.17716979980469,92884000,0.018232683094750346,201.8,-0.05,4.99
2006-07-25,87.48804473876953,95480700,0.0035660132082602214,201.8,-0.04,4.99
2006-07-26,87.60545349121094,84525800,0.0013419976728474836,201.8,-0.02,4.99
2006-07-27,87.52256774902344,87257100,-0.0009461253710171258,201.8,0.0,4.99
2006-07-28,88.3998031616211,82137000,0.01002296247881107,201.8,0.02,4.99
2006-07-31,88.30996704101562,49593100,-0.0010162479710641437,201.8,0.02,4.99
2006-08-01,87.87482452392578,65225600,-0.004927445130714858,203.8,0.02,5.25
2006-08-02,88.46885681152344,64770900,0.006759982632294381,203.8,-0.01,5.25
2006-08-03,88.70368194580078,63693800,0.002654325406030944,203.8,-0.02,5.25
2006-08-04,88.55176544189453,96294200,-0.001712629065376059,203.8,0.0,5.25
2006-08-07,88.34451293945312,45377300,-0.0023404671991255066,203.8,-0.03,5.25
2006-08-08,88.00605773925781,90901300,-0.003831083436130034,203.8,0.02,5.25
2006-08-09,87.70906066894531,78910600,-0.0033747343983119293,203.8,0.01,5.25
2006-08-10,87.97845458984375,69322300,0.003071449162079798,203.8,0.0,5.25
2006-08-11,87.72978210449219,47482200,-0.002826515724910994,203.8,0.01,5.25
2006-08-14,87.7988510131836,57839000,0.0007872914651620988,203.8,-0.01,5.25
2006-08-15,88.8487777709961,68143000,0.011958320020097446,203.8,-0.01,5.25
2006-08-16,89.58782196044922,71737600,0.008318000629766509,203.8,0.0,5.25
2006-08-17,89.81575775146484,70992800,0.002544272045326146,203.8,-0.02,5.25
2006-08-18,90.27168273925781,58288400,0.005076224920960826,203.8,-0.03,5.25
2006-08-21,89.88484191894531,42133600,-0.004285295328213312,203.8,-0.03,5.25
2006-08-22,89.8779067993164,60839900,-7.71556080073621e-05,203.8,-0.05,5.25
2006-08-23,89.62926483154297,66592100,-0.0027664414607320165,203.8,-0.05,5.25
2006-08-24,89.5533218383789,57983000,-0.000847301306183823,203.8,-0.07,5.25
2006-08-25,89.66384887695312,41756000,0.0012342036711232574,203.8,-0.07,5.25
2006-08-28,90.09209442138672,52681500,0.004776122704940766,203.8,-0.08,5.25
2006-08-29,90.1956787109375,61817800,0.0011497600340635294,203.8,-0.08,5.25
2006-08-30,90.25093078613281,50052200,0.0006125800701870521,203.8,-0.07,5.25
2006-08-31,90.23712921142578,37510300,-0.0001529244583607925,203.8,-0.05,5.25
2006-09-01,90.7759017944336,48794500,0.005970630800382182,202.8,-0.04,5.25
2006-09-05,90.94856262207031,52348300,0.0019020557683659955,202.8,-0.02,5.25
2006-09-06,90.14730072021484,53795600,-0.008810055692524243,202.8,-0.02,5.25
2006-09-07,89.73290252685547,86269400,-0.004596900739663012,202.8,-0.02,5.25
2006-09-08,89.98847198486328,45096300,0.002848113131427077,202.8,-0.02,5.25
2006-09-11,90.0782699584961,68496600,0.0009978830804897587,202.8,-0.03,5.25
2006-09-12,90.96239471435547,69875600,0.009815072561526028,202.8,-0.04,5.25
2006-09-13,91.32850646972656,62898400,0.004024869359703809,202.8,-0.03,5.25
2006-09-14,91.33538818359375,57805400,7.535121434920633e-05,202.8,-0.04,5.25
2006-09-15,91.54979705810547,76703100,0.0023474896069937135,202.8,-0.07,5.25
2006-09-18,91.67462158203125,64154100,0.0013634604110215331,202.8,-0.07,5.25
2006-09-19,91.44571685791016,92089100,-0.0024969257595055527,202.8,-0.05,5.25
2006-09-20,91.93132019042969,75204100,0.0053102906205444445,202.8,-0.08,5.25
2006-09-21,91.48731231689453,88932500,-0.004829778062747536,202.8,-0.06,5.25
2006-09-22,91.20983123779297,65966800,-0.003033000665058627,202.8,-0.07,5.25
2006-09-25,91.91055297851562,92299100,0.007682524254384537,202.8,-0.07,5.25
2006-09-26,92.67366790771484,73962700,0.008302799890428147,202.8,-0.09,5.25
2006-09-27,92.78469848632812,82432200,0.00119808119307252,202.8,-0.06,5.25
2006-09-28,92.75,58597500,-0.0003739677650969053,202.8,-0.05,5.25
2006-09-29,92.67366790771484,47966600,-0.0008229875178992208,202.8,-0.07,5.25
2006-10-02,92.32678985595703,51687400,-0.0037430055331708623,202.8,-0.04,5.25
2006-10-03,92.52104187011719,73108100,0.0021039615312437032,202.8,-0.05,5.25
2006-10-04,93.60330963134766,80890500,0.011697531062715205,202.8,-0.03,5.25
2006-10-05,93.78370666503906,60505900,0.0019272505897696135,202.8,-0.04,5.25
2006-10-06,93.66578674316406,64983600,-0.0012573604314464193,202.8,-0.04,5.25
2006-10-09,93.72126007080078,41176800,0.0005922474957567037,202.8,-0.04,5.25
2006-10-10,93.8461685180664,56403700,0.0013327653423702568,202.8,-0.07,5.25
2006-10-11,93.7351303100586,104071800,-0.0011831938347748316,202.8,-0.07,5.25
2006-10-12,94.54684448242188,59158600,0.008659658013791427,202.8,-0.06,5.25
2006-10-13,94.78965759277344,53944000,0.00256817783481611,202.8,-0.06,5.25
2006-10-16,94.93539428710938,42273000,0.0015374746363367997,202.8,-0.06,5.25
2006-10-17,94.63703155517578,90500600,-0.0031427976275241187,202.8,-0.05,5.25
2006-10-18,94.76188659667969,86848600,0.0013193042876784578,202.8,-0.08,5.25
2006-10-19,94.9145278930664,64063200,0.0016107878585869262,202.8,-0.06,5.25
2006-10-20,94.93539428710938,48094500,0.00021984404817865233,202.8,-0.08,5.25
2006-10-23,95.3724365234375,66219900,0.004603575300971441,202.8,-0.07,5.25
2006-10-24,95.65684509277344,53234900,0.0029820835002578594,202.8,-0.08,5.25
2006-10-25,95.9829330444336,78105400,0.003408934837270561,202.8,-0.1,5.25
2006-10-26,96.28128051757812,66843700,0.003108338781504072,202.8,-0.08,5.25
2006-10-27,95.6777114868164,80238000,-0.0062688097573808665,202.8,-0.08,5.25
2006-10-30,95.60826873779297,49717800,-0.0007257985997397576,202.8,-0.1,5.25
2006-10-31,95.59441375732422,71274100,-0.00014491403988026175,202.8,-0.1,5.25
2006-11-01,94.94924926757812,83005600,-0.00674897689507159,202.0,-0.09,5.25
2006-11-02,94.89373779296875,60693100,-0.0005846436389711496,202.0,-0.07,5.25
2006-11-03,94.72721099853516,71346400,-0.0017548765419790335,202.0,-0.1,5.25
2006-11-06,95.79560852050781,63303300,0.011278676007775434,202.0,-0.11,5.25
2006-11-07,96.16333770751953,63318900,0.0038386852246259373,202.0,-0.11,5.25
2006-11-08,96.37145233154297,87517800,0.0021641784591173163,202.0,-0.11,5.25
2006-11-09,95.86499786376953,95916300,-0.00525523332398381,202.0,-0.13,5.25
2006-11-10,95.90664672851562,48991500,0.00043445330072700017,202.0,-0.14,5.25
2006-11-13,96.14252471923828,59398200,0.0024594540500446627,202.0,-0.15,5.25
2006-11-14,96.86406707763672,96704000,0.00750492417903037,202.0,-0.17,5.25
2006-11-15,97.14155578613281,76509600,0.0028647228726590424,202.0,-0.19,5.25
2006-11-16,97.3913345336914,76728800,0.0025712862588747054,202.0,-0.19,5.25
2006-11-17,97.41900634765625,56353800,0.00028413014461015074,202.0,-0.15,5.25
2006-11-20,97.4745864868164,69174200,0.0005705266481759175,202.0,-0.16,5.25
2006-11-21,97.57168579101562,51367900,0.000996149947374736,202.0,-0.17,5.25
2006-11-22,97.76592254638672,45505300,0.0019907082038852497,202.0,-0.17,5.25
2006-11-24,97.37049102783203,30998000,-0.004044676388821111,202.0,-0.18,5.25
2006-11-27,96.03152465820312,84545100,-0.013751254158163584,202.0,-0.17,5.25
2006-11-28,96.44776916503906,106652900,0.0043344569225307605,202.0,-0.16,5.25
2006-11-29,97.4537353515625,90034900,0.010430165417325998,202.0,-0.17,5.25
2006-11-30,97.49535369873047,83994300,0.0004270574854605691,202.0,-0.16,5.25
2006-12-01,97.28032684326172,126080000,-0.002205508747967655,203.1,-0.09,5.24
2006-12-04,98.02266693115234,87813200,0.0076309374359595505,203.1,-0.09,5.24
2006-12-05,98.44581604003906,73374400,0.0043168495832084375,203.1,-0.07,5.24
2006-12-06,98.36255645751953,53253200,-0.0008457401834697231,203.1,-0.11,5.24
2006-12-07,97.93241882324219,62857400,-0.004372981445059487,203.1,-0.09,5.24
2006-12-08,98.11283111572266,79625500,0.001842212156590195,203.1,-0.12,5.24
2006-12-11,98.3972396850586,39779400,0.0028987907708062366,203.1,-0.15,5.24
2006-12-12,98.3209457397461,77451600,-0.0007753667232607286,203.1,-0.12,5.24
2006-12-13,98.4250259399414,55520200,0.0010585760685297707,203.1,-0.12,5.24
2006-12-14,99.2922134399414,64755200,0.00881064029923806,203.1,-0.13,5.24
2006-12-15,99.3012924194336,70857400,9.143697353142244e-05,203.1,-0.13,5.24
2006-12-18,99.02921295166016,48954600,-0.0027399388380990874,203.1,-0.11,5.24
2006-12-19,99.2175521850586,65023600,0.001901855298904298,203.1,-0.11,5.24
2006-12-20,99.16175842285156,41469600,-0.000562337620494513,203.1,-0.11,5.24
2006-12-21,98.79901123046875,48698400,-0.0036581359402276803,203.1,-0.11,5.24
2006-12-22,98.19205474853516,62069100,-0.006143345711403403,203.1,-0.08,5.24
2006-12-26,98.77112579345703,32696900,0.005897330964351966,203.1,-0.1,5.24
2006-12-27,99.41987609863281,39727100,0.006568218190935671,203.1,-0.11,5.24
2006-12-28,99.21062469482422,37288800,-0.002104724045330686,203.1,-0.12,5.24
2006-12-29,98.79901123046875,45461200,-0.0041488849165258745,203.1,-0.11,5.24
2007-01-03,98.62458038330078,94807600,-0.0017655120734060281,203.1,-0.09,5.24
2007-01-04,98.83386993408203,69620600,0.0021220830544257385,203.1,-0.09,5.24
2007-01-05,98.04556274414062,76645300,-0.007976083406095236,203.1,-0.11,5.24
2007-01-08,98.4990234375,71655000,0.004624999649833539,203.1,-0.12,5.24
2007-01-09,98.415283203125,75680100,-0.0008501630925116244,203.1,-0.13,5.24
2007-01-10,98.74321746826172,72428000,0.0033321477565622093,203.1,-0.12,5.24
2007-01-11,99.17572021484375,54476800,0.004380075489448743,203.1,-0.12,5.24
2007-01-12,99.92916107177734,55370600,0.007597029346511519,203.1,-0.11,5.24
2007-01-16,99.73383331298828,44871300,-0.0019546622496786625,203.1,-0.11,5.24
2007-01-17,99.77567291259766,50241400,0.00041951259887973436,203.1,-0.12,5.24
2007-01-18,99.44082641601562,68177300,-0.0033559933679961906,203.1,-0.14,5.24
2007-01-19,99.63617706298828,56973000,0.0019644913866201374,203.1,-0.15,5.24
2007-01-22,99.32921600341797,60253600,-0.0030808193230482672,203.1,-0.15,5.24
2007-01-23,99.6222152709961,54064400,0.002949779323417223,203.1,-0.13,5.24
2007-01-24,100.42446899414062,55834700,0.008052960084878658,203.1,-0.12,5.24
2007-01-25,99.24546813964844,73583800,-0.011740175141587983,203.1,-0.11,5.24
2007-01-26,99.15480041503906,67255600,-0.0009135704260249122,203.1,-0.11,5.24
2007-01-29,99.09896850585938,66114600,-0.000563078226631375,203.1,-0.09,5.24
2007-01-30,99.615234375,70407600,0.005209598817470074,203.1,-0.1,5.24
2007-01-31,100.28498077392578,91868600,0.006723333063741288,203.1,-0.11,5.24
2007-02-01,100.88489532470703,69312400,0.0059820976795483816,204.226,-0.12,5.26
2007-02-02,101.0244369506836,49607000,0.0013831765947462937,204.226,-0.11,5.26
2007-02-05,101.0523910522461,45705300,0.00027670633369769604,204.226,-0.11,5.26
2007-02-06,101.08028411865234,57081300,0.0002760257933118737,204.226,-0.13,5.26
2007-02-07,101.30347442626953,55669700,0.0022080498641574575,204.226,-0.13,5.26
2007-02-08,101.17092895507812,70641000,-0.0013084000518449601,204.226,-0.14,5.26
2007-02-09,100.41749572753906,79084400,-0.007447131654525041,204.226,-0.13,5.26
2007-02-12,100.07568359375,65657000,-0.0034039101584100173,204.226,-0.14,5.26
2007-02-13,100.9197998046875,64081800,0.008434778365982831,204.226,-0.13,5.26
2007-02-14,101.58259582519531,66039400,0.006567551875752198,204.226,-0.13,5.26
2007-02-15,101.71512603759766,38715200,0.001304654713002229,204.226,-0.13,5.26
2007-02-16,101.6662826538086,39841800,-0.0004801978397097617,204.226,-0.14,5.26
2007-02-20,101.88252258300781,56911800,0.0021269581571656815,204.226,-0.13,5.26
2007-02-21,101.84068298339844,63971600,-0.00041066513223886325,204.226,-0.13,5.26
2007-02-22,101.76395416259766,79067400,-0.0007534201318474265,204.226,-0.14,5.26
2007-02-23,101.36630249023438,71966200,-0.003907588650966853,204.226,-0.14,5.26
2007-02-26,101.27561950683594,69192800,-0.0008946067990116546,204.226,-0.14,5.26
2007-02-27,97.31998443603516,274466500,-0.0390581177391246,204.226,-0.09,5.26
2007-02-28,98.31765747070312,177536300,0.01025147137506699,204.226,-0.09,5.26
2007-03-01,98.02462005615234,212828600,-0.0029805166446129627,205.288,-0.07,5.26
2007-03-02,96.74095153808594,162574000,-0.013095368462852197,205.288,-0.04,5.26
2007-03-05,95.82009887695312,143750400,-0.00951874719539303,205.288,-0.02,5.26
2007-03-06,97.45952606201172,143333300,0.017109429068361326,205.288,-0.05,5.26
2007-03-07,97.36190032958984,115144900,-0.001001705388550267,205.288,-0.04,5.26
2007-03-08,98.18511962890625,117891600,0.008455250940353931,205.288,-0.05,5.26
2007-03-09,98.2129898071289,107765100,0.0002838533815305855,205.288,-0.07,5.26
2007-03-12,98.35948944091797,80366900,0.0014916523168346796,205.288,-0.06,5.26
2007-03-13,96.44799041748047,190605200,-0.019433803838374786,205.288,-0.02,5.26
2007-03-14,97.16654968261719,231853800,0.0074502253704447075,205.288,-0.01,5.26
2007-03-15,97.29910278320312,132435900,0.0013641844957847926,205.288,-0.03,5.26
2007-03-16,97.02659606933594,121531600,-0.0028007114770047803,205.288,-0.03,5.26
2007-03-19,98.1962890625,96161200,0.012055385229923887,205.288,-0.03,5.26
2007-03-20,98.73560333251953,82147400,0.005492206224578133,205.288,-0.04,5.26
2007-03-21,100.36054229736328,152368700,0.016457477444800972,205.288,0.02,5.26
2007-03-22,100.283447265625,118942200,-0.0007681807010353481,205.288,0.02,5.26
2007-03-23,100.43058013916016,74416800,0.0014671700818724709,205.288,0.02,5.26
2007-03-26,100.29747772216797,113787500,-0.001325317615488819,205.288,0.04,5.26
2007-03-27,100.05936431884766,99864600,-0.0023740716987908916,205.288,0.04,5.26
2007-03-28,99.3309555053711,152907900,-0.007279766550938982,205.288,0.09,5.26
2007-03-29,99.43600463867188,139432700,0.00105756692630532,205.288,0.06,5.26
2007-03-30,99.45703125,128194100,0.00021145873071359844,205.288,0.07,5.26
2007-04-02,99.5690689086914,79416400,0.001126493092376668,205.288,0.05,5.26
2007-04-03,100.64068603515625,82417800,0.010762550440715168,205.288,0.04,5.26
2007-04-04,100.75275421142578,63995200,0.0011135474198813444,205.288,0.05,5.26
2007-04-05,101.02593994140625,46822800,0.002711446770052639,205.288,0.05,5.26
2007-04-09,101.166015625,50967400,0.0013865318518688774,205.288,0.02,5.26
2007-04-10,101.28504180908203,56620000,0.0011765431636967527,205.288,0.02,5.26
2007-04-11,100.87187194824219,106365700,-0.004079278178298562,205.288,0.01,5.26
2007-04-12,101.32007598876953,115534400,0.00444330051451125,205.288,0.01,5.26
2007-04-13,101.7823486328125,84287000,0.004562497999845538,205.288,0.0,5.26
2007-04-16,102.74889373779297,83064600,0.009496195734953528,205.288,0.0,5.26
2007-04-17,103.02207946777344,108424100,0.0026587705233851455,205.288,0.01,5.26
2007-04-18,103.14814758300781,88345300,0.001223699966897085,205.288,0.02,5.26
2007-04-19,103.12012481689453,102947700,-0.00027167493328694725,205.288,0.04,5.26
2007-04-20,104.09365844726562,124114100,0.009440772420512111,205.288,0.04,5.26
2007-04-23,103.70146179199219,77270800,-0.003767728612133703,205.288,0.04,5.26
2007-04-24,103.74346923828125,114471000,0.0004050805607092034,205.288,0.05,5.26
2007-04-25,104.696044921875,108418800,0.009182030354179194,205.288,0.03,5.26
2007-04-26,104.81510925292969,88741600,0.0011372380985694708,205.288,0.02,5.26
2007-04-27,104.73101043701172,108191100,-0.0008023539403563262,205.288,0.04,5.26
2007-04-30,103.86250305175781,100874100,-0.008292743301433592,205.288,0.03,5.26
2007-05-01,104.12869262695312,134342700,0.002562903525083149,206.755,0.01,5.25
2007-05-02,104.73802947998047,87129800,0.005851767055314205,206.755,0.0,5.25
2007-05-03,105.30533599853516,86569700,0.005416432993549103,206.755,-0.03,5.25
2007-05-04,105.70457458496094,96409000,0.0037912474485750636,206.755,-0.03,5.25
2007-05-07,105.72561645507812,63461400,0.0001990630036572405,206.755,-0.04,5.25
2007-05-08,105.58552551269531,80584000,-0.0013250425684898648,206.755,-0.05,5.25
2007-05-09,105.87268829345703,102070100,0.0027197173037434297,206.755,-0.06,5.25
2007-05-10,104.76603698730469,153617800,-0.010452660870241992,206.755,-0.05,5.25
2007-05-11,105.66258239746094,113408900,0.008557595915028138,206.755,-0.04,5.25
2007-05-14,105.43141174316406,108027500,-0.0021878194631596015,206.755,-0.04,5.25
2007-05-15,105.45946502685547,180673300,0.0002660808883006016,206.755,-0.04,5.25
2007-05-16,106.18087768554688,114166500,0.006840662983713219,206.755,-0.02,5.25
2007-05-17,105.97076416015625,101132800,-0.001978826413668089,206.755,-0.02,5.25
2007-05-18,106.89530944824219,99182000,0.00872453167072229,206.755,-0.01,5.25
2007-05-21,106.83929443359375,174664600,-0.000524017517116171,206.755,-0.02,5.25
2007-05-22,106.75520324707031,82148800,-0.0007870810732066857,206.755,0.0,5.25
2007-05-23,106.76914978027344,133786600,0.00013064031334231174,206.755,0.01,5.25
2007-05-24,105.80264282226562,187593000,-0.009052305464610777,206.755,0.01,5.25
2007-05-25,106.243896484375,83309200,0.004170535350904503,206.755,0.01,5.25
2007-05-29,106.629150390625,82020000,0.0036261274200033444,206.755,0.0,5.25
2007-05-30,107.49757385253906,129013600,0.008144334440747913,206.755,-0.01,5.25
2007-05-31,107.38565063476562,114866700,-0.0010411697098110517,206.755,-0.02,5.25
2007-06-01,107.91791534423828,107771700,0.004956572003115722,207.234,-0.02,5.25
2007-06-04,107.93187713623047,78008800,0.0001293741817347538,207.234,-0.04,5.25
2007-06-05,107.50463104248047,126917900,-0.003958479228622469,207.234,-0.01,5.25
2007-06-06,106.34896087646484,164096800,-0.01074995704658488,207.234,0.0,5.25
2007-06-07,104.4299087524414,232414600,-0.018044860130345897,207.234,0.08,5.25
2007-06-08,105.78861236572266,175886000,0.013010675097898883,207.234,0.11,5.25
2007-06-11,105.97076416015625,102015600,0.0017218469016673232,207.234,0.13,5.25
2007-06-12,104.81510925292969,233898000,-0.010905412604933162,207.234,0.18,5.25
2007-06-13,106.38398742675781,193208200,0.014968053604201836,207.234,0.12,5.25
2007-06-14,107.06339263916016,146396500,0.006386348442429801,207.234,0.13,5.25
2007-06-15,107.67252349853516,154030800,0.005689441034509191,207.234,0.11,5.25
2007-06-18,107.54593658447266,88537500,-0.001175665898312639,207.234,0.14,5.25
2007-06-19,107.81319427490234,110851700,0.002485056143611386,207.234,0.15,5.25
2007-06-20,106.31494903564453,177119700,-0.013896677946834468,207.234,0.17,5.25
2007-06-21,106.90579223632812,205262000,0.005557479978525848,207.234,0.18,5.25
2007-06-22,105.89995574951172,204964700,-0.009408624788008524,207.234,0.22,5.25
2007-06-25,105.3934326171875,232014400,-0.004783034409592268,207.234,0.22,5.25
2007-06-26,104.31015014648438,198445700,-0.01027846274480737,207.234,0.2,5.25
2007-06-27,105.79440307617188,213638000,0.014229228196902532,207.234,0.18,5.25
2007-06-28,105.7803726196289,157705000,-0.00013262002653269267,207.234,0.16,5.25
2007-06-29,105.81553649902344,199701800,0.00033242347822848295,207.234,0.16,5.25
2007-07-02,106.77217864990234,103357000,0.009040658702209825,207.234,0.14,5.25
2007-07-03,107.15910339355469,54048400,0.003623834865457143,207.234,0.16,5.25
2007-07-05,107.04649353027344,89279000,-0.0010508660460482044,207.234,0.17,5.25
2007-07-06,107.60919189453125,81109000,0.005256579133988026,207.234,0.2,5.25
2007-07-09,107.6936264038086,72348100,0.0007846403061932961,207.234,0.19,5.25
2007-07-10,106.16018676757812,180362600,-0.014238907978459836,207.234,0.18,5.25
2007-07-11,106.91283416748047,175607600,0.007089733193010872,207.234,0.2,5.25
2007-07-12,108.60106658935547,133882500,0.015790736771886138,207.234,0.19,5.25
2007-07-13,108.92462921142578,111794300,0.002979368732111798,207.234,0.17,5.25
2007-07-16,108.91055297851562,98378700,-0.00012922911018442562,207.234,0.16,5.25
2007-07-17,108.85427856445312,126201300,-0.0005167030422993379,207.234,0.17,5.25
2007-07-18,108.65736389160156,237887400,-0.001808975039368499,207.234,0.18,5.25
2007-07-19,109.07939147949219,145212700,0.0038840219638647255,207.234,0.17,5.25
2007-07-20,107.9749984741211,245502500,-0.010124671492861448,207.234,0.17,5.25
2007-07-23,108.30565643310547,121183900,0.00306235669050392,207.234,0.17,5.25
2007-07-24,106.42750549316406,256732400,-0.017341208223057514,207.234,0.17,5.25
2007-07-25,106.64554595947266,265214500,0.0020487228869852103,207.234,0.18,5.25
2007-07-26,104.12033081054688,467592500,-0.023678580537113247,207.234,0.23,5.25
2007-07-27,102.07334899902344,422987600,-0.019659770532692966,207.234,0.24,5.25
2007-07-30,103.67010498046875,283017500,0.01564322124338835,207.234,0.23,5.25
2007-07-31,102.50238800048828,316976700,-0.011263777346424697,207.234,0.22,5.25
2007-08-01,103.00183868408203,467670000,0.004872576076875079,207.667,0.2,5.02
2007-08-02,103.82489013671875,294758400,0.007990648158826552,207.667,0.18,5.02
2007-08-03,101.15182495117188,359398200,-0.025745899485440593,207.667,0.25,5.02
2007-08-06,102.84712982177734,324980000,0.01676000281185064,207.667,0.26,5.02
2007-08-07,103.94438934326172,232568700,0.010668839503696459,207.667,0.21,5.02
2007-08-08,105.3934326171875,274930600,0.013940562670877066,207.667,0.2,5.02
2007-08-09,102.2702865600586,357622100,-0.02963321318580514,207.667,0.3,5.02
2007-08-10,101.7919692993164,411018400,-0.004676991498027028,207.667,0.34,5.02
2007-08-13,102.15767669677734,181917200,0.003592694001091523,207.667,0.32,5.02
2007-08-14,100.59608459472656,264134500,-0.015286096478934974,207.667,0.34,5.02
2007-08-15,99.21044921875,323834000,-0.013774247591831212,207.667,0.42,5.02
2007-08-16,99.95600128173828,546743700,0.0075148542200873525,207.667,0.52,5.02
2007-08-17,101.7919692993164,388218100,0.018367761755527123,207.667,0.5,5.02
2007-08-20,101.74272155761719,187320400,-0.00048380773098521956,207.667,0.53,5.02
2007-08-21,101.94670867919922,157066400,0.002004930853618969,207.667,0.55,5.02
2007-08-22,103.15656280517578,173156700,0.011867515309235355,207.667,0.48,5.02
2007-08-23,103.06515502929688,203915300,-0.0008861072276278303,207.667,0.42,5.02
2007-08-24,104.33831787109375,128901900,0.012352990120035878,207.667,0.33,5.02
2007-08-27,103.36759185791016,113024300,-0.009303638710975726,207.667,0.32,5.02
2007-08-28,101.0955581665039,219790700,-0.02198013565537449,207.667,0.4,5.02
2007-08-29,103.07916259765625,207654200,0.019621083924235005,207.667,0.43,5.02
2007-08-30,102.80484008789062,191817300,-0.002661279960493812,207.667,0.43,5.02
2007-08-31,103.81781768798828,185477500,0.009853403781686199,207.667,0.39,5.02
2007-09-04,104.86589050292969,120062000,0.010095307706151857,207.667,0.43,5.02
2007-09-05,103.95848083496094,166261800,-0.00865304879991835,207.667,0.45,5.02
2007-09-06,104.1976547241211,127878400,0.0023006674129824045,207.667,0.43,5.02
2007-09-07,102.74862670898438,235447600,-0.013906531955764634,207.667,0.48,5.02
2007-09-10,102.55164337158203,192305900,-0.0019171383960221444,207.667,0.47,5.02
2007-09-11,103.74747467041016,162081900,0.01166077168061741,207.667,0.42,5.02
2007-09-12,104.01473236083984,149554600,0.0025760404412611404,207.667,0.46,5.02
2007-09-13,104.7463150024414,154079000,0.0070334521369876946,207.667,0.41,5.02
2007-09-14,104.73931121826172,121911000,-6.686425369262228e-05,207.667,0.42,5.02
2007-09-17,104.17654418945312,109870800,-0.005373025870256787,207.667,0.4,5.02
2007-09-18,107.24349975585938,263759500,0.02943998181422436,207.667,0.5,5.02
2007-09-19,107.87653350830078,193779900,0.005902770367271826,207.667,0.53,5.02
2007-09-20,107.1168212890625,175186800,-0.007042423356881655,207.667,0.59,5.02
2007-09-21,107.4059066772461,141457500,0.0026987860982494727,207.667,0.58,5.02
2007-09-24,107.20802307128906,139450200,-0.0018423903496450622,207.667,0.58,5.02
2007-09-25,106.99602508544922,142289900,-0.001977445155376789,207.667,0.63,5.02
2007-09-26,107.5614013671875,135547000,0.005284086780670272,207.667,0.66,5.02
2007-09-27,108.19747161865234,102713300,0.0059135548940409954,207.667,0.63,5.02
2007-09-28,107.83705139160156,133372100,-0.003331133543684861,207.667,0.62,5.02
2007-10-01,109.05265808105469,148162300,0.011272625445207574,209.19,0.54,4.76
2007-10-02,108.90428924560547,112978800,-0.001360524704853483,209.19,0.56,4.76
2007-10-03,108.68515014648438,119055900,-0.002012217339088296,209.19,0.53,4.76
2007-10-04,108.85477447509766,76864400,0.001560694615452718,209.19,0.54,4.76
2007-10-05,110.14812469482422,134579700,0.011881428499238122,209.19,0.57,4.76
2007-10-08,109.5615005493164,71280400,-0.005325775151716061,209.19,0.57,4.76
2007-10-09,110.59336853027344,94054300,0.009418162180907297,209.19,0.52,4.76
2007-10-10,110.40959930419922,101711100,-0.0016616658712580445,209.19,0.5,4.76
2007-10-11,109.87956237792969,233529100,-0.004800641697912278,209.19,0.53,4.76
2007-10-12,110.4874267578125,124546700,0.005532096840648704,209.19,0.47,4.76
2007-10-15,109.5544662475586,161151900,-0.00844404234609375,209.19,0.47,4.76
2007-10-16,108.68515014648438,166525700,-0.007935012883088066,209.19,0.54,4.76
2007-10-17,109.01734924316406,216687300,0.003056527006973342,209.19,0.57,4.76
2007-10-18,108.62158966064453,148367500,-0.0036302440415862947,209.19,0.59,4.76
2007-10-19,105.78040313720703,297169900,-0.026156738566558757,209.19,0.61,4.76
2007-10-22,106.39523315429688,261989800,0.005812324389540713,209.19,0.57,4.76
2007-10-23,107.2574691772461,180085100,0.008104085092785818,209.19,0.6,4.76
2007-10-24,107.0595703125,326694200,-0.001845082363626016,209.19,0.62,4.76
2007-10-25,107.31403350830078,237374500,0.002376837447208402,209.19,0.63,4.76
2007-10-26,108.57202911376953,176484000,0.01172256380961989,209.19,0.64,4.76
2007-10-29,108.93254089355469,106841000,0.003320484868228668,209.19,0.6,4.76
2007-10-30,108.17627716064453,132981600,-0.006942496032008916,209.19,0.58,4.76
2007-10-31,109.30001068115234,220954400,0.01038798477820646,209.19,0.54,4.76
2007-11-01,106.7415771484375,333040800,-0.02340744082979329,210.834,0.59,4.49
2007-11-02,106.86172485351562,331228200,0.0011255942462893298,210.834,0.65,4.49
2007-11-05,106.0489273071289,226841000,-0.0076060680051803775,210.834,0.66,4.49
2007-11-06,107.4765396118164,177800500,0.01346182692214315,210.834,0.68,4.49
2007-11-07,104.53648376464844,306639700,-0.027355326639533217,210.834,0.73,4.49
2007-11-08,104.00642395019531,374509900,-0.005070572448624633,210.834,0.81,4.49
2007-11-09,102.57878875732422,277745100,-0.013726413606478083,210.834,0.81,4.49
2007-11-12,101.56104278564453,243087800,-0.009921602545799435,210.834,0.81,4.49
2007-11-13,104.65663146972656,191117400,0.030480079754749978,210.834,0.72,4.49
2007-11-14,104.36683654785156,230558800,-0.002769006777738947,210.834,0.71,4.49
2007-11-15,102.86143493652344,263111100,-0.0144241376008164,210.834,0.82,4.49
2007-11-16,103.03812408447266,308770600,0.0017177394818403968,210.834,0.82,4.49
2007-11-19,101.6033935546875,267746000,-0.013924268735802436,210.834,0.89,4.49
2007-11-20,102.22540283203125,414767500,0.006121934077024216,210.834,0.92,4.49
2007-11-21,100.1334228515625,259012400,-0.02046438480566448,210.834,1.01,4.49
2007-11-23,101.86495208740234,77688400,0.017292220584596008,210.834,0.94,4.49
2007-11-26,99.61742401123047,214232000,-0.022063801436272623,210.834,0.91,4.49
2007-11-27,100.76239776611328,293897900,0.011493709722445011,210.834,0.9,4.49
2007-11-28,103.98523712158203,258596900,0.03198454410493001,210.834,0.86,4.49
2007-11-29,104.02055358886719,199409900,0.0003396296268849408,210.834,0.88,4.49
2007-11-30,105.0665283203125,222908000,0.0100554620731923,210.834,0.93,4.49
2007-12-03,104.37391662597656,146430400,-0.006592125060270404,210.834,0.99,4.49
2007-12-04,103.4410171508789,136533900,-0.008938051816534731,210.834,0.99,4.49
2007-12-05,105.17257690429688,171130000,0.01673958552526922,210.834,1.02,4.49
2007-12-06,106.67794036865234,154457400,0.01431326975781233,210.834,0.99,4.49
2007-12-07,106.65680694580078,148980100,-0.00019810490133698178,210.834,1.0,4.49
2007-12-10,107.48363494873047,123914300,0.007752229103856978,210.834,0.98,4.49
2007-12-11,104.53648376464844,250346400,-0.027419534010808433,210.834,1.04,4.49
2007-12-12,105.56835174560547,322435600,0.009870888552939716,210.834,0.98,4.49
2007-12-13,105.34925079345703,237551300,-0.0020754416311852264,210.834,0.97,4.49
2007-12-14,104.01348114013672,159152900,-0.012679441412821846,210.834,0.93,4.49
2007-12-17,102.52930450439453,177269400,-0.014269079541166074,210.834,0.96,4.49
2007-12-18,103.10174560546875,245569300,0.005583195007917707,210.834,0.95,4.49
2007-12-19,103.10174560546875,198917200,0.0,210.834,0.94,4.49
2007-12-20,103.75199127197266,214813800,0.006306834696981234,210.834,0.95,4.49
2007-12-21,105.24766540527344,146084400,0.014415859541240694,210.834,0.99,4.49
2007-12-24,106.02920532226562,45601400,0.007425722119181799,210.834,0.99,4.49
2007-12-26,106.25652313232422,67093100,0.002143916945974267,210.834,0.99,4.49
2007-12-27,104.92078399658203,122981700,-0.012570890674436619,210.834,0.97,4.49
2007-12-28,104.65785217285156,116398100,-0.002506003231342979,210.834,0.99,4.49
2007-12-31,103.88345336914062,108126800,-0.0073993378196979265,210.834,0.99,4.49
2008-01-02,102.97395324707031,204935600,-0.00875500469587287,210.834,1.03,4.49
2008-01-03,102.92424011230469,125133300,-0.0004827738782287039,210.834,1.08,4.49
2008-01-04,100.40193176269531,232330900,-0.02450645588305711,210.834,1.14,4.49
2008-01-07,100.31671142578125,234991000,-0.0008487918052760834,210.834,1.1,4.49
2008-01-08,98.69674682617188,326365700,-0.016148501845656082,210.834,1.1,4.49
2008-01-09,99.73406219482422,301824900,0.0105101272535284,210.834,1.13,4.49
2008-01-10,100.38768005371094,335701200,0.006553607107769421,210.834,1.2,4.49
2008-01-11,99.57770538330078,267076600,-0.008068466867416357,210.834,1.23,4.49
2008-01-14,100.3806381225586,170365500,0.008063378606356864,210.834,1.23,4.49
2008-01-15,98.17092895507812,239940100,-0.02201330066045759,210.834,1.19,4.49
2008-01-16,97.3254165649414,378802600,-0.008612655489117493,210.834,1.23,4.49
2008-01-17,94.80311584472656,397892600,-0.025916156429002357,210.834,1.22,4.49
2008-01-18,93.8297348022461,348561500,-0.010267395051389738,210.834,1.3,4.49
2008-01-22,92.87765502929688,435923700,-0.01014688760397553,210.834,1.44,4.49
2008-01-23,95.10863494873047,511913000,0.024020631428838923,210.834,1.42,4.49
2008-01-24,95.9115219116211,259949300,0.008441788312106846,210.834,1.43,4.49
2008-01-25,94.52601623535156,269603900,-0.014445664594356256,210.834,1.38,4.49
2008-01-28,96.0891342163086,217934600,0.016536378482989944,210.834,1.41,4.49
2008-01-29,96.56520080566406,168968300,0.004954426879149265,210.834,1.4,4.49
2008-01-30,95.85468292236328,334939200,-0.007357908204744357,210.834,1.48,4.49
2008-01-31,97.60250854492188,343680800,0.018234118243072528,210.834,1.5,4.49
2008-02-01,99.17274475097656,206843600,0.016088072217242066,212.687,1.53,2.98
2008-02-04,97.9222640991211,124694300,-0.01260911609329185,212.687,1.6,2.98
2008-02-05,95.30046844482422,286882500,-0.026774254848141443,212.687,1.68,2.98
2008-02-06,94.53317260742188,250792900,-0.008051333324206933,212.687,1.65,2.98
2008-02-07,95.15840911865234,297368100,0.006613937668493941,212.687,1.75,2.98
2008-02-08,94.54732513427734,221643500,-0.006421754945619584,212.687,1.71,2.98
2008-02-11,95.03047943115234,188576300,0.0051101847269483525,212.687,1.69,2.98
2008-02-12,95.9115219116211,256654400,0.009271156851387241,212.687,1.72,2.98
2008-02-13,96.89200592041016,181967800,0.010222796899131081,212.687,1.79,2.98
2008-02-14,96.03943634033203,215207200,-0.008799173595172016,212.687,1.92,2.98
2008-02-15,96.01809692382812,154110300,-0.00022219431222281205,212.687,1.85,2.98
2008-02-19,96.2880859375,145190000,0.002811855497261817,212.687,1.83,2.98
2008-02-20,96.5722885131836,220085700,0.0029515860962079365,212.687,1.79,2.98
2008-02-21,95.76942443847656,201051200,-0.00831360721660257,212.687,1.79,2.98
2008-02-22,96.35911560058594,205491000,0.006157405305157626,212.687,1.81,2.98
2008-02-25,97.5741195678711,190107000,0.012609123275076684,212.687,1.78,2.98
2008-02-26,98.30592346191406,212420700,0.007499979474925533,212.687,1.84,2.98
2008-02-27,98.20646667480469,168395800,-0.0010117069613603258,212.687,1.84,2.98
2008-02-28,97.24726867675781,170831100,-0.009767157199770837,212.687,1.84,2.98
2008-02-29,95.0802001953125,252715200,-0.02228410639118794,212.687,1.88,2.98
2008-03-03,94.85287475585938,189483500,-0.002390880950883134,212.687,1.93,2.98
2008-03-04,94.490478515625,282513100,-0.003820614200330197,212.687,1.98,2.98
2008-03-05,95.08733367919922,270681400,0.006316564091433996,212.687,2.04,2.98
2008-03-06,93.11921691894531,247911700,-0.02069799082697843,212.687,2.09,2.98
2008-03-07,92.16002655029297,326434600,-0.010300670478009533,212.687,2.03,2.98
2008-03-10,90.94505310058594,235683600,-0.013183301862917829,212.687,1.99,2.98
2008-03-11,94.21341705322266,341440600,0.03593778706162154,212.687,1.86,2.98
2008-03-12,93.3324203491211,229161100,-0.009351074737092624,212.687,1.86,2.98
2008-03-13,93.53842163085938,351504200,0.0022071781806118906,212.687,1.93,2.98
2008-03-14,92.08895874023438,484687800,-0.015495909224822801,212.687,1.97,2.98
2008-03-17,91.15821075439453,405311100,-0.010107052990633858,212.687,1.99,2.98
2008-03-18,94.94522857666016,334416600,0.04154335403169451,212.687,1.9,2.98
2008-03-19,92.59346008300781,345971600,-0.02476973860517373,212.687,1.84,2.98
2008-03-20,94.30854797363281,245320700,0.018522775680781978,212.687,1.75,2.98
2008-03-24,96.19357299804688,208977300,0.019987849085971288,212.687,1.72,2.98
2008-03-25,96.28636932373047,192947200,0.0009646832193817012,212.687,1.72,2.98
2008-03-26,95.10824584960938,196934300,-0.01223562049743565,212.687,1.8,2.98
2008-03-27,94.80834197998047,225153200,-0.0031532898851182045,212.687,1.83,2.98
2008-03-28,93.9015121459961,180896100,-0.009564873881834801,212.687,1.8,2.98
2008-03-31,94.22999572753906,166692100,0.0034981713716415452,212.687,1.83,2.98
2008-04-01,97.54307556152344,254547300,0.03515950317523053,213.942,1.77,2.28
2008-04-02,97.60730743408203,210910800,0.0006584975118821834,213.942,1.72,2.28
2008-04-03,97.85008239746094,175884800,0.0024872621708458276,213.942,1.7,2.28
2008-04-04,97.7430191040039,204446800,-0.0010941563955167988,213.942,1.67,2.28
2008-04-07,97.79299926757812,154245500,0.0005113425391642945,213.942,1.62,2.28
2008-04-08,97.69303894042969,148937300,-0.0010221624032097365,213.942,1.71,2.28
2008-04-09,96.98612213134766,195610600,-0.00723610214964332,213.942,1.72,2.28
2008-04-10,97.12179565429688,192967800,0.001398896254099835,213.942,1.71,2.28
2008-04-11,95.23678588867188,222973300,-0.019408720286995695,213.942,1.73,2.28
2008-04-14,94.91544342041016,160522000,-0.0033741423050265285,213.942,1.75,2.28
2008-04-15,95.13681030273438,172389200,0.0023322535758876217,213.942,1.76,2.28
2008-04-16,97.7144546508789,189268900,0.027094079987990183,213.942,1.74,2.28
2008-04-17,97.85726928710938,179665700,0.0014615507679056616,213.942,1.62,2.28
2008-04-18,98.87830352783203,218530600,0.010433913067070977,213.942,1.58,2.28
2008-04-21,98.92829895019531,118587400,0.0005056258105116118,213.942,1.55,2.28
2008-04-22,98.4927749633789,162166000,-0.00440242065655716,213.942,1.5,2.28
2008-04-23,98.33563232421875,193309000,-0.001595473771741962,213.942,1.55,2.28
2008-04-24,98.76403045654297,229381300,0.004356489323338764,213.942,1.46,2.28
2008-04-25,99.67802429199219,190788100,0.009254318917770288,213.942,1.47,2.28
2008-04-28,99.69947814941406,105610200,0.0002152315675822969,213.942,1.5,2.28
2008-04-29,99.30671691894531,125514100,-0.003939451216385947,213.942,1.5,2.28
2008-04-30,98.72119140625,208395900,-0.005896132012633393,213.942,1.48,2.28
2008-05-01,100.76331329345703,187279500,0.020685750021020688,215.208,1.41,1.98
2008-05-02,101.04182434082031,181585500,0.002764012399554261,215.208,1.42,1.98
2008-05-05,100.55624389648438,118504500,-0.004805737104449426,215.208,1.46,1.98
2008-05-06,101.42741394042969,179339800,0.008663510192784551,215.208,1.55,1.98
2008-05-07,99.6208724975586,199267300,-0.01781117523051623,215.208,1.56,1.98
2008-05-08,99.36381530761719,178321200,-0.002580354733870749,215.208,1.54,1.98
2008-05-09,99.17817687988281,152588200,-0.001868269924616528,215.208,1.52,1.98
2008-05-12,100.29207611083984,147865900,0.011231293677701926,215.208,1.48,1.98
2008-05-13,100.30635070800781,159132200,0.00014233025899468288,215.208,1.43,1.98
2008-05-14,100.5134506225586,181910800,0.0020646740020844323,215.208,1.39,1.98
2008-05-15,101.77010345458984,166927000,0.012502335003403253,215.208,1.38,1.98
2008-05-16,101.86292266845703,204236800,0.0009120479464639342,215.208,1.38,1.98
2008-05-19,102.14141845703125,165664400,0.0027340251121663606,215.208,1.41,1.98
2008-05-20,101.31312561035156,178552100,-0.008109274956154322,215.208,1.44,1.98
2008-05-21,99.5994644165039,252724800,-0.016914503264249925,215.208,1.4,1.98
2008-05-22,99.61372375488281,170820400,0.00014316681783821394,215.208,1.36,1.98
2008-05-23,98.27854919433594,181376400,-0.013403520220088394,215.208,1.39,1.98
2008-05-27,99.00682830810547,168322900,0.007410356784260497,215.208,1.38,1.98
2008-05-28,99.46379089355469,181288100,0.004615465349795622,215.208,1.41,1.98
2008-05-29,99.9636001586914,173927200,0.005025037359289941,215.208,1.41,1.98
2008-05-30,100.2135238647461,117362000,0.00250014711012736,215.208,1.4,1.98
2008-06-02,99.17817687988281,181069900,-0.010331409823095772,215.208,1.47,1.98
2008-06-03,98.59981536865234,271965700,-0.0058315400567499065,215.208,1.47,1.98
2008-06-04,98.54985809326172,246637700,-0.0005066670277610319,215.208,1.51,1.98
2008-06-05,100.52057647705078,237867100,0.019997171197589036,215.208,1.54,1.98
2008-06-06,97.31456756591797,384276300,-0.03189405615739538,215.208,1.54,1.98
2008-06-09,97.55021667480469,228263900,0.0024215193550245484,215.208,1.29,1.98
2008-06-10,97.06466674804688,260234900,-0.004977435656308704,215.208,1.2,1.98
2008-06-11,95.63663482666016,283890100,-0.014712170445024042,215.208,1.27,1.98
2008-06-12,96.00076293945312,252791800,0.003807412436175106,215.208,1.2,1.98
2008-06-13,97.21464538574219,244726900,0.012644508325987402,215.208,1.22,1.98
2008-06-16,97.271728515625,185832500,0.0005871865258193498,215.208,1.23,1.98
2008-06-17,96.80049896240234,191707700,-0.004844465708728096,215.208,1.29,1.98
2008-06-18,95.85794830322266,265893000,-0.009737043396292555,215.208,1.27,1.98
2008-06-19,95.97930908203125,304204900,0.0012660481572659421,215.208,1.23,1.98
2008-06-20,94.42144775390625,289275700,-0.016231220489340337,215.208,1.28,1.98
2008-06-23,94.328125,165096400,-0.0009883639377091802,215.208,1.21,1.98
2008-06-24,94.1416015625,267300600,-0.0019773894318370067,215.208,1.23,1.98
2008-06-25,94.58650207519531,287853900,0.004725865136253837,215.208,1.3,1.98
2008-06-26,92.01752471923828,297775000,-0.027160084151486186,215.208,1.39,1.98
2008-06-27,91.51520538330078,303423400,-0.005458952927392513,215.208,1.34,1.98
2008-06-30,91.83808898925781,258842600,0.0035281962664528432,215.208,1.36,1.98
2008-07-01,92.12513732910156,388622000,0.003125591385915394,219.016,1.38,2.01
2008-07-02,90.54643249511719,288064600,-0.017136526248473505,219.016,1.39,2.01
2008-07-03,90.63970184326172,239352500,0.0010300720367923955,219.016,1.45,2.01
2008-07-07,89.71400451660156,372427300,-0.010212934374617788,219.016,1.48,2.01
2008-07-08,91.30707550048828,375973700,0.01775721630608884,219.016,1.44,2.01
2008-07-09,89.54896545410156,336729400,-0.019254915752693447,219.016,1.44,2.01
2008-07-10,89.9149169921875,436475700,0.004086608217417131,219.016,1.39,2.01
2008-07-11,88.86723327636719,481124600,-0.011651945537705877,219.016,1.37,2.01
2008-07-14,88.06352233886719,322720800,-0.009043951385327209,219.016,1.43,2.01
2008-07-15,86.82209014892578,502502500,-0.014097008125162125,219.016,1.48,2.01
2008-07-16,88.95336151123047,371642900,0.024547570308995237,219.016,1.53,2.01
2008-07-17,89.84320068359375,375490600,0.010003435027589491,219.016,1.49,2.01
2008-07-18,90.40292358398438,267030100,0.00622999733014673,219.016,1.45,2.01
2008-07-21,90.453125,222863000,0.0005553074394655244,219.016,1.43,2.01
2008-07-22,91.47931671142578,296904200,0.011345011147218864,219.016,1.4,2.01
2008-07-23,91.97444915771484,311698400,0.005412507046275605,219.016,1.35,2.01
2008-07-24,90.06562042236328,248634500,-0.02075390233735852,219.016,1.42,2.01
2008-07-25,90.04409790039062,219131000,-0.00023896489994434944,219.016,1.43,2.01
2008-07-28,88.7237319946289,205201300,-0.014663547490056938,219.016,1.47,2.01
2008-07-29,90.61815643310547,261505600,0.02135194717227673,219.016,1.44,2.01
2008-07-30,92.23278045654297,354710000,0.017817886469908784,219.016,1.43,2.01
2008-07-31,91.01284790039062,277402100,-0.013226670063656298,219.016,1.47,2.01
2008-08-01,90.53205108642578,248690900,-0.005282735625315782,218.69,1.46,2.0
2008-08-04,89.69247436523438,188239600,-0.009273806470925017,218.69,1.45,2.0
2008-08-05,92.1107406616211,251577600,0.02696175251604016,218.69,1.5,2.0
2008-08-06,92.51981353759766,209555400,0.004441098541149824,218.69,1.5,2.0
2008-08-07,91.14203643798828,246312500,-0.014891697755632483,218.69,1.49,2.0
2008-08-08,92.8355712890625,260811700,0.018581270698581287,218.69,1.43,2.0
2008-08-11,93.79716491699219,249425800,0.01035802995099333,218.69,1.43,2.0
2008-08-12,92.82118225097656,213200800,-0.010405246969664161,218.69,1.46,2.0
2008-08-13,92.26148223876953,256393200,-0.006029873770554639,218.69,1.44,2.0
2008-08-14,92.95755767822266,239555300,0.007544594153080064,218.69,1.44,2.0
2008-08-15,93.4096450805664,181000800,0.004863374357453321,218.69,1.44,2.0
2008-08-18,92.13230895996094,172275100,-0.013674563472581003,218.69,1.47,2.0
2008-08-19,91.12767791748047,194673700,-0.010904220830035505,218.69,1.51,2.0
2008-08-20,91.55107879638672,225498200,0.004646237988085833,218.69,1.54,2.0
2008-08-21,91.7089614868164,180609800,0.0017245311852722711,218.69,1.51,2.0
2008-08-22,93.03649139404297,167715300,0.014475465491094797,218.69,1.45,2.0
2008-08-25,91.14922332763672,171936900,-0.020285245478712133,218.69,1.46,2.0
2008-08-26,91.41473388671875,159117200,0.0029129217933943075,218.69,1.44,2.0
2008-08-27,92.30453491210938,171032800,0.00973367188809271,218.69,1.46,2.0
2008-08-28,93.42398834228516,167537100,0.012127826994000834,218.69,1.42,2.0
2008-08-29,92.4193344116211,189195800,-0.010753704144841558,218.69,1.47,2.0
2008-09-02,91.84526062011719,252364900,-0.006211620059359824,218.69,1.48,2.0
2008-09-03,91.76634216308594,251947000,-0.0008592545385402994,218.69,1.45,2.0
2008-09-04,89.00360870361328,340042500,-0.03010617394515691,218.69,1.44,2.0
2008-09-05,89.2834243774414,289503400,0.003143868859968757,218.69,1.43,2.0
2008-09-08,91.12767791748047,364075300,0.020656169416649606,218.69,1.36,2.0
2008-09-09,88.42233276367188,377326800,-0.029687414577362348,218.69,1.39,2.0
2008-09-10,88.7811508178711,298916600,0.004058002576772468,218.69,1.43,2.0
2008-09-11,90.06562042236328,375369400,0.014467818818064249,218.69,1.46,2.0
2008-09-12,90.4818344116211,297851200,0.004621230468473625,218.69,1.51,2.0
2008-09-15,86.17623901367188,483607000,-0.04758519128118188,218.69,1.69,2.0
2008-09-16,87.6186294555664,581744300,0.01673768150482524,218.69,1.59,2.0
2008-09-17,83.67900848388672,624095600,-0.04496328002571148,218.69,1.77,2.0
2008-09-18,86.16187286376953,776114700,0.029671293014435163,218.69,1.76,2.0
2008-09-19,89.583740234375,501087800,0.03971440333029652,218.69,1.62,2.0
2008-09-22,87.55560302734375,249966500,-0.022639568315914294,218.69,1.7,2.0
2008-09-23,85.56356811523438,327470400,-0.02275165544216806,218.69,1.74,2.0
2008-09-24,85.83784484863281,311818400,0.0032055317402033268,218.69,1.77,2.0
2008-09-25,87.18030548095703,328253000,0.015639496013576837,218.69,1.72,2.0
2008-09-26,87.22357177734375,285917400,0.0004962852119871908,218.69,1.74,2.0
2008-09-29,80.38864135742188,459562300,-0.07836104714181447,218.69,1.91,2.0
2008-09-30,83.71587371826172,328154400,0.041389334421593205,218.69,1.85,2.0
2008-10-01,83.76642608642578,332783000,0.0006038564243406874,216.995,1.95,0.97
2008-10-02,80.72785949707031,365337800,-0.03627427755149104,216.995,2.04,0.97
2008-10-03,79.63798522949219,461798000,-0.013500596626344064,216.995,2.03,0.97
2008-10-06,75.58177185058594,610637500,-0.050933149140042766,216.995,2.05,0.97
2008-10-07,72.1967544555664,540012100,-0.04478616089751397,216.995,2.03,0.97
2008-10-08,70.37796020507812,725414800,-0.025192188543706084,216.995,2.07,0.97
2008-10-09,65.46280670166016,534485200,-0.0698393856414059,216.995,2.19,0.97
2008-10-10,63.87495040893555,871026300,-0.0242558541671013,216.995,2.27,0.97
2008-10-13,73.14944458007812,455584000,0.14519767313737364,216.995,2.27,0.97
2008-10-14,72.06683349609375,546268300,-0.014799990487955328,216.995,2.26,0.97
2008-10-15,64.97199249267578,484627500,-0.09844807464452465,216.995,2.4,0.97
2008-10-16,67.67857360839844,708811200,0.04165765912177877,216.995,2.38,0.97
2008-10-17,67.27439880371094,476649000,-0.005971975813588104,216.995,2.34,0.97
2008-10-20,71.31621551513672,321294200,0.060079566421971986,216.995,2.2,0.97
2008-10-21,69.18706512451172,356502000,-0.02985506697523921,216.995,2.18,0.97
2008-10-22,65.41950988769531,516168000,-0.054454618504718555,216.995,2.12,0.97
2008-10-23,66.1773681640625,634666400,0.011584591166583058,216.995,2.09,0.97
2008-10-24,62.82121276855469,545812600,-0.05071454922757668,216.995,2.19,0.97
2008-10-27,60.59097671508789,397288600,-0.03550132121268357,216.995,2.2,0.97
2008-10-28,67.6713638305664,639939500,0.11685547088590531,216.995,2.24,0.97
2008-10-29,67.1805419921875,531270100,-0.007253021227824119,216.995,2.35,0.97
2008-10-30,69.50460815429688,414582100,0.03459433480574847,216.995,2.41,0.97
2008-10-31,69.88713073730469,411394000,0.005503557147730875,216.995,2.45,0.97
2008-11-03,70.0892333984375,205419400,0.002891843734327715,216.995,2.51,0.97
2008-11-04,72.47102355957031,346793400,0.033982254415496405,216.995,2.42,0.97
2008-11-05,69.42523956298828,387844100,-0.04202761113313702,216.995,2.37,0.97
2008-11-06,65.57828521728516,477721900,-0.05541146663545682,216.995,2.47,0.97
2008-11-07,67.7435302734375,380391000,0.03301771385113361,216.995,2.5,0.97
2008-11-10,66.85577392578125,301773000,-0.013104666144101773,216.995,2.55,0.97
2008-11-11,64.79155731201172,418498200,-0.03087566701510458,216.995,2.55,0.97
2008-11-12,61.94065856933594,454330600,-0.04400108379779988,216.995,2.56,0.97
2008-11-13,65.80204010009766,753141900,0.06234001413529233,216.995,2.6,0.97
2008-11-14,62.51804733276367,540352300,-0.04990715732123796,216.995,2.5,0.97
2008-11-17,61.68805694580078,415254900,-0.013276012645518476,216.995,2.46,0.97
2008-11-18,62.85009002685547,523811800,0.01883724562885236,216.995,2.38,0.97
2008-11-19,58.82268524169922,558327600,-0.06407953884290962,216.995,2.29,0.97
2008-11-20,54.45610046386719,814180400,-0.0742330065329383,216.995,2.1,0.97
2008-11-21,57.393619537353516,718536500,0.05394288332186825,216.995,2.11,0.97
2008-11-24,61.37047576904297,523305300,0.06929091184258196,216.995,2.04,0.97
2008-11-25,61.82516860961914,454112400,0.007408983470933661,216.995,1.96,0.97
2008-11-26,64.21419525146484,370134200,0.03864165186399515,216.995,1.9,0.97
2008-11-28,65.02253723144531,118308100,0.012588213195150688,216.995,1.93,0.97
2008-12-01,59.26296615600586,369927100,-0.08857807339843526,211.398,1.82,0.16
2008-12-02,61.543670654296875,469508400,0.03848448105495117,211.398,1.78,0.16
2008-12-03,63.02330017089844,519863500,0.024041944539072713,211.398,1.8,0.16
2008-12-04,61.56535339355469,444173800,-0.023133456569082833,211.398,1.73,0.16
2008-12-05,63.46357727050781,471905300,0.030832664352932193,211.398,1.74,0.16
2008-12-08,65.67935180664062,412859300,0.034914113440033034,211.398,1.8,0.16
2008-12-09,64.5966796875,370790000,-0.01648420834493014,211.398,1.83,0.16
2008-12-10,65.03697204589844,396187400,0.006816021512691339,211.398,1.83,0.16
2008-12-11,63.470787048339844,365061000,-0.02408145625926883,211.398,1.85,0.16
2008-12-12,64.22860717773438,415060400,0.011939668068356779,211.398,1.82,0.16
2008-12-15,63.33363342285156,256694200,-0.013934192164656856,211.398,1.78,0.16
2008-12-16,66.31446838378906,377699500,0.047065592163894054,211.398,1.72,0.16
2008-12-17,65.67211151123047,281819800,-0.009686526759756453,211.398,1.47,0.16
2008-12-18,64.44514465332031,374673300,-0.01868322533988165,211.398,1.4,0.16
2008-12-19,64.16792297363281,301451300,-0.004301668980321138,211.398,1.39,0.16
2008-12-22,63.3457145690918,243759500,-0.012813386602506527,211.398,1.29,0.16
2008-12-23,62.69086456298828,221625200,-0.010337715985337281,211.398,1.28,0.16
2008-12-24,63.0546875,62061600,0.005803444242600486,211.398,1.3,0.16
2008-12-26,63.418495178222656,74767700,0.005769716616590204,211.398,1.27,0.16
2008-12-29,63.236576080322266,127795900,-0.0028685495830380603,211.398,1.35,0.16
2008-12-30,64.73548126220703,168256300,0.023703136298538263,211.398,1.36,0.16
2008-12-31,65.6595230102539,193987200,0.014274115678604371,211.398,1.49,0.16
2009-01-02,67.63861846923828,227566300,0.030141788551758086,211.398,1.58,0.16
2009-01-05,67.55857849121094,240349700,-0.0011833473219703405,211.398,1.71,0.16
2009-01-06,68.00971221923828,328260900,0.006677667560545775,211.398,1.71,0.16
2009-01-07,65.9723892211914,280899200,-0.029956353755465015,211.398,1.7,0.16
2009-01-08,66.24161529541016,263834400,0.0040808901632483074,211.398,1.64,0.16
2009-01-09,64.82276153564453,330953600,-0.021419371394222897,211.398,1.68,0.16
2009-01-12,63.26569747924805,277858500,-0.024020328963311632,211.398,1.6,0.16
2009-01-13,63.3820915222168,356432300,0.0018397654274961983,211.398,1.57,0.16
2009-01-14,61.3884391784668,435491600,-0.03145450545839401,211.398,1.51,0.16
2009-01-15,61.4102783203125,532647300,0.0003557533330047491,211.398,1.5,0.16
2009-01-16,61.89052200317383,399237200,0.00782024924812097,211.398,1.63,0.16
2009-01-20,58.6235466003418,419855200,-0.052786360448931036,211.398,1.67,0.16
2009-01-21,61.1556282043457,364360700,0.043192228223004614,211.398,1.78,0.16
2009-01-22,60.209720611572266,427940300,-0.01546722060662642,211.398,1.87,0.16
2009-01-23,60.47163772583008,386800600,0.004350080212919494,211.398,1.82,0.16
2009-01-26,60.88640213012695,317978800,0.006858825391456325,211.398,1.85,0.16
2009-01-27,61.5048828125,273789700,0.010157944314910017,211.398,1.72,0.16
2009-01-28,63.5858268737793,330007000,0.0338338025555327,211.398,1.82,0.16
2009-01-29,61.51945495605469,294392500,-0.03249736646228485,211.398,1.92,0.16
2009-01-30,60.26795196533203,383383600,-0.02034320674031731,211.398,1.93,0.16
2009-02-02,60.08600616455078,288233300,-0.003018947796432636,211.398,1.87,0.16
2009-02-03,60.93006134033203,278385800,0.014047450141214668,211.398,1.93,0.16
2009-02-04,60.631744384765625,322989300,-0.004896055395383958,211.398,1.97,0.16
2009-02-05,61.53398895263672,417679400,0.014880729179511887,211.398,1.97,0.16
2009-02-06,63.287498474121094,366101700,0.028496600843382236,211.398,2.06,0.16
2009-02-09,63.374839782714844,240075200,0.0013800720631969021,211.398,2.02,0.16
2009-02-10,60.47163772583008,536212800,-0.045810010200240336,211.398,1.98,0.16
2009-02-11,60.82819747924805,324442500,0.0058963138229291,211.398,1.85,0.16
2009-02-12,60.8718376159668,469302200,0.0007174326796981489,211.398,1.86,0.16
2009-02-13,60.21699523925781,293998400,-0.010757723150076504,211.398,1.92,0.16
2009-02-17,57.641265869140625,478910100,-0.042774126471823215,211.398,1.77,0.16
2009-02-18,57.50300598144531,362964800,-0.0023986268450314485,211.398,1.77,0.16
2009-02-19,56.884544372558594,316867500,-0.010755291803115075,211.398,1.84,0.16
2009-02-20,56.3315544128418,477176600,-0.0097212690339058,211.398,1.82,0.16
2009-02-23,54.316097259521484,379641400,-0.03577847574646109,211.398,1.82,0.16
2009-02-24,56.37521743774414,426260900,0.0379099434995156,211.398,1.77,0.16
2009-02-25,55.93136215209961,461985800,-0.007873234123392692,211.398,1.86,0.16
2009-02-26,55.02186584472656,363353900,-0.0162609361255992,211.398,1.9,0.16
2009-02-27,53.79222106933594,470510900,-0.02234829292886431,211.398,2.02,0.16
2009-03-02,51.36925506591797,426452600,-0.04504305558037591,211.398,2.02,0.16
2009-03-03,50.98360824584961,443761000,-0.007507346944655713,211.398,2.02,0.16
2009-03-04,52.19145584106445,462753100,0.023690900600648934,211.398,2.04,0.16
2009-03-05,50.0595588684082,485549400,-0.040847624161862606,211.398,1.93,0.16
2009-03-06,50.146873474121094,490470000,0.001744214445485115,211.398,1.92,0.16
2009-03-09,49.55750274658203,379905300,-0.011752890792747328,211.398,1.93,0.16
2009-03-10,52.51161193847656,406227900,0.05960972664423192,211.398,1.98,0.16
2009-03-11,52.853572845458984,356648300,0.006512100740367011,211.398,1.92,0.16
2009-03-12,54.934539794921875,409702700,0.039372304225251176,211.398,1.86,0.16
2009-03-13,55.36382293701172,337474700,0.007814448681875197,211.398,1.91,0.16
2009-03-16,55.196502685546875,360644900,-0.0030221946857825754,211.398,1.97,0.16
2009-03-17,56.884544372558594,356814300,0.030582402958181154,211.398,1.97,0.16
2009-03-18,58.157833099365234,473273200,0.022383737812284865,211.398,1.69,0.16
2009-03-19,57.43752670288086,428520400,-0.012385371979965254,211.398,1.74,0.16
2009-03-20,56.214454650878906,371078200,-0.021293954009001692,211.398,1.76,0.16
2009-03-23,60.252281188964844,419933300,0.07182897287117607,211.398,1.75,0.16
2009-03-24,59.06511688232422,330271000,-0.019703225889778464,211.398,1.75,0.16
2009-03-25,59.68800354003906,441775100,0.010545761874234838,211.398,1.85,0.16
2009-03-26,60.90448760986328,422025200,0.020380713002206452,211.398,1.86,0.16
2009-03-27,59.80529022216797,322332300,-0.018047888272806012,211.398,1.88,0.16
2009-03-30,57.73870849609375,324108500,-0.03455516591253327,211.398,1.89,0.16
2009-03-31,58.27366256713867,364238300,0.009265085502927706,211.398,1.9,0.16
2009-04-01,59.4022216796875,377018300,0.019366538206665673,212.709,1.85,0.15
2009-04-02,61.13898468017578,476230700,0.029237340816196555,212.709,1.89,0.15
2009-04-03,61.7472038269043,284646300,0.009948139471241957,212.709,1.95,0.15
2009-04-06,61.263572692871094,264866600,-0.007832437811904236,212.709,2.01,0.15
2009-04-07,59.83457565307617,258947800,-0.023325395124421222,212.709,2.02,0.15
2009-04-08,60.479454040527344,230402800,0.010777687990806584,212.709,1.93,0.15
2009-04-09,62.88308334350586,269653500,0.03974290676248238,212.709,2.0,0.15
2009-04-13,62.897743225097656,224847500,0.00023312917898299368,212.709,1.99,0.15
2009-04-14,61.81315994262695,276598800,-0.017243596142856976,212.709,1.94,0.15
2009-04-15,62.47273635864258,250726100,0.010670485324287382,212.709,1.96,0.15
2009-04-16,63.38874435424805,335202900,0.01466252399041501,212.709,1.95,0.15
2009-04-17,63.81381607055664,262649000,0.006705791708589093,212.709,1.99,0.15
2009-04-20,61.13898468017578,293690100,-0.0419161798351535,212.709,1.95,0.15
2009-04-21,62.33348846435547,114090900,0.01953751424607808,212.709,1.98,0.15
2009-04-22,61.95240020751953,340395200,-0.006113700134942057,212.709,1.98,0.15
2009-04-23,62.56068420410156,324903700,0.00981857029823674,212.709,1.99,0.15
2009-04-24,63.50599670410156,287703000,0.015110328667697459,212.709,2.04,0.15
2009-04-27,62.90508270263672,289581600,-0.009462319035235867,212.709,2.05,0.15
2009-04-28,62.707218170166016,247926300,-0.0031454458681191566,212.709,2.1,0.15
2009-04-29,64.04096984863281,311505700,0.021269507999022608,212.709,2.18,0.15
2009-04-30,64.06293487548828,301419800,0.00034298398208809644,212.709,2.25,0.15
2009-05-01,64.40735626220703,236110300,0.005376297345542458,213.022,2.29,0.18
2009-05-04,66.59847259521484,287120000,0.034019659557017246,213.022,2.25,0.18
2009-05-05,66.37129974365234,243036300,-0.003411082006989141,213.022,2.22,0.18
2009-05-06,67.5218276977539,291941000,0.01733472085894472,213.022,2.22,0.18
2009-05-07,66.58382415771484,317728000,-0.013891856485843679,213.022,2.29,0.18
2009-05-08,68.13739776611328,299081700,0.02333259809046928,213.022,2.29,0.18
2009-05-11,66.86228942871094,247923600,-0.018713780966206683,213.022,2.25,0.18
2009-05-12,66.66443634033203,282431300,-0.0029591132769968276,213.022,2.27,0.18
2009-05-13,64.98631286621094,269619100,-0.025172694261660244,213.022,2.22,0.18
2009-05-14,65.5431900024414,260098700,0.008569144973294973,213.022,2.23,0.18
2009-05-15,65.00826263427734,271502700,-0.008161448476098565,213.022,2.26,0.18
2009-05-18,66.85493469238281,241447400,0.028406728364584355,213.022,2.29,0.18
2009-05-19,66.77438354492188,206102200,-0.001204864649581583,213.022,2.34,0.18
2009-05-20,66.32736206054688,285722200,-0.006694505596959499,213.022,2.32,0.18
2009-05-21,65.37468719482422,258988400,-0.014363225614988373,213.022,2.46,0.18
2009-05-22,65.23540496826172,166811900,-0.002130522263876,213.022,2.53,0.18
2009-05-26,66.90628051757812,236318500,0.025613017197169574,213.022,2.54,0.18
2009-05-27,65.71176147460938,246015800,-0.017853616039153697,213.022,2.75,0.18
2009-05-28,66.62779235839844,289095000,0.013940135878765192,213.022,2.7,0.18
2009-05-29,67.80758666992188,258641500,0.017707240023460358,213.022,2.55,0.18
2009-06-01,69.44915008544922,276246800,0.02420914083726733,214.79,2.74,0.21
2009-06-02,69.50775909423828,230874500,0.0008439125420103277,214.79,2.69,0.21
2009-06-03,68.62840270996094,235310500,-0.01265119744523946,214.79,2.65,0.21
2009-06-04,69.27326965332031,210102300,0.00939650229198441,214.79,2.76,0.21
2009-06-05,69.28793334960938,284257900,0.00021167899772089882,214.79,2.52,0.21
2009-06-08,69.00211334228516,238565100,-0.004125105101375204,214.79,2.49,0.21
2009-06-09,69.35387420654297,225125500,0.0050978274029507276,214.79,2.53,0.21
2009-06-10,69.17798614501953,296100400,-0.0025360956909145083,214.79,2.6,0.21
2009-06-11,69.48578643798828,275414200,0.004449396551144291,214.79,2.53,0.21
2009-06-12,69.67631530761719,184361800,0.002741983352220423,214.79,2.51,0.21
2009-06-15,68.07879638671875,224190500,-0.022927718175760003,214.79,2.5,0.21
2009-06-16,67.15543365478516,227319000,-0.013563147131574915,214.79,2.44,0.21
2009-06-17,67.08948516845703,223445200,-0.0009820275551660762,214.79,2.49,0.21
2009-06-18,67.58047485351562,211725100,0.007318429763259582,214.79,2.58,0.21
2009-06-19,67.82957458496094,215655600,0.0036859719021691273,214.79,2.54,0.21
2009-06-22,65.79556274414062,251913600,-0.029987094173391626,214.79,2.55,0.21
2009-06-23,65.84711456298828,188309800,0.0007835151292516773,214.79,2.51,0.21
2009-06-24,66.41462707519531,211577700,0.008618639039439824,214.79,2.53,0.21
2009-06-25,67.85902404785156,279411000,0.021748175609280995,214.79,2.43,0.21
2009-06-26,67.68216705322266,167579000,-0.0026062413527225825,214.79,2.42,0.21
2009-06-29,68.3159408569336,168481300,0.009363970323417181,214.79,2.4,0.21
2009-06-30,67.76321411132812,228888200,-0.00809074337075999,214.79,2.42,0.21
2009-07-01,68.04325866699219,173041100,0.00413269292693208,214.726,2.5,0.16
2009-07-02,66.18611907958984,212309900,-0.02729351332938501,214.726,2.53,0.16
2009-07-06,66.17876434326172,174499600,-0.00011112203631824524,214.726,2.56,0.16
2009-07-07,64.89647674560547,197088900,-0.019376118765306205,214.726,2.49,0.16
2009-07-08,64.85226440429688,248050500,-0.0006812749092975912,214.726,2.42,0.16
2009-07-09,64.9775161743164,163777600,0.0019313399643026141,214.726,2.5,0.16
2009-07-10,64.82275390625,173520300,-0.0023817818405249547,214.726,2.41,0.16
2009-07-13,66.3998794555664,217413500,0.024329814058769106,214.726,2.46,0.16
2009-07-14,66.77571105957031,181487400,0.005660124793681387,214.726,2.53,0.16
2009-07-15,68.7286376953125,220877900,0.029246062748773838,214.726,2.6,0.16
2009-07-16,68.61809539794922,231174500,-0.0016083877270103297,214.726,2.59,0.16
2009-07-17,69.36979675292969,138561700,0.010954856013140502,214.726,2.65,0.16
2009-07-20,70.10675811767578,164179400,0.010623663312304243,214.726,2.62,0.16
2009-07-21,70.43101501464844,217718300,0.004625187438112466,214.726,2.54,0.16
2009-07-22,70.4162826538086,196068100,-0.00020917433657285933,214.726,2.6,0.16
2009-07-23,71.97122192382812,258795500,0.02208209822242635,214.726,2.64,0.16
2009-07-24,72.26605224609375,154003100,0.004096502940823532,214.726,2.65,0.16
2009-07-27,72.47977447509766,159259400,0.0029574360624557983,214.726,2.67,0.16
2009-07-28,72.14075469970703,186685200,-0.00467743971122736,214.726,2.6,0.16
2009-07-29,71.9638671875,194399300,-0.0024519775672342536,214.726,2.52,0.16
2009-07-30,72.71558380126953,225575400,0.01044575066833131,214.726,2.48,0.16
2009-07-31,72.81875610351562,207358000,0.0014188471968823446,214.726,2.39,0.16
2009-08-03,74.01998901367188,175776900,0.016496202001152538,214.726,2.48,0.16
2009-08-04,74.21160888671875,176714600,0.0025887584637642735,214.726,2.5,0.16
2009-08-05,73.99790954589844,184726400,-0.002879594500457716,214.726,2.57,0.16
2009-08-06,73.61466217041016,193203800,-0.005179164895875443,214.726,2.57,0.16
2009-08-07,74.580078125,220640900,0.013114452014396427,214.726,2.57,0.16
2009-08-10,74.42532348632812,130898700,-0.002075013094146927,214.726,2.56,0.16
2009-08-11,73.49675750732422,157301000,-0.012476478912106903,214.726,2.5,0.16
2009-08-12,74.2853012084961,219052400,0.01072895904412241,214.726,2.54,0.16
2009-08-13,74.85275268554688,176449500,0.00763881236017494,214.726,2.47,0.16
2009-08-14,74.27791595458984,199616100,-0.007679567021027234,214.726,2.48,0.16
2009-08-17,72.45027160644531,237667500,-0.024605487709992713,214.726,2.44,0.16
2009-08-18,73.02509307861328,173461500,0.0079340140405606,214.726,2.45,0.16
2009-08-19,73.66627502441406,192812800,0.008780296179979219,214.726,2.44,0.16
2009-08-20,74.42532348632812,174131300,0.01030388005450944,214.726,2.39,0.16
2009-08-21,75.88446807861328,224605000,0.01960548539037532,214.726,2.43,0.16
2009-08-24,75.87710571289062,191279000,-9.702071990580485e-05,214.726,2.43,0.16
2009-08-25,76.0245132446289,215310600,0.0019427142133761066,214.726,2.4,0.16
2009-08-26,76.0318832397461,194620700,9.694235191570755e-05,214.726,2.38,0.16
2009-08-27,76.20137786865234,196230100,0.0022292572758166873,214.726,2.43,0.16
2009-08-28,76.18665313720703,147024400,-0.0001932344513598805,214.726,2.45,0.16
2009-08-31,75.50863647460938,176051600,-0.0088994152476628,214.726,2.43,0.16
2009-09-01,73.84315490722656,321276800,-0.022056835418327925,215.861,2.46,0.15
2009-09-02,73.56307983398438,171805000,-0.003792837313005726,215.861,2.4,0.15
2009-09-03,74.1747817993164,143572300,0.008315339253230025,215.861,2.42,0.15
2009-09-04,75.21385955810547,142687900,0.014008504421358925,215.861,2.51,0.15
2009-09-08,75.86241149902344,132909100,0.008622771716919164,215.861,2.54,0.15
2009-09-09,76.44458770751953,154612500,0.007674106279940585,215.861,2.55,0.15
2009-09-10,77.22577667236328,162902400,0.010219022539994738,215.861,2.46,0.15
2009-09-11,77.21102905273438,152360100,-0.00019096757927694608,215.861,2.44,0.15
2009-09-14,77.58685302734375,149593800,0.004867490813426301,215.861,2.48,0.15
2009-09-15,77.91110229492188,196795900,0.004179177978308468,215.861,2.51,0.15
2009-09-16,79.09024810791016,206406300,0.015134503020183043,215.861,2.47,0.15
2009-09-17,78.97234344482422,229170900,-0.0014907610724026465,215.861,2.44,0.15
2009-09-18,79.02272033691406,153799100,0.0006379054982081911,215.861,2.46,0.15
2009-09-21,78.8227767944336,151892000,-0.002530203233044981,215.861,2.47,0.15
2009-09-22,79.28185272216797,143126700,0.005824153200433724,215.861,2.44,0.15
2009-09-23,78.62287139892578,225947400,-0.008311880974218533,215.861,2.48,0.15
2009-09-24,77.75652313232422,228636800,-0.011019036206472044,215.861,2.47,0.15
2009-09-25,77.34184265136719,204059000,-0.0053330635714168295,215.861,2.36,0.15
2009-09-28,78.72652435302734,118285800,0.017903396844342945,215.861,2.33,0.15
2009-09-29,78.48954010009766,133733900,-0.003010221204063246,215.861,2.31,0.15
2009-09-30,78.18597412109375,254383000,-0.0038675978814090017,215.861,2.36,0.15
2009-10-01,76.24592590332031,281840600,-0.02481325122033662,216.509,2.34,0.12
2009-10-02,75.89051818847656,224748800,-0.004661333843521076,216.509,2.36,0.12
2009-10-05,77.02347564697266,149875000,0.014928840723980263,216.509,2.36,0.12
2009-10-06,78.12672424316406,202491100,0.01432353690773458,216.509,2.36,0.12
2009-10-07,78.34147644042969,159200300,0.0027487674588431155,216.509,2.34,0.12
2009-10-08,78.9412612915039,183305800,0.007656032006625457,216.509,2.37,0.12
2009-10-09,79.42253112792969,135008300,0.006096556205868131,216.509,2.42,0.12
2009-10-12,79.73355865478516,118031000,0.0039161119954045365,216.509,2.42,0.12
2009-10-13,79.57064819335938,157692700,-0.002043185631925959,216.509,2.43,0.12
2009-10-14,80.94050598144531,191421600,0.01721561680328576,216.509,2.49,0.12
2009-10-15,81.2366943359375,173873600,0.0036593341109096844,216.509,2.52,0.12
2009-10-16,80.62952423095703,192069400,-0.007474086802075508,216.509,2.46,0.12
2009-10-19,81.29595184326172,159530400,0.00826530503138967,216.509,2.42,0.12
2009-10-20,80.86646270751953,180921100,-0.0052830322544256125,216.509,2.4,0.12
2009-10-21,80.14081573486328,225379300,-0.00897339822171761,216.509,2.42,0.12
2009-10-22,80.95532989501953,238444000,0.010163537177497295,216.509,2.47,0.12
2009-10-23,80.02972412109375,240033200,-0.01143353717570017,216.509,2.47,0.12
2009-10-26,79.16337585449219,242028200,-0.010825331164339369,216.509,2.53,0.12
2009-10-27,78.80055236816406,253266300,-0.004583224027674415,216.509,2.5,0.12
2009-10-28,77.312255859375,248821400,-0.01888687914058762,216.509,2.49,0.12
2009-10-29,78.97087097167969,198110600,0.021453456426385742,216.509,2.55,0.12
2009-10-30,76.68281555175781,325608100,-0.028973409964572983,216.509,2.51,0.12
2009-11-02,77.24559020996094,254222900,0.007338993151904782,216.509,2.53,0.12
2009-11-03,77.48995971679688,228362600,0.0031635399013940635,216.509,2.58,0.12
2009-11-04,77.68988037109375,247996700,0.0025799555842787036,216.509,2.66,0.12
2009-11-05,79.11898803710938,180015300,0.01839502981841834,216.509,2.67,0.12
2009-11-06,79.32628631591797,170954100,0.002620082535830237,216.509,2.68,0.12
2009-11-09,81.13304901123047,159495700,0.022776342864672117,216.509,2.65,0.12
2009-11-10,81.14784240722656,171899800,0.00018233501854525436,216.509,2.65,0.12
2009-11-11,81.56253051757812,169466200,0.005110278943345481,216.509,2.65,0.12
2009-11-12,80.73316955566406,157144500,-0.010168406456385282,216.509,2.63,0.12
2009-11-13,81.17005920410156,150963000,0.0054115260287939115,216.509,2.61,0.12
2009-11-16,82.34740447998047,210922200,0.014504674351887292,216.509,2.55,0.12
2009-11-17,82.44367980957031,147134100,0.0011691361761529961,216.509,2.55,0.12
2009-11-18,82.39183044433594,156486800,-0.0006289064893044705,216.509,2.59,0.12
2009-11-19,81.31814575195312,208734600,-0.013031446037701455,216.509,2.62,0.12
2009-11-20,81.02935028076172,134196000,-0.0035514271571357447,216.509,2.61,0.12
2009-11-23,82.05857849121094,148010200,0.012701918587314509,216.509,2.6,0.12
2009-11-24,82.18447875976562,138420100,0.0015342730872212051,216.509,2.59,0.12
2009-11-25,82.47327423095703,109564800,0.00351399042190903,216.509,2.55,0.12
2009-11-27,81.13304901123047,126001800,-0.016250418480699746,216.509,2.53,0.12
2009-11-30,81.40702056884766,160874800,0.0033768182134910063,216.509,2.54,0.12
2009-12-01,82.41404724121094,159613700,0.012370268133220952,217.347,2.61,0.12
2009-12-02,82.37702941894531,132315100,-0.0004491688432347596,217.347,2.6,0.12
2009-12-03,81.7327880859375,167324900,-0.007820642933497823,217.347,2.65,0.12
2009-12-04,82.1993179321289,274907800,0.005707988888142168,217.347,2.64,0.12
2009-12-07,82.07342529296875,127973800,-0.001531553330699209,217.347,2.66,0.12
2009-12-08,81.16268920898438,169863700,-0.011096601375334525,217.347,2.67,0.12
2009-12-09,81.46622467041016,155063400,0.003739839874504547,217.347,2.69,0.12
2009-12-10,81.92533111572266,138014600,0.005635543406729893,217.347,2.71,0.12
2009-12-11,82.2733383178711,124854000,0.004247858353564116,217.347,2.72,0.12
2009-12-14,82.83611297607422,107141500,0.006840304158180599,217.347,2.69,0.12
2009-12-15,82.45105743408203,120408800,-0.0046484018643342395,217.347,2.72,0.12
2009-12-16,82.57693481445312,155358200,0.0015266921284997625,217.347,2.76,0.12
2009-12-17,81.58472442626953,183390100,-0.012015587529532912,217.347,2.73,0.12
2009-12-18,82.04627227783203,174591200,0.005657282718158907,217.347,2.73,0.12
2009-12-21,82.88007354736328,118039600,0.01016257346473659,217.347,2.8,0.12
2009-12-22,83.17782592773438,91707500,0.0035925689689566553,217.347,2.81,0.12
2009-12-23,83.34162902832031,111783100,0.001969312118451416,217.347,2.81,0.12
2009-12-24,83.73619842529297,39677500,0.004734361465847714,217.347,2.82,0.12
2009-12-28,83.91484832763672,87508500,0.002133484749766046,217.347,2.76,0.12
2009-12-29,83.79574584960938,80572500,-0.001419325428109186,217.347,2.73,0.12
2009-12-30,83.76596069335938,73138400,-0.00035544950340860026,217.347,2.72,0.12
2009-12-31,82.96192932128906,90637900,-0.00959854534485216,217.347,2.71,0.12
2010-01-04,84.36897277832031,118944600,0.016960110119693006,217.347,2.76,0.12
2010-01-05,84.59232330322266,111579900,0.0026473064391716594,217.347,2.76,0.12
2010-01-06,84.65186309814453,116074400,0.0007038439493907145,217.347,2.84,0.12
2010-01-07,85.00922393798828,131091100,0.004221535436608415,217.347,2.82,0.12
2010-01-08,85.29212188720703,126402800,0.00332785003925129,217.347,2.87,0.12
2010-01-11,85.41121673583984,106375700,0.0013963171040616285,217.347,2.9,0.12
2010-01-12,84.61463928222656,163333500,-0.009326379883767943,217.347,2.82,0.12
2010-01-13,85.32931518554688,161822000,0.008446244165108974,217.347,2.83,0.12
2010-01-14,85.5600814819336,115718800,0.0027044198806109865,217.347,2.82,0.12
2010-01-15,84.59974670410156,212283100,-0.011224098448700204,217.347,2.81,0.12
2010-01-19,85.65689086914062,139172700,0.012495831326027051,217.347,2.8,0.12
2010-01-20,84.78585815429688,216490200,-0.010168857473176751,217.347,2.76,0.12
2010-01-21,83.15552520751953,344859600,-0.019228831107782063,217.347,2.75,0.12
2010-01-22,81.30181121826172,345942400,-0.022292132538779152,217.347,2.78,0.12
2010-01-25,81.71870422363281,186937500,0.0051277210079847535,217.347,2.8,0.12
2010-01-26,81.37625122070312,211168800,-0.004190631828822511,217.347,2.78,0.12
2010-01-27,81.76336669921875,271863600,0.004757106314294601,217.347,2.76,0.12
2010-01-28,80.82537841796875,316104000,-0.011471987017126595,217.347,2.81,0.12
2010-01-29,79.94691467285156,310677600,-0.010868662322549572,217.347,2.81,0.12
2010-02-01,81.19015502929688,187865000,0.015550823462453067,217.281,2.82,0.13
2010-02-02,82.17280578613281,216327900,0.012103077725142297,217.281,2.81,0.13
2010-02-03,81.76336669921875,172730700,-0.004982659202117157,217.281,2.85,0.13
2010-02-04,79.23966979980469,356715700,-0.030865863299121887,217.281,2.82,0.13
2010-02-05,79.40347290039062,493585800,0.0020671855523852756,217.281,2.82,0.13
2010-02-08,78.8302001953125,224166900,-0.007219743471387985,217.281,2.83,0.13
2010-02-09,79.82037353515625,337820500,0.01256083756467019,217.281,2.83,0.13
2010-02-10,79.66400909423828,240511500,-0.001958954011272551,217.281,2.81,0.13
2010-02-11,80.49779510498047,223591600,0.010466282330278798,217.281,2.82,0.13
2010-02-12,80.43083953857422,304622100,-0.0008317689486889712,217.281,2.85,0.13
2010-02-16,81.69637298583984,159317500,0.015734430406618927,217.281,2.84,0.13
2010-02-17,82.08352661132812,168845100,0.004738932847794697,217.281,2.87,0.13
2010-02-18,82.56739044189453,193708600,0.005894773903386774,217.281,2.89,0.13
2010-02-19,82.73860931396484,222684900,0.0020736863688433083,217.281,2.83,0.13
2010-02-22,82.7535171508789,132346900,0.00018017993096175466,217.281,2.89,0.13
2010-02-23,81.74847412109375,207497000,-0.012145018899350601,217.281,2.82,0.13
2010-02-24,82.5003662109375,176350700,0.009197628431938387,217.281,2.83,0.13
2010-02-25,82.38874053955078,259634700,-0.0013530324350478073,217.281,2.82,0.13
2010-02-26,82.44081115722656,173589300,0.0006320113323103893,217.281,2.8,0.13
2010-03-01,83.29695892333984,147709700,0.010384999299442699,217.353,2.81,0.16
2010-03-02,83.52775573730469,160992400,0.0027707711895850196,217.353,2.82,0.16
2010-03-03,83.6021957397461,150785000,0.0008912007964816393,217.353,2.81,0.16
2010-03-04,83.85530090332031,135770400,0.003027494210345205,217.353,2.75,0.16
2010-03-05,85.0538558959961,176118800,0.01429313328751447,217.353,2.78,0.16
2010-03-08,85.06877899169922,114631200,0.00017545466394097708,217.353,2.82,0.16
2010-03-09,85.21022033691406,154556700,0.0016626704519722146,217.353,2.82,0.16
2010-03-10,85.58983612060547,186088800,0.0044550499011790645,217.353,2.81,0.16
2010-03-11,85.94718170166016,160791100,0.004175093647231121,217.353,2.76,0.16
2010-03-12,85.95467376708984,162074800,8.71705771074982e-05,217.353,2.74,0.16
2010-03-15,85.97699737548828,146816800,0.0002597137237578817,217.353,2.75,0.16
2010-03-16,86.66188049316406,168673000,0.007965887837239505,217.353,2.73,0.16
2010-03-17,87.17556762695312,177468100,0.005927486581941643,217.353,2.7,0.16
2010-03-18,87.13088989257812,196509100,-0.0005125029362147426,217.353,2.7,0.16
2010-03-19,86.68987274169922,226641100,-0.005061547648860576,217.353,2.68,0.16
2010-03-22,87.15333557128906,184477800,0.0053462165179405385,217.353,2.66,0.16
2010-03-23,87.76629638671875,182941600,0.0070331308768820655,217.353,2.67,0.16
2010-03-24,87.3402099609375,196072600,-0.004854784163431214,217.353,2.76,0.16
2010-03-25,87.19816589355469,223396300,-0.0016263307295270035,217.353,2.81,0.16
2010-03-26,87.1458511352539,205808500,-0.0005999525077700074,217.353,2.82,0.16
2010-03-29,87.69898986816406,134513500,0.0063472755811595505,217.353,2.84,0.16
2010-03-30,87.75881958007812,145772500,0.0006822166595532586,217.353,2.82,0.16
2010-03-31,87.4598388671875,161078700,-0.003406845195972674,217.353,2.82,0.16
2010-04-01,88.05782318115234,161215200,0.0068372446337674475,217.403,2.84,0.2
2010-04-05,88.77547454833984,105847600,0.00814977410594353,217.403,2.83,0.2
2010-04-06,88.98477172851562,110384200,0.002357601367276363,217.403,2.84,0.2
2010-04-07,88.47642517089844,184576300,-0.005712736547418551,217.403,2.83,0.2
2010-04-08,88.78292083740234,158704000,0.0034641506583463766,217.403,2.82,0.2
2010-04-09,89.36597442626953,133006500,0.006567181878764705,217.403,2.82,0.2
2010-04-12,89.50801086425781,110279000,0.0015893793907597598,217.403,2.8,0.2
2010-04-13,89.5753173828125,125043600,0.0007519608346202578,217.403,2.77,0.2
2010-04-14,90.5918960571289,161609000,0.011348870470331951,217.403,2.81,0.2
2010-04-15,90.66669464111328,144615300,0.0008256652883962268,217.403,2.82,0.2
2010-04-16,89.22396087646484,366786700,-0.01591249984748233,217.403,2.81,0.2
2010-04-19,89.56034851074219,217947800,0.003770149082969798,217.403,2.82,0.2
2010-04-20,90.3602066040039,157708000,0.008930939936726334,217.403,2.77,0.2
2010-04-21,90.19573974609375,192910100,-0.0018201248546377835,217.403,2.74,0.2
2010-04-22,90.46485900878906,115360300,0.002983724768518936,217.403,2.73,0.2
2010-04-23,91.05536651611328,177335500,0.006527479441125861,217.403,2.74,0.2
2010-04-26,90.71151733398438,143457300,-0.0037762648736145987,217.403,2.74,0.2
2010-04-27,88.56613159179688,355853300,-0.023650643327776777,217.403,2.68,0.2
2010-04-28,89.23890686035156,300674100,0.007596304100257134,217.403,2.77,0.2
2010-04-29,90.34524536132812,193775000,0.012397490510589249,217.403,2.75,0.2
2010-04-30,88.81279754638672,270000900,-0.016962130201899517,217.403,2.72,0.2
2010-05-03,89.96402740478516,182747900,0.012962432106669697,217.403,2.72,0.2
2010-05-04,87.8484878540039,360353400,-0.023515394005901524,217.403,2.67,0.2
2010-05-05,87.32525634765625,328973200,-0.005956067305531998,217.403,2.7,0.2
2010-05-06,84.42487335205078,647356600,-0.03321356405824416,217.403,2.66,0.2
2010-05-07,83.16907501220703,637558800,-0.014874743543968227,217.403,2.62,0.2
2010-05-10,86.8318862915039,396159600,0.044040543660720965,217.403,2.7,0.2
2010-05-11,86.58519744873047,317849800,-0.002840993709905981,217.403,2.71,0.2
2010-05-12,87.79619598388672,235607100,0.013986207467775458,217.403,2.67,0.2
2010-05-13,86.70480346679688,234452500,-0.012430977274803023,217.403,2.68,0.2
2010-05-14,85.13502502441406,345601400,-0.018104861318138488,217.403,2.65,0.2
2010-05-17,85.17985534667969,325739800,0.000526579069575206,217.403,2.66,0.2
2010-05-18,84.02122497558594,360556800,-0.01360216410767734,217.403,2.62,0.2
2010-05-19,83.5428237915039,394742700,-0.0056938134884493286,217.403,2.56,0.2
2010-05-20,80.38826751708984,530418300,-0.037759751601009084,217.403,2.49,0.2
2010-05-21,81.56188201904297,500909400,0.014599325725033419,217.403,2.44,0.2
2010-05-24,80.51537322998047,269823000,-0.012830856316166983,217.403,2.46,0.2
2010-05-25,80.5975570678711,396505200,0.0010207223116991404,217.403,2.37,0.2
2010-05-26,80.1116943359375,349719300,-0.006028256309610569,217.403,2.39,0.2
2010-05-27,82.79529571533203,300870500,0.03349824768580234,217.403,2.47,0.2
2010-05-28,81.75626373291016,297933500,-0.01254940843492236,217.403,2.55,0.2
2010-06-01,80.38080596923828,277909400,-0.01682388236533605,217.199,2.51,0.18
2010-06-02,82.473876953125,240243700,0.026039437632508156,217.199,2.53,0.18
2010-06-03,82.75790405273438,226618300,0.003443843191351492,217.199,2.57,0.18
2010-06-04,79.85004425048828,398475600,-0.035136943540681864,217.199,2.48,0.18
2010-06-07,78.8558578491211,264609100,-0.012450668132987341,217.199,2.43,0.18
2010-06-08,79.7005386352539,357774300,0.010711706259654008,217.199,2.44,0.18
2010-06-09,79.27445983886719,268023300,-0.005345996447234214,217.199,2.46,0.18
2010-06-10,81.59176635742188,317890600,0.02923143876684664,217.199,2.54,0.18
2010-06-11,81.98794555664062,214128200,0.0048556271901658565,217.199,2.49,0.18
2010-06-14,81.86089324951172,207196100,-0.001549646185988851,217.199,2.51,0.18
2010-06-15,83.72222137451172,238268700,0.0227376962443675,217.199,2.53,0.18
2010-06-16,83.69229888916016,216374000,-0.000357401952078118,217.199,2.52,0.18
2010-06-17,83.8268814086914,263185800,0.0016080633620720874,217.199,2.49,0.18
2010-06-18,83.91776275634766,174006600,0.0010841551794484872,217.199,2.5,0.18
2010-06-21,83.67739868164062,213140700,-0.002864281253599721,217.199,2.52,0.18
2010-06-22,82.29542541503906,239355400,-0.016515490304131242,217.199,2.47,0.18
2010-06-23,82.04005432128906,254639900,-0.0031031019338206844,217.199,2.47,0.18
2010-06-24,80.68060302734375,268523600,-0.01657058012932766,217.199,2.47,0.18
2010-06-25,81.01858520507812,238726500,0.004189137971859491,217.199,2.47,0.18
2010-06-28,80.76324462890625,169218600,-0.003151629660349431,217.199,2.43,0.18
2010-06-29,78.26966094970703,373649500,-0.03087522908046625,217.199,2.36,0.18
2010-06-30,77.52608489990234,284101700,-0.009500182328405327,217.199,2.36,0.18
2010-07-01,77.18058776855469,382924800,-0.0044565275261061466,217.605,2.33,0.18
2010-07-02,76.75999450683594,233385200,-0.005449469534748896,217.605,2.37,0.18
2010-07-06,77.26323699951172,256935300,0.006556051702569787,217.605,2.33,0.18
2010-07-07,79.69672393798828,253769400,0.031496052106798844,217.605,2.37,0.18
2010-07-08,80.48532104492188,210842100,0.009894975200576583,217.605,2.41,0.18
2010-07-09,81.086181640625,144999900,0.007465468086631066,217.605,2.44,0.18
2010-07-12,81.13875579833984,131283600,0.0006483738246283455,217.605,2.43,0.18
2010-07-13,82.36304473876953,213025900,0.015088830588831037,217.605,2.48,0.18
2010-07-14,82.35551452636719,184426800,-9.142707662435079e-05,217.605,2.45,0.18
2010-07-15,82.3780288696289,232337900,0.0002733799113658897,217.605,2.39,0.18
2010-07-16,80.10977935791016,282693400,-0.027534641734490495,217.605,2.35,0.18
2010-07-19,80.58296203613281,186709000,0.005906678086187167,217.605,2.38,0.18
2010-07-20,81.47674560546875,258162400,0.011091470786779523,217.605,2.37,0.18
2010-07-21,80.41773223876953,264527000,-0.012997737683672739,217.605,2.32,0.18
2010-07-22,82.21281433105469,274781300,0.022321968579707585,217.605,2.36,0.18
2010-07-23,82.92633056640625,222020800,0.008678893201227389,217.605,2.42,0.18
2010-07-26,83.79004669189453,184445700,0.010415462972844569,217.605,2.41,0.18
2010-07-27,83.78256225585938,204855600,-8.932368856029438e-05,217.605,2.43,0.18
2010-07-28,83.24176025390625,163056200,-0.006454827680032027,217.605,2.42,0.18
2010-07-29,82.836181640625,220149100,-0.004872297414712845,217.605,2.44,0.18
2010-07-30,82.8211669921875,220070600,-0.0001812571287101994,217.605,2.39,0.18
2010-08-02,84.69137573242188,188263200,0.02258128939925208,217.605,2.43,0.18
2010-08-03,84.2857666015625,146657300,-0.004789261330939709,217.605,2.41,0.18
2010-08-04,84.84909057617188,158171700,0.006683500635075612,217.605,2.42,0.18
2010-08-05,84.7589340209961,140473800,-0.0010625518147993063,217.605,2.41,0.18
2010-08-06,84.4134521484375,239728300,-0.0040760525901967215,217.605,2.36,0.18
2010-08-09,84.86412048339844,120800400,0.00533882128370311,217.605,2.32,0.18
2010-08-10,84.40592956542969,242916300,-0.005399112314589782,217.605,2.27,0.18
2010-08-11,82.0926513671875,273406900,-0.02740658399418472,217.605,2.18,0.18
2010-08-12,81.58938598632812,239542600,-0.006130455923616718,217.605,2.19,0.18
2010-08-13,81.34904479980469,158698500,-0.0029457408413848807,217.605,2.14,0.18
2010-08-16,81.3115005493164,147895300,-0.00046152048350012187,217.605,2.07,0.18
2010-08-17,82.31043243408203,172270300,0.012285247203865923,217.605,2.12,0.18
2010-08-18,82.46066284179688,182922100,0.0018251684904602161,217.605,2.13,0.18
2010-08-19,81.0261001586914,265847600,-0.017396933685310256,217.605,2.09,0.18
2010-08-20,80.76324462890625,209714200,-0.003244084674818959,217.605,2.13,0.18
2010-08-23,80.45531463623047,163490300,-0.0038127491545277836,217.605,2.11,0.18
2010-08-24,79.26106262207031,280677800,-0.014843668433338841,217.605,2.0,0.18
2010-08-25,79.56902313232422,272234800,0.003885394670045228,217.605,2.01,0.18
2010-08-26,79.03575134277344,224439500,-0.006702002469779478,217.605,1.99,0.18
2010-08-27,80.25997161865234,272649000,0.01548944945901165,217.605,2.1,0.18
2010-08-30,79.09580993652344,167238600,-0.014504885295254177,217.605,2.04,0.18
2010-08-31,79.09580993652344,273933100,0.0,217.605,2.0,0.18
2010-09-01,81.46172332763672,256828100,0.02991199398567379,218.275,2.08,0.19
2010-09-02,82.22029876708984,156112200,0.009312047529391965,218.275,2.13,0.19
2010-09-03,83.28683471679688,212197300,0.012971686623619139,218.275,2.2,0.19
2010-09-07,82.3480224609375,141973700,-0.011272036679646269,218.275,2.12,0.19
2010-09-08,82.92633056640625,149924400,0.007022732157813127,218.275,2.14,0.19
2010-09-09,83.30937194824219,147017900,0.004619056205908079,218.275,2.2,0.19
2010-09-10,83.7299575805664,127819000,0.005048479210544521,218.275,2.23,0.19
2010-09-13,84.66131591796875,178503500,0.01112335852441082,218.275,2.21,0.19
2010-09-14,84.60871124267578,209823600,-0.0006213543307540537,218.275,2.18,0.19
2010-09-15,84.93170166015625,168608400,0.003817460551479801,218.275,2.24,0.19
2010-09-16,84.90916442871094,199962900,-0.00026535711642150517,218.275,2.29,0.19
2010-09-17,84.9408950805664,195836900,0.0003737011436746318,218.275,2.27,0.19
2010-09-20,86.23965454101562,214555200,0.015290155103938385,218.275,2.25,0.19
2010-09-21,86.06599426269531,268389100,-0.0020136940395293346,218.275,2.18,0.19
2010-09-22,85.64310455322266,191322400,-0.004913551665735594,218.275,2.12,0.19
2010-09-23,84.94844055175781,202354300,-0.008111149228986037,218.275,2.11,0.19
2010-09-24,86.70027923583984,209671800,0.02062237602837058,218.275,2.17,0.19
2010-09-27,86.2849349975586,128761800,-0.004790575554565857,218.275,2.1,0.19
2010-09-28,86.58699798583984,209207500,0.003500761613713932,218.275,2.11,0.19
2010-09-29,86.43595886230469,179665800,-0.001744362630055063,218.275,2.08,0.19
2010-09-30,86.17923736572266,287106700,-0.0029700774997012402,218.275,2.11,0.19
2010-10-01,86.54170989990234,174638700,0.004206030887015766,219.035,2.12,0.19
2010-10-04,85.89229583740234,166153200,-0.007504058600773411,219.035,2.09,0.19
2010-10-05,87.62147521972656,229634100,0.02013194973385768,219.035,2.09,0.19
2010-10-06,87.61393737792969,148626600,-8.602733265983264e-05,219.035,2.03,0.19
2010-10-07,87.50822448730469,164860000,-0.00120657618854636,219.035,2.05,0.19
2010-10-08,87.99901580810547,177760100,0.005608516498606164,219.035,2.06,0.19
2010-10-11,88.0820541381836,103098300,0.0009436279407852854,219.035,2.06,0.19
2010-10-12,88.35394287109375,182210000,0.0030867664880251944,219.035,2.07,0.19
2010-10-13,89.04102325439453,194347200,0.007776454122746079,219.035,2.09,0.19
2010-10-14,88.69369506835938,217764300,-0.003900765886784785,219.035,2.14,0.19
2010-10-15,88.8749008178711,243705000,0.0020430510801479063,219.035,2.22,0.19
2010-10-18,89.31290435791016,141204800,0.0049283153737256225,219.035,2.14,0.19
2010-10-19,88.14247131347656,280604700,-0.013104859290469784,219.035,2.13,0.19
2010-10-20,89.0032958984375,200051800,0.009766286015505887,219.035,2.16,0.19
2010-10-21,89.19963073730469,221585500,0.0022059277343080552,219.035,2.2,0.19
2010-10-22,89.36573791503906,108212400,0.0018621958001547867,219.035,2.24,0.19
2010-10-25,89.63004302978516,151145700,0.002957566522836519,219.035,2.22,0.19
2010-10-26,89.64512634277344,158982900,0.0001682841207972796,219.035,2.27,0.19
2010-10-27,89.38839721679688,190024000,-0.0028638380740846348,219.035,2.35,0.19
2010-10-28,89.40349578857422,168576000,0.0001689097494468328,219.035,2.32,0.19
2010-10-29,89.47148132324219,144305500,0.0007604348584842047,219.035,2.29,0.19
2010-11-01,89.50165557861328,174074800,0.0003372499809417562,219.59,2.32,0.19
2010-11-02,90.21146392822266,158345900,0.007930672846447218,219.59,2.29,0.19
2010-11-03,90.57392120361328,226702800,0.004017862692916818,219.59,2.33,0.19
2010-11-04,92.3181381225586,215039400,0.019257385522972514,219.59,2.2,0.19
2010-11-05,92.66552734375,180654100,0.00376295740204613,219.59,2.2,0.19
2010-11-08,92.49185943603516,156107100,-0.0018741371542688734,219.59,2.19,0.19
2010-11-09,91.827392578125,186621600,-0.007184057731801641,219.59,2.26,0.19
2010-11-10,92.19735717773438,221387400,0.004028913260219369,219.59,2.21,0.19
2010-11-11,91.85003662109375,158017600,-0.00376714221830754,219.59,2.21,0.19
2010-11-12,90.76268005371094,239068800,-0.011838390134436771,219.59,2.25,0.19
2010-11-15,90.63429260253906,163940800,-0.0014145401071883335,219.59,2.39,0.19
2010-11-16,89.2222671508789,299566200,-0.015579373006775143,219.59,2.34,0.19
2010-11-17,89.2676010131836,172308900,0.0005081003179174814,219.59,2.39,0.19
2010-11-18,90.58143615722656,197723700,0.014717939421817094,219.59,2.38,0.19
2010-11-19,90.83065032958984,156852900,0.002751272036918273,219.59,2.36,0.19
2010-11-22,90.755126953125,181361000,-0.0008314745759365749,219.59,2.31,0.19
2010-11-23,89.44127655029297,222309000,-0.01447687251333618,219.59,2.32,0.19
2010-11-24,90.76268005371094,140046100,0.014773978574365909,219.59,2.4,0.19
2010-11-26,89.7055435180664,76007800,-0.011647260030432594,219.59,2.36,0.19
2010-11-29,89.9773941040039,223642300,0.0030304769947997467,219.59,2.32,0.19
2010-11-30,89.47148132324219,233930700,-0.005622665401677884,219.59,2.36,0.19
2010-12-01,91.37430572509766,221037200,0.02126738457566102,220.472,2.44,0.18
2010-12-02,92.54470825195312,191213600,0.012808880106587761,220.472,2.46,0.18
2010-12-03,92.79389953613281,151288900,0.002692658379788382,220.472,2.54,0.18
2010-12-06,92.69572448730469,103050500,-0.001057990334697556,220.472,2.53,0.18
2010-12-07,92.74861145019531,206581000,0.0005705437136733771,220.472,2.61,0.18
2010-12-08,93.08839416503906,138019200,0.0036634803425192874,220.472,2.63,0.18
2010-12-09,93.45082092285156,123705100,0.0038933613697313962,220.472,2.59,0.18
2010-12-10,93.99449920654297,117571700,0.00581780104575258,220.472,2.68,0.18
2010-12-13,94.05490112304688,133812700,0.0006426111848436555,220.472,2.68,0.18
2010-12-14,94.13797760009766,147249600,0.0008832764274782079,220.472,2.83,0.18
2010-12-15,93.70756530761719,160823100,-0.004572142969853088,220.472,2.85,0.18
2010-12-16,94.25123596191406,185035200,0.005801779744379676,220.472,2.81,0.18
2010-12-17,94.35218811035156,141075300,0.0010710962822630954,220.472,2.72,0.18
2010-12-20,94.57991790771484,119085500,0.0024136143731710025,220.472,2.74,0.18
2010-12-21,95.17960357666016,94965500,0.006340517968417503,220.472,2.72,0.18
2010-12-22,95.47560119628906,78878100,0.0031098849806672213,220.472,2.71,0.18
2010-12-23,95.33898162841797,70053700,-0.0014309369740465039,220.472,2.74,0.18
2010-12-27,95.37692260742188,58126000,0.0003979587190450218,220.472,2.65,0.18
2010-12-28,95.5135498046875,55309100,0.001432497437855007,220.472,2.75,0.18
2010-12-29,95.58186340332031,58033100,0.000715224162147754,220.472,2.71,0.18
2010-12-30,95.43006134033203,76616900,-0.0015881889888224032,220.472,2.72,0.18
2010-12-31,95.45280456542969,91218900,0.00023832348819885496,220.472,2.69,0.18
2011-01-03,96.43962097167969,138725200,0.010338265185006357,220.472,2.75,0.18
2011-01-04,96.38648986816406,137409700,-0.00055092609220464,220.472,2.73,0.18
2011-01-05,96.88749694824219,133975300,0.00519789734809728,220.472,2.79,0.18
2011-01-06,96.69772338867188,122519000,-0.001958700199177321,220.472,2.76,0.18
2011-01-07,96.5079345703125,156034600,-0.0019627020338062184,220.472,2.74,0.18
2011-01-10,96.38648986816406,122401700,-0.0012583908534480326,220.472,2.73,0.18
2011-01-11,96.72807312011719,110287000,0.0035438913941190364,220.472,2.77,0.18
2011-01-12,97.60099029541016,107929200,0.009024444994463865,220.472,2.79,0.18
2011-01-13,97.44158935546875,129048400,-0.0016331897807485563,220.472,2.75,0.18
2011-01-14,98.14754486083984,117677900,0.00724490959189672,220.472,2.76,0.18
2011-01-18,98.31450653076172,114401300,0.0017011293574240582,220.472,2.79,0.18
2011-01-19,97.35051727294922,151958400,-0.00980515787373526,220.472,2.77,0.18
2011-01-20,97.22147369384766,175745700,-0.0013255561728526821,220.472,2.82,0.18
2011-01-21,97.44158935546875,151462900,0.0022640642366134056,220.472,2.81,0.18
2011-01-24,97.99571990966797,113715500,0.005686797166020607,220.472,2.78,0.18
2011-01-25,98.04885864257812,167552200,0.000542255651156287,220.472,2.73,0.18
2011-01-26,98.42838287353516,141281500,0.0038707664343196058,220.472,2.83,0.18
2011-01-27,98.6712646484375,123302700,0.0024675989568416767,220.472,2.83,0.18
2011-01-28,96.94820404052734,295637300,-0.017462638327879643,220.472,2.82,0.18
2011-01-31,97.6769027709961,149249200,0.007516371630403196,220.472,2.84,0.18
2011-02-01,99.2405776977539,167194300,0.01600864567157556,221.898,2.87,0.16
2011-02-02,99.05082702636719,118323600,-0.0019120270738912648,221.898,2.85,0.16
2011-02-03,99.27094268798828,145886700,0.002222249608905269,221.898,2.87,0.16
2011-02-04,99.5517807006836,134634800,0.002829005196193224,221.898,2.91,0.16
2011-02-07,100.17424774169922,112439100,0.006252696201257901,221.898,2.9,0.16
2011-02-08,100.62971496582031,99072800,0.004546749632655223,221.898,2.89,0.16
2011-02-09,100.40196228027344,146436700,-0.0022632746761156453,221.898,2.84,0.16
2011-02-10,100.43992614746094,162708500,0.0003781187770166561,221.898,2.85,0.16
2011-02-11,101.03956604003906,137710300,0.005970134742012467,221.898,2.79,0.16
2011-02-14,101.28244018554688,101690700,0.002403752856693364,221.898,2.75,0.16
2011-02-15,100.96366882324219,119575400,-0.0031473507324735195,221.898,2.77,0.16
2011-02-16,101.60128021240234,130183500,0.006315255740918291,221.898,2.76,0.16
2011-02-17,101.90491485595703,109810500,0.00298849229970255,221.898,2.78,0.16
2011-02-18,102.11744689941406,130002400,0.002085591688658406,221.898,2.81,0.16
2011-02-22,100.06796264648438,233116400,-0.02006987361276702,221.898,2.72,0.16
2011-02-23,99.4531021118164,227584000,-0.006144429429827847,221.898,2.75,0.16
2011-02-24,99.38481140136719,260431400,-0.0006866624469132887,221.898,2.73,0.16
2011-02-25,100.44752502441406,141686900,0.010692917841893301,221.898,2.7,0.16
2011-02-28,101.06993103027344,141585500,0.006196329931554834,221.898,2.73,0.16
2011-03-01,99.38481140136719,258565500,-0.016672808734790823,223.046,2.75,0.14
2011-03-02,99.59734344482422,200277400,0.0021384760956955073,223.046,2.77,0.14
2011-03-03,101.31283569335938,176480100,0.017224277166443924,223.046,2.79,0.14
2011-03-04,100.55375671386719,277202300,-0.0074924265449412,223.046,2.81,0.14
2011-03-07,99.76432037353516,216790400,-0.007850888580706372,223.046,2.81,0.14
2011-03-08,100.63727569580078,174615000,0.008750175603834398,223.046,2.83,0.14
2011-03-09,100.49303436279297,153806000,-0.0014332793888798268,223.046,2.78,0.14
2011-03-10,98.63335418701172,301291800,-0.01850556297332573,223.046,2.72,0.14
2011-03-11,99.31648254394531,225621800,0.006925936591777759,223.046,2.76,0.14
2011-03-14,98.71682739257812,234974100,-0.006037821074682648,223.046,2.75,0.14
2011-03-15,97.58583068847656,359585400,-0.011456979868323836,223.046,2.7,0.14
2011-03-16,95.77922821044922,468670300,-0.01851295895399574,223.046,2.64,0.14
2011-03-17,97.04688262939453,254303700,0.013235170533635765,223.046,2.65,0.14
2011-03-18,97.39985656738281,230435400,0.0036371486484139126,223.046,2.67,0.14
2011-03-21,98.90933990478516,153992600,0.01549779836028864,223.046,2.67,0.14
2011-03-22,98.56626892089844,129538600,-0.0034685398185547722,223.046,2.66,0.14
2011-03-23,98.84835815429688,148603100,0.0028619246369649964,223.046,2.67,0.14
2011-03-24,99.7936782836914,159129800,0.009563336681009282,223.046,2.7,0.14
2011-03-25,100.0986328125,155642800,0.003055850170605723,223.046,2.67,0.14
2011-03-28,99.85469055175781,109762400,-0.00243701890713266,223.046,2.66,0.14
2011-03-29,100.52555847167969,129798800,0.0067184417298269405,223.046,2.69,0.14
2011-03-30,101.21932220458984,135835000,0.006901366612209525,223.046,2.67,0.14
2011-03-31,101.08206176757812,132537100,-0.001356069513430258,223.046,2.67,0.14
2011-04-01,101.50899505615234,153850100,0.004223630593882088,224.093,2.66,0.1
2011-04-04,101.5928955078125,100768900,0.0008265321867657605,224.093,2.68,0.1
2011-04-05,101.57765197753906,120791500,-0.00015004523886485988,224.093,2.66,0.1
2011-04-06,101.89779663085938,120411600,0.0031517233081062024,224.093,2.71,0.1
2011-04-07,101.63862609863281,170731500,-0.002543436078067951,224.093,2.77,0.1
2011-04-08,101.28793334960938,147945400,-0.003450388523385972,224.093,2.76,0.1
2011-04-11,100.98299407958984,121385400,-0.003010617947618588,224.093,2.74,0.1
2011-04-12,100.22821807861328,161187400,-0.007474288199275314,224.093,2.75,0.1
2011-04-13,100.22061920166016,162059000,-7.581574429638138e-05,224.093,2.74,0.1
2011-04-14,100.2968521118164,161220400,0.000760650959488185,224.093,2.74,0.1
2011-04-15,100.66276550292969,170006700,0.003648303844125955,224.093,2.72,0.1
2011-04-18,99.53449249267578,210759300,-0.011208444399643192,224.093,2.71,0.1
2011-04-19,100.10627746582031,124258800,0.005744591234909002,224.093,2.71,0.1
2011-04-20,101.47088623046875,156133800,0.013631600327105975,224.093,2.74,0.1
2011-04-21,101.98929595947266,135935400,0.0051089504414738585,224.093,2.74,0.1
2011-04-25,101.88258361816406,65757100,-0.0010463092259308526,224.093,2.72,0.1
2011-04-26,102.75928497314453,146600000,0.008605016911096053,224.093,2.69,0.1
2011-04-27,103.43020629882812,143031000,0.006529057942150196,224.093,2.74,0.1
2011-04-28,103.76560974121094,124791100,0.0032427997041191148,224.093,2.72,0.1
2011-04-29,104.00955200195312,115094100,0.00235089700094826,224.093,2.71,0.1
2011-05-02,103.84945678710938,126278700,-0.0015392356928981554,224.093,2.7,0.1
2011-05-03,103.47592163085938,138375000,-0.003596890805271591,224.093,2.67,0.1
2011-05-04,102.7898178100586,182678500,-0.006630564966102814,224.093,2.65,0.1
2011-05-05,101.85968780517578,226900000,-0.009048853521674394,224.093,2.6,0.1
2011-05-06,102.30950164794922,222787200,0.004416014347440322,224.093,2.62,0.1
2011-05-09,102.70594787597656,114104500,0.003874969789135818,224.093,2.6,0.1
2011-05-10,103.5826644897461,114806900,0.008536181515292673,224.093,2.64,0.1
2011-05-11,102.49246215820312,193564200,-0.010524949680657092,224.093,2.63,0.1
2011-05-12,102.98040008544922,171550700,0.004760720124890039,224.093,2.65,0.1
2011-05-13,102.1875,157444900,-0.007699524227826826,224.093,2.61,0.1
2011-05-16,101.53948211669922,141675400,-0.006341459408447991,224.093,2.61,0.1
2011-05-17,101.52425384521484,192686200,-0.00014997389357251922,224.093,2.57,0.1
2011-05-18,102.43147277832031,135217900,0.008935982277580967,224.093,2.6,0.1
2011-05-19,102.6753921508789,119489500,0.002381293228951975,224.093,2.62,0.1
2011-05-20,101.85968780517578,182594900,-0.007944497007661422,224.093,2.6,0.1
2011-05-23,100.677978515625,168700000,-0.011601344113787215,224.093,2.58,0.1
2011-05-24,100.59414672851562,147199600,-0.000832672530233225,224.093,2.56,0.1
2011-05-25,100.92958068847656,151050100,0.0033345276128859958,224.093,2.59,0.1
2011-05-26,101.39466094970703,164850000,0.004607967833196058,224.093,2.59,0.1
2011-05-27,101.78345489501953,120921900,0.0038344617129826286,224.093,2.59,0.1
2011-05-31,102.84310150146484,164731200,0.010410794244882338,224.093,2.6,0.1
2011-06-01,100.53316497802734,233094300,-0.022460782392921153,224.806,2.52,0.09
2011-06-02,100.42645263671875,200466800,-0.0010614640584718504,224.806,2.59,0.09
2011-06-03,99.42776489257812,234690200,-0.009944468991185618,224.806,2.57,0.09
2011-06-06,98.37567138671875,179951200,-0.010581486036582044,224.806,2.58,0.09
2011-06-07,98.31471252441406,161660500,-0.0006196538376348482,224.806,2.62,0.09
2011-06-08,97.90299224853516,198696400,-0.004187778871617698,224.806,2.59,0.09
2011-06-09,98.65013122558594,160964400,0.0076314212660029135,224.806,2.58,0.09
2011-06-10,97.27788543701172,238629400,-0.01391022770599526,224.806,2.58,0.09
2011-06-13,97.35411834716797,207599800,0.0007836612588132397,224.806,2.6,0.09
2011-06-14,98.58915710449219,160570400,0.012686045318802242,224.806,2.66,0.09
2011-06-15,96.83570861816406,300958000,-0.017785409043204248,224.806,2.6,0.09
2011-06-16,97.0491714477539,308032800,0.002204381344815154,224.806,2.55,0.09
2011-06-17,97.33872985839844,233284900,0.0029836257880924144,224.806,2.56,0.09
2011-06-20,97.83676147460938,159479000,0.005116479503435523,224.806,2.59,0.09
2011-06-21,99.17752838134766,193157300,0.013704121912152978,224.806,2.59,0.09
2011-06-22,98.57992553710938,176703000,-0.006025587186851866,224.806,2.62,0.09
2011-06-23,98.29647064208984,334286500,-0.00287538150871125,224.806,2.58,0.09
2011-06-24,97.15489959716797,226129300,-0.011613550694800412,224.806,2.53,0.09
2011-06-27,98.02063751220703,168904700,0.008910903295960004,224.806,2.54,0.09
2011-06-28,99.30010223388672,165556300,0.013053013672966074,224.806,2.57,0.09
2011-06-29,100.15048217773438,244295500,0.00856373684132472,224.806,2.67,0.09
2011-06-30,101.10823059082031,223322700,0.009563093379682863,224.806,2.73,0.09
2011-07-01,102.60218048095703,202385700,0.014775749525107074,225.395,2.72,0.07
2011-07-05,102.51790618896484,165936000,-0.0008213694055735354,225.395,2.72,0.07
2011-07-06,102.6404800415039,143331600,0.001195633593151335,225.395,2.69,0.07
2011-07-07,103.7054443359375,170464200,0.010375675308640142,225.395,2.68,0.07
2011-07-08,102.96995544433594,194100500,-0.007092095273407817,225.395,2.63,0.07
2011-07-11,101.10823059082031,195918600,-0.018080272497758343,225.395,2.57,0.07
2011-07-12,100.67150115966797,214675700,-0.004319425120985154,225.395,2.55,0.07
2011-07-13,101.00857543945312,204062600,0.0033482591985050103,225.395,2.55,0.07
2011-07-14,100.31140899658203,226111800,-0.006902052027146888,225.395,2.6,0.07
2011-07-15,100.89366149902344,220012800,0.005804449446635163,225.395,2.57,0.07
2011-07-18,100.0662612915039,196872100,-0.008200715438675399,225.395,2.57,0.07
2011-07-19,101.69046783447266,166554900,0.016231310353818973,225.395,2.52,0.07
2011-07-20,101.62921142578125,137145400,-0.0006023810293716014,225.395,2.56,0.07
2011-07-21,103.03890991210938,245246300,0.013870996995362983,225.395,2.63,0.07
2011-07-22,103.10784149169922,126019400,0.0006689859165691647,225.395,2.59,0.07
2011-07-25,102.53324127197266,136653800,-0.005572808153226805,225.395,2.61,0.07
2011-07-26,102.15016174316406,131278200,-0.003736149604326444,225.395,2.58,0.07
2011-07-27,100.05860900878906,249020100,-0.020475275796760672,225.395,2.57,0.07
2011-07-28,99.7674560546875,207939900,-0.0029098241219402965,225.395,2.56,0.07
2011-07-29,99.0855941772461,307038400,-0.006834512018304317,225.395,2.46,0.07
2011-08-01,98.6642074584961,325790900,-0.004252754623403798,226.106,2.39,0.1
2011-08-02,96.14358520507812,346653800,-0.025547483918910374,226.106,2.33,0.1
2011-08-03,96.66455078125,370830800,0.005418620234107552,226.106,2.31,0.1
2011-08-04,92.13665771484375,520721800,-0.04684129838510065,226.106,2.2,0.1
2011-08-05,91.99877166748047,655619200,-0.0014965384113457825,226.106,2.3,0.1
2011-08-08,86.00749206542969,702263900,-0.065123473862299,226.106,2.13,0.1
2011-08-09,90.00678253173828,717828700,0.046499326631523674,226.106,2.01,0.1
2011-08-10,86.03046417236328,662607400,-0.0441779857864919,226.106,1.98,0.1
2011-08-11,89.89183044433594,487979700,0.04488370845281442,226.106,2.15,0.1
2011-08-12,90.49710845947266,313731600,0.006733404049565239,226.106,2.04,0.1
2011-08-15,92.41246795654297,258810600,0.02116486957070096,226.106,2.1,0.1
2011-08-16,91.6233139038086,294095200,-0.008539476005613,226.106,2.03,0.1
2011-08-17,91.68460845947266,238201100,0.0006689842688774039,226.106,1.98,0.1
2011-08-18,87.7313003540039,512956300,-0.043118557977113836,226.106,1.88,0.1
2011-08-19,86.29859161376953,428281300,-0.01633064521388905,226.106,1.87,0.1
2011-08-22,86.36759185791016,275090600,0.0007995523779742442,226.106,1.88,0.1
2011-08-23,89.20994567871094,331136600,0.03290995800226715,226.106,1.93,0.1
2011-08-24,90.46643829345703,246869700,0.014084669654113924,226.106,2.06,0.1
2011-08-25,89.08739471435547,312365400,-0.015243703688523569,226.106,2.01,0.1
2011-08-26,90.38215637207031,314495900,0.014533612323789358,226.106,1.99,0.1
2011-08-29,92.97940826416016,190977200,0.028736334652139872,226.106,2.08,0.1
2011-08-30,93.22454833984375,241315700,0.002636498556617406,226.106,1.99,0.1
2011-08-31,93.63829803466797,301828400,0.004438205410402407,226.106,2.03,0.1
2011-09-01,92.6576156616211,254585900,-0.010473090536991525,226.597,1.96,0.08
2011-09-02,90.29024505615234,255517200,-0.025549660311940392,226.597,1.82,0.08
2011-09-06,89.63135528564453,285130500,-0.007297463531060755,226.597,1.77,0.08
2011-09-07,92.15965270996094,209803200,0.02820773395938314,226.597,1.84,0.08
2011-09-08,91.20198059082031,250568200,-0.010391446701243034,226.597,1.81,0.08
2011-09-09,88.81156921386719,380195100,-0.026210081858613954,226.597,1.76,0.08
2011-09-12,89.38616943359375,305793500,0.006469880273625828,226.597,1.73,0.08
2011-09-13,90.20594787597656,272514700,0.009171200058996076,226.597,1.79,0.08
2011-09-14,91.45478057861328,319389500,0.013844239011309156,226.597,1.84,0.08
2011-09-15,93.03304290771484,326777200,0.01725729720323277,226.597,1.88,0.08
2011-09-16,93.58362579345703,284528300,0.005918143366420381,226.597,1.9,0.08
2011-09-19,92.65180206298828,241517000,-0.009957123616104901,226.597,1.81,0.08
2011-09-20,92.54401397705078,218932200,-0.0011633673985554926,226.597,1.77,0.08
2011-09-21,89.81781005859375,316251300,-0.02945845767110422,226.597,1.67,0.08
2011-09-22,86.91451263427734,513911300,-0.03232429539778814,226.597,1.52,0.08
2011-09-23,87.43818664550781,307242500,0.0060251619132238865,226.597,1.61,0.08
2011-09-26,89.51747131347656,260673700,0.023780052488949543,226.597,1.66,0.08
2011-09-27,90.51866149902344,311753900,0.011184299230715178,226.597,1.75,0.08
2011-09-28,88.67036437988281,286696800,-0.020418962107173533,226.597,1.76,0.08
2011-09-29,89.37117004394531,298108900,0.00790349367529486,226.597,1.72,0.08
2011-09-30,87.13785552978516,288392300,-0.024989205277965998,226.597,1.67,0.08
2011-10-03,84.6581039428711,365136800,-0.02845779910278423,226.597,1.56,0.08
2011-10-04,86.51404571533203,459177500,0.0219227892667353,226.597,1.56,0.08
2011-10-05,88.11589050292969,284108000,0.01851543034836678,226.597,1.67,0.08
2011-10-06,89.70999145507812,257800800,0.018090958884373176,226.597,1.72,0.08
2011-10-07,89.10930633544922,312657900,-0.00669585527638461,226.597,1.8,0.08
2011-10-10,92.08965301513672,230666300,0.03344596431340263,226.597,1.8,0.08
2011-10-11,92.18206024169922,209088000,0.001003448525832784,226.597,1.86,0.08
2011-10-12,92.99068450927734,281544900,0.008772035095092612,226.597,1.95,0.08
2011-10-13,92.80583190917969,212538800,-0.0019878614839018427,226.597,1.9,0.08
2011-10-14,94.39229583740234,211397600,0.017094442187374437,226.597,1.98,0.08
2011-10-17,92.5902099609375,202311600,-0.019091450848584768,226.597,1.9,0.08
2011-10-18,94.39999389648438,318857900,0.019546169474185193,226.597,1.91,0.08
2011-10-19,93.28329467773438,226601300,-0.01182944164143196,226.597,1.9,0.08
2011-10-20,93.69145965576172,262075600,0.004375542045737424,226.597,1.92,0.08
2011-10-21,95.47045135498047,278999400,0.01898776799673163,226.597,1.93,0.08
2011-10-24,96.6410140991211,203215600,0.012260995182564072,226.597,1.95,0.08
2011-10-25,94.76191711425781,268596800,-0.019444094232454523,226.597,1.88,0.08
2011-10-26,95.72457885742188,289053800,0.010158740689082402,226.597,1.95,0.08
2011-10-27,99.05915832519531,393220200,0.034835143779949895,226.597,2.11,0.08
2011-10-28,99.03604888916016,225906500,-0.00023328924277032925,226.597,2.06,0.08
2011-10-31,96.64869689941406,228146700,-0.024105888881108206,226.597,1.92,0.08
2011-11-01,93.95330810546875,416565800,-0.027888516663090668,227.169,1.78,0.08
2011-11-02,95.48582458496094,244717600,0.016311469073253315,227.169,1.8,0.08
2011-11-03,97.22628784179688,291174800,0.018227451712346188,227.169,1.85,0.08
2011-11-04,96.63330078125,249401600,-0.006099040431449598,227.169,1.84,0.08
2011-11-07,97.23394775390625,196617200,0.006215734822263119,227.169,1.79,0.08
2011-11-08,98.48155975341797,224426300,0.012831033073647857,227.169,1.85,0.08
2011-11-09,94.84664154052734,337982000,-0.036909632848950324,227.169,1.76,0.08
2011-11-10,95.73995971679688,231866500,0.009418553590933687,227.169,1.8,0.08
2011-11-11,97.54203033447266,189924400,0.018822554584380313,227.169,1.8,0.08
2011-11-14,96.61788177490234,159258300,-0.009474362553264393,227.169,1.8,0.08
2011-11-15,97.09535217285156,184709400,0.004941842950579423,227.169,1.8,0.08
2011-11-16,95.55514526367188,235782500,-0.015862828392009698,227.169,1.75,0.08
2011-11-17,94.03802490234375,331219600,-0.015876909162157893,227.169,1.69,0.08
2011-11-18,93.9378890991211,215580400,-0.0010648437515211606,227.169,1.72,0.08
2011-11-21,92.15125274658203,229611600,-0.019019336815774612,227.169,1.7,0.08
2011-11-22,91.78929901123047,216494900,-0.003927822189752961,227.169,1.68,0.08
2011-11-23,89.76393127441406,224329100,-0.022065401507953553,227.169,1.63,0.08
2011-11-25,89.594482421875,99557000,-0.0018877164818132952,227.169,1.69,0.08
2011-11-28,92.18975067138672,210686000,0.028966831208325328,227.169,1.71,0.08
2011-11-29,92.45160675048828,199241500,0.0028404033766720183,227.169,1.73,0.08
2011-11-30,96.25591278076172,324439500,0.041149160777060656,227.169,1.83,0.08
2011-12-01,96.24053192138672,176954800,-0.00015979132014498632,227.223,1.84,0.07
2011-12-02,96.15582275390625,221109700,-0.0008801818297270447,227.223,1.8,0.07
2011-12-05,97.20320129394531,225263900,0.010892512902932916,227.223,1.77,0.07
2011-12-06,97.23394775390625,178842100,0.00031631118678854264,227.223,1.83,0.07
2011-12-07,97.59590911865234,237802500,0.00372258221647237,227.223,1.78,0.07
2011-12-08,95.45501708984375,240862800,-0.021936288602074527,227.223,1.77,0.07
2011-12-09,97.072265625,209111400,0.01694251998964158,227.223,1.85,0.07
2011-12-12,95.65525817871094,215826100,-0.014597448994990048,227.223,1.79,0.07
2011-12-13,94.76191711425781,245159800,-0.009339173626860209,227.223,1.72,0.07
2011-12-14,93.75306701660156,238618800,-0.010646155421695891,227.223,1.67,0.07
2011-12-15,94.0919189453125,199109200,0.0036143023315806655,227.223,1.66,0.07
2011-12-16,94.23143768310547,220481400,0.001482791926839644,227.223,1.62,0.07
2011-12-19,93.22396087646484,183903000,-0.0106915147578317,227.223,1.58,0.07
2011-12-20,96.04492950439453,225418100,0.03026012412911605,227.223,1.68,0.07
2011-12-21,96.23091888427734,194230900,0.001936483069356676,227.223,1.7,0.07
2011-12-22,97.08340454101562,119465400,0.008858750042316954,227.223,1.69,0.07
2011-12-23,97.9513931274414,92187200,0.008940648409781149,227.223,1.75,0.07
2011-12-27,98.0289077758789,86075700,0.000791358304997658,227.223,1.72,0.07
2011-12-28,96.74240112304688,119107100,-0.013123747698723154,227.223,1.65,0.07
2011-12-29,97.74213409423828,123507200,0.010333968968992746,227.223,1.63,0.07
2011-12-30,97.26163482666016,95599000,-0.004915989118007724,227.223,1.64,0.07
2012-01-03,98.8116455078125,193697900,0.015936506556925245,227.223,1.7,0.07
2012-01-04,98.96663665771484,127186500,0.0015685514506496023,227.223,1.75,0.07
2012-01-05,99.23011016845703,173895000,0.002662245779387673,227.223,1.75,0.07
2012-01-06,98.974365234375,148050000,-0.0025772916471408225,227.223,1.73,0.07
2012-01-09,99.21464538574219,99530200,0.0024277008576736314,227.223,1.72,0.07
2012-01-10,100.07489013671875,115282000,0.008670542011534277,227.223,1.76,0.07
2012-01-11,100.12913513183594,111540700,0.0005420440136689741,227.223,1.69,0.07
2012-01-12,100.36937713623047,118983700,0.0023993216767348446,227.223,1.72,0.07
2012-01-13,99.8501205444336,179836200,-0.005173456353047778,227.223,1.65,0.07
2012-01-17,100.23765563964844,132209200,0.0038811680256549685,227.223,1.66,0.07
2012-01-18,101.34586334228516,163395200,0.011055802288719718,227.223,1.68,0.07
2012-01-19,101.88062286376953,126328900,0.0052765796634273165,227.223,1.75,0.07
2012-01-20,102.26034545898438,138230200,0.003727132643492004,227.223,1.79,0.07
2012-01-23,101.99687194824219,129295800,-0.0025764973662040225,227.223,1.83,0.07
2012-01-24,101.88062286376953,103083300,-0.0011397318589499994,227.223,1.84,0.07
2012-01-25,102.73311614990234,198613200,0.008367570418888581,227.223,1.79,0.07
2012-01-26,102.20613098144531,184880500,-0.005129652328350276,227.223,1.74,0.07
2012-01-27,102.15962219238281,135259100,-0.0004550489155189519,227.223,1.71,0.07
2012-01-30,101.81087493896484,147311800,-0.0034137484647429606,227.223,1.65,0.07
2012-01-31,101.7721176147461,157212000,-0.00038067961052279387,227.223,1.61,0.07
2012-02-01,102.6633529663086,166234500,0.008757166230305202,228.329,1.64,0.1
2012-02-02,102.82611846923828,113090400,0.0015854294470891706,228.329,1.63,0.1
2012-02-03,104.26758575439453,160598500,0.014018493614416538,228.329,1.74,0.1
2012-02-06,104.19781494140625,107694500,-0.0006691515151471261,228.329,1.69,0.1
2012-02-07,104.46134185791016,135528100,0.0025291021376225853,228.329,1.75,0.1
2012-02-08,104.77132415771484,139361400,0.002967435553588249,228.329,1.74,0.1
2012-02-09,104.903076171875,148602900,0.001257519795796691,228.329,1.77,0.1
2012-02-10,104.12808227539062,167907500,-0.007387713733147505,228.329,1.69,0.1
2012-02-13,104.903076171875,115841900,0.007442698257274394,228.329,1.7,0.1
2012-02-14,104.77132415771484,165329500,-0.0012559404258488671,228.329,1.63,0.1
2012-02-15,104.28312683105469,195195100,-0.004659646430785425,228.329,1.64,0.1
2012-02-16,105.43782806396484,186567800,0.01107275230422311,228.329,1.7,0.1
2012-02-17,105.71685791015625,129869400,0.002646392203964343,228.329,1.72,0.1
2012-02-21,105.76333618164062,134042300,0.00043964862750534017,228.329,1.74,0.1
2012-02-22,105.42231750488281,124455300,-0.0032243562757148236,228.329,1.72,0.1
2012-02-23,105.88733673095703,137704300,0.004411013123978069,228.329,1.68,0.1
2012-02-24,106.11982727050781,105539100,0.0021956406377610094,228.329,1.67,0.1
2012-02-27,106.29801940917969,145728900,0.0016791597127052693,228.329,1.62,0.1
2012-02-28,106.6080551147461,129355900,0.0029166649321372695,228.329,1.64,0.1
2012-02-29,106.1895751953125,185934700,-0.0039254061898340575,228.329,1.68,0.1
2012-03-01,106.73982238769531,145023500,0.005181743983538434,228.807,1.73,0.13
2012-03-02,106.41431427001953,120638300,-0.003049547117415008,228.807,1.71,0.13
2012-03-05,105.9803237915039,140765000,-0.004078309215190701,228.807,1.69,0.13
2012-03-06,104.43033599853516,202129900,-0.01462524115342445,228.807,1.66,0.13
2012-03-07,105.1588363647461,143692200,0.006975945823071594,228.807,1.68,0.13
2012-03-08,106.20509338378906,116968900,0.009949301981756475,228.807,1.71,0.13
2012-03-09,106.61583709716797,122836800,0.003867457767723126,228.807,1.71,0.13
2012-03-12,106.62359619140625,104003500,7.277618831813548e-05,228.807,1.71,0.13
2012-03-13,108.54554748535156,184090500,0.018025571848984567,228.807,1.79,0.13
2012-03-14,108.4293212890625,145163600,-0.001070759685511291,228.807,1.89,0.13
2012-03-15,109.05704498291016,165118500,0.0057892430422412655,228.807,1.92,0.13
2012-03-16,109.2080307006836,152893500,0.00138446551341187,228.807,1.94,0.13
2012-03-19,109.63621520996094,125291100,0.003920815223295238,228.807,2.0,0.13
2012-03-20,109.31707000732422,121729700,-0.002910946916815149,228.807,1.97,0.13
2012-03-21,109.13799285888672,122388400,-0.0016381444217770103,228.807,1.92,0.13
2012-03-22,108.35181427001953,135216700,-0.007203528013234539,228.807,1.92,0.13
2012-03-23,108.70211029052734,120521000,0.0032329502082433237,228.807,1.88,0.13
2012-03-26,110.22772216796875,120164000,0.014034795399683775,228.807,1.9,0.13
2012-03-27,109.88526153564453,119868500,-0.003106846676939945,228.807,1.87,0.13
2012-03-28,109.3404312133789,148562100,-0.004958174687411443,228.807,1.87,0.13
2012-03-29,109.1535873413086,164963700,-0.0017088269178825444,228.807,1.85,0.13
2012-03-30,109.60504913330078,135486800,0.004136023405080902,228.807,1.9,0.13
2012-04-02,110.40675354003906,151741100,0.007314484260330545,228.807,1.89,0.13
2012-04-03,109.9552993774414,155806700,-0.004089008580747122,228.807,1.94,0.13
2012-04-04,108.86558532714844,146896000,-0.00991051869680537,228.807,1.9,0.13
2012-04-05,108.81109619140625,137439400,-0.0005005175471977097,228.807,1.84,0.13
2012-04-09,107.58903503417969,127555900,-0.011231034333822665,228.807,1.74,0.13
2012-04-10,105.78313446044922,235360300,-0.016785173072300097,228.807,1.73,0.13
2012-04-11,106.63939666748047,154133000,0.008094505909648442,228.807,1.75,0.13
2012-04-12,108.03268432617188,154321500,0.013065412054382719,228.807,1.79,0.13
2012-04-13,106.74835205078125,169246700,-0.011888367704656622,228.807,1.75,0.13
2012-04-16,106.67830657958984,147825300,-0.0006561737942154533,228.807,1.73,0.13
2012-04-17,108.25841522216797,147877600,0.014811902187435333,228.807,1.76,0.13
2012-04-18,107.89260864257812,123884200,-0.003379012881715826,228.807,1.73,0.13
2012-04-19,107.19982147216797,198666700,-0.006421080916721444,228.807,1.71,0.13
2012-04-20,107.37886047363281,143199600,0.0016701427204459662,228.807,1.7,0.13
2012-04-23,106.47591400146484,171844900,-0.008408977970013831,228.807,1.69,0.13
2012-04-24,106.88066101074219,137484200,0.003801301102442478,228.807,1.73,0.13
2012-04-25,108.34403991699219,150252200,0.01369170898094385,228.807,1.75,0.13
2012-04-26,109.0991439819336,136291600,0.006969502572729658,228.807,1.72,0.13
2012-04-27,109.27815246582031,130725000,0.001640787245006825,228.807,1.7,0.13
2012-04-30,108.87336730957031,115092200,-0.003704172765700897,228.807,1.68,0.13
2012-05-01,109.55056762695312,138832200,0.006220073229270762,228.713,1.71,0.16
2012-05-02,109.22364044189453,121081000,-0.0029842582484087554,228.713,1.69,0.16
2012-05-03,108.39069366455078,143759700,-0.0076260667926268955,228.713,1.68,0.16
2012-05-04,106.63939666748047,193927300,-0.016157263486939688,228.713,1.64,0.16
2012-05-07,106.71724700927734,127765900,0.000730033591990642,228.713,1.65,0.16
2012-05-08,106.28910064697266,213377700,-0.00401196970783424,228.713,1.61,0.16
2012-05-09,105.65861511230469,220752500,-0.005931798564765889,228.713,1.6,0.16
2012-05-10,105.8765869140625,150600000,0.0020629818167323677,228.713,1.62,0.16
2012-05-11,105.55741882324219,153032400,-0.0030145294641900078,228.713,1.57,0.16
2012-05-14,104.38983917236328,163910000,-0.011061085652672498,228.713,1.49,0.16
2012-05-15,103.79049682617188,207629300,-0.005741385856546821,228.713,1.47,0.16
2012-05-16,103.39348602294922,207265500,-0.003825117090320629,228.713,1.46,0.16
2012-05-17,101.86006164550781,247992900,-0.014830957310995818,228.713,1.38,0.16
2012-05-18,100.98825073242188,319615900,-0.008558908162847989,228.713,1.39,0.16
2012-05-21,102.72411346435547,177861100,0.017188759279858523,228.713,1.45,0.16
2012-05-22,102.90310668945312,197531200,0.0017424655133164713,228.713,1.49,0.16
2012-05-23,102.95759582519531,204958400,0.0005295188599760969,228.713,1.45,0.16
2012-05-24,103.15998840332031,167357600,0.001965785782999774,228.713,1.48,0.16
2012-05-25,102.82524108886719,135465600,-0.00324493361849143,228.713,1.45,0.16
2012-05-29,104.07069396972656,152883500,0.012112326386699124,228.713,1.44,0.16
2012-05-30,102.56060028076172,162370400,-0.014510268274026461,228.713,1.36,0.16
2012-05-31,102.33487701416016,196186000,-0.0022008770032901914,228.713,1.32,0.16
2012-06-01,99.7583999633789,253240900,-0.025176920380963974,228.524,1.22,0.16
2012-06-04,99.71172332763672,202545800,-0.00046789679625292013,228.524,1.28,0.16
2012-06-05,100.46675109863281,164149400,0.00757210632610561,228.524,1.32,0.16
2012-06-06,102.72411346435547,184202800,0.022468750517337766,228.524,1.4,0.16
2012-06-07,102.78633880615234,184772700,0.0006057520449516129,228.524,1.39,0.16
2012-06-08,103.60364532470703,143915400,0.007951509199058737,228.524,1.37,0.16
2012-06-11,102.28813934326172,169756100,-0.012697487403289243,228.524,1.33,0.16
2012-06-12,103.46355438232422,181931800,0.011491215370708963,228.524,1.37,0.16
2012-06-13,102.80192565917969,172223900,-0.006394799860631517,228.524,1.31,0.16
2012-06-14,103.89163970947266,230615500,0.01060013266585802,228.524,1.34,0.16
2012-06-15,104.9542236328125,169444500,0.010227809728591275,228.524,1.31,0.16
2012-06-18,105.1576156616211,131360900,0.0019379118035323106,228.524,1.3,0.16
2012-06-19,106.17474365234375,137382600,0.009672413969479932,228.524,1.34,0.16
2012-06-20,106.00263977050781,206451800,-0.0016209493511891715,228.524,1.33,0.16
2012-06-21,103.62403106689453,205272200,-0.022439145937901972,228.524,1.31,0.16
2012-06-22,104.42211151123047,130029200,0.007701692706981511,228.524,1.38,0.16
2012-06-25,102.74776458740234,146375700,-0.01603440975858883,228.524,1.32,0.16
2012-06-26,103.26415252685547,141634000,0.00502578271679921,228.524,1.35,0.16
2012-06-27,104.19524383544922,108088000,0.009016597587934605,228.524,1.34,0.16
2012-06-28,103.89788818359375,169242100,-0.0028538313353829725,228.524,1.29,0.16
2012-06-29,106.48778533935547,212250900,0.024927332028012117,228.524,1.34,0.16
2012-07-02,106.80854797363281,129524500,0.00301220119523693,228.524,1.31,0.16
2012-07-03,107.51274108886719,80450000,0.006593040806136763,228.524,1.35,0.16
2012-07-05,107.02759552001953,126177500,-0.004512447212620563,228.524,1.34,0.16
2012-07-06,106.01044464111328,151192100,-0.00950363197420423,228.524,1.3,0.16
2012-07-09,105.87744903564453,103780500,-0.0012545519068332123,228.524,1.26,0.16
2012-07-10,104.9542236328125,167884800,-0.008719754879258801,228.524,1.26,0.16
2012-07-11,104.96984100341797,141733400,0.0001488017353175053,228.524,1.27,0.16
2012-07-12,104.46126556396484,143583200,-0.004844967226696695,228.524,1.25,0.16
2012-07-13,106.2138671875,129642600,0.01677752623494677,228.524,1.27,0.16
2012-07-16,105.9635009765625,97525200,-0.0023571894853948727,228.524,1.26,0.16
2012-07-17,106.69117736816406,138860300,0.006867236217143358,228.524,1.28,0.16
2012-07-18,107.48139190673828,113349700,0.007406559361955445,228.524,1.3,0.16
2012-07-19,107.76309204101562,129847300,0.002620920042808672,228.524,1.32,0.16
2012-07-20,106.77722930908203,142904500,-0.009148426546246147,228.524,1.27,0.16
2012-07-23,105.69747161865234,145210900,-0.01011224675351119,228.524,1.25,0.16
2012-07-24,104.78987884521484,173301200,-0.008586702780479127,228.524,1.22,0.16
2012-07-25,104.81339263916016,129122300,0.00022438993349771508,228.524,1.21,0.16
2012-07-26,106.54249572753906,156526500,0.016496967084461023,228.524,1.22,0.16
2012-07-27,108.50639343261719,236768900,0.01843299888619465,228.524,1.33,0.16
2012-07-30,108.50639343261719,106782000,0.0,228.524,1.3,0.16
2012-07-31,107.74748229980469,120575900,-0.006994160517221348,228.524,1.28,0.16
2012-08-01,107.65350341796875,138293800,-0.0008722141792087967,229.918,1.32,0.13
2012-08-02,106.91024017333984,199556600,-0.0069042178938028,229.918,1.27,0.13
2012-08-03,109.0306396484375,157825000,0.019833455351514706,229.918,1.36,0.13
2012-08-06,109.24185180664062,86326200,0.0019371816847462142,229.918,1.35,0.13
2012-08-07,109.7895736694336,109545100,0.005013846376043185,229.918,1.39,0.13
2012-08-08,109.92255401611328,89754700,0.0012112292837576089,229.918,1.39,0.13
2012-08-09,110.01648712158203,90291700,0.0008545389643601631,229.918,1.4,0.13
2012-08-10,110.1964111328125,99792700,0.0016354277066821243,229.918,1.38,0.13
2012-08-13,110.14166259765625,79426900,-0.000496826843936593,229.918,1.38,0.13
2012-08-14,110.15728759765625,102379400,0.0001418627577565168,229.918,1.46,0.13
2012-08-15,110.2824935913086,71085900,0.0011366110802368823,229.918,1.53,0.13
2012-08-16,111.09623718261719,112014200,0.007378719548400969,229.918,1.54,0.13
2012-08-17,111.2448501586914,90813700,0.0013376958558004581,229.918,1.52,0.13
2012-08-20,111.25272369384766,78255700,7.077662601928658e-05,229.918,1.53,0.13
2012-08-21,110.916259765625,105581100,-0.003024320817066495,229.918,1.49,0.13
2012-08-22,110.96318054199219,133243500,0.0004230288369471147,229.918,1.45,0.13
2012-08-23,110.05559539794922,111466400,-0.008179155820966288,229.918,1.42,0.13
2012-08-24,110.72063446044922,99481200,0.006042755573628877,229.918,1.4,0.13
2012-08-27,110.74415588378906,68785900,0.00021243938362958126,229.918,1.37,0.13
2012-08-28,110.63458251953125,75689600,-0.000989427960178757,229.918,1.37,0.13
2012-08-29,110.72063446044922,65421300,0.0007778032777661092,229.918,1.39,0.13
2012-08-30,109.92255401611328,96589900,-0.00720805519427381,229.918,1.36,0.13
2012-08-31,110.4468002319336,151970400,0.004769232488388786,229.918,1.35,0.13
2012-09-04,110.34510040283203,120226200,-0.0009208037615213716,229.918,1.36,0.13
2012-09-05,110.25117492675781,100660300,-0.0008511975224212431,229.918,1.35,0.13
2012-09-06,112.4889144897461,158272500,0.020296741186430545,229.918,1.41,0.13
2012-09-07,112.92709350585938,107272100,0.003895308423064403,229.918,1.42,0.13
2012-09-10,112.28550720214844,86458500,-0.005681420497001044,229.918,1.43,0.13
2012-09-11,112.59848022460938,88760000,0.002787296689122032,229.918,1.45,0.13
2012-09-12,112.97402954101562,87640900,0.003335296494740625,229.918,1.52,0.13
2012-09-13,114.69532012939453,225470200,0.015236161756574162,229.918,1.51,0.13
2012-09-14,115.20391845703125,169777000,0.0044343424567188094,229.918,1.61,0.13
2012-09-17,114.81270599365234,119427800,-0.0033958260154564046,229.918,1.6,0.13
2012-09-18,114.71884155273438,98326600,-0.0008175440174988946,229.918,1.57,0.13
2012-09-19,114.78143310546875,128318300,0.0005456083053767546,229.918,1.52,0.13
2012-09-20,114.78927612304688,154009800,6.833001963757468e-05,229.918,1.53,0.13
2012-09-21,114.74126434326172,108737500,-0.00041826014943846523,229.918,1.5,0.13
2012-09-24,114.56820678710938,95682000,-0.001508241670011734,229.918,1.47,0.13
2012-09-25,113.3489990234375,133165200,-0.010641763521160863,229.918,1.43,0.13
2012-09-26,112.71184539794922,146502200,-0.005621166759104179,229.918,1.38,0.13
2012-09-27,113.77375030517578,111830300,0.009421413547771484,229.918,1.41,0.13
2012-09-28,113.24674987792969,150696100,-0.004632003654907346,229.918,1.42,0.13
2012-10-01,113.54561614990234,135911200,0.002639071516796765,231.638,1.39,0.16
2012-10-02,113.66366577148438,113422200,0.001039666924931515,231.638,1.41,0.16
2012-10-03,114.12770080566406,121283100,0.004082527437682781,231.638,1.41,0.16
2012-10-04,114.94580841064453,124311600,0.007168352636609532,231.638,1.47,0.16
2012-10-05,114.95368957519531,124842100,6.856417523826153e-05,231.638,1.48,0.16
2012-10-08,114.56034088134766,78415400,-0.0034218013819413695,231.638,1.48,0.16
2012-10-09,113.42765808105469,148872900,-0.009887215694182605,231.638,1.49,0.16
2012-10-10,112.7039566040039,124247500,-0.006380291097376145,231.638,1.45,0.16
2012-10-11,112.76692962646484,123601500,0.0005587472202257526,231.638,1.42,0.16
2012-10-12,112.39722442626953,124181900,-0.0032784895484868626,231.638,1.42,0.16
2012-10-15,113.33319854736328,107689100,0.008327377529751434,231.638,1.43,0.16
2012-10-16,114.481689453125,108815500,0.010133755338086248,231.638,1.48,0.16
2012-10-17,115.00084686279297,128834100,0.00453485105039908,231.638,1.53,0.16
2012-10-18,114.70194244384766,148108500,-0.002599149720192373,231.638,1.57,0.16
2012-10-19,112.79049682617188,185645200,-0.016664457261580612,231.638,1.49,0.16
2012-10-22,112.80624389648438,125578600,0.00013961344932078568,231.638,1.51,0.16
2012-10-23,111.24090576171875,192056300,-0.013876343016988035,231.638,1.5,0.16
2012-10-24,110.92625427246094,120179400,-0.002828559216623061,231.638,1.51,0.16
2012-10-25,111.24876403808594,134457400,0.0029074250071838836,231.638,1.55,0.16
2012-10-26,111.18585205078125,146023500,-0.0005655072921363358,231.638,1.48,0.16
2012-10-31,111.18585205078125,103438500,0.0,231.638,1.42,0.16
2012-11-01,112.3499755859375,100995600,0.01047006893129332,231.249,1.45,0.16
2012-11-02,111.35101318359375,137702200,-0.008891523092318221,231.249,1.47,0.16
2012-11-05,111.57917022705078,98378500,0.002048989379924704,231.249,1.44,0.16
2012-11-06,112.45223236083984,107068100,0.007824597834994451,231.249,1.48,0.16
2012-11-07,109.90369415283203,264304500,-0.02266329582351012,231.249,1.41,0.16
2012-11-08,108.5821762084961,181517300,-0.012024326884756298,231.249,1.35,0.16
2012-11-09,108.67658996582031,201055300,0.0008695143219723533,231.249,1.34,0.16
2012-11-12,108.76309967041016,97677500,0.000796028883654154,231.249,1.34,0.16
2012-11-13,108.38555145263672,123018300,-0.0034712896094128975,231.249,1.32,0.16
2012-11-14,106.9224853515625,191505000,-0.013498718984823022,231.249,1.34,0.16
2012-11-15,106.74153137207031,178128400,-0.001692384711197148,231.249,1.34,0.16
2012-11-16,107.26856994628906,239483900,0.004937521201392903,231.249,1.34,0.16
2012-11-19,109.43959045410156,151495800,0.02023911112919241,231.249,1.36,0.16
2012-11-20,109.48674011230469,119807400,0.0004308281674618719,231.249,1.39,0.16
2012-11-21,109.69131469726562,81710800,0.0018684873140901725,231.249,1.42,0.16
2012-11-23,111.18585205078125,65409200,0.013624937923666591,231.249,1.41,0.16
2012-11-26,110.94987487792969,100124400,-0.0021223669063918926,231.249,1.39,0.16
2012-11-27,110.3835220336914,128646200,-0.005104582991746542,231.249,1.37,0.16
2012-11-28,111.27235412597656,177086500,0.008052217177975773,231.249,1.36,0.16
2012-11-29,111.79149627685547,151085900,0.004665508831521281,231.249,1.37,0.16
2012-11-30,111.81511688232422,136568300,0.00021129161211197456,231.249,1.37,0.16
2012-12-03,111.2645263671875,124656300,-0.004924115186644817,231.249,1.38,0.16
2012-12-04,111.107177734375,127512200,-0.0014141850772206865,231.249,1.37,0.16
2012-12-05,111.30381774902344,147300500,0.0017698227842537495,231.249,1.35,0.16
2012-12-06,111.68140411376953,103220600,0.003392393651738823,231.249,1.34,0.16
2012-12-07,112.01964569091797,108726400,0.003028629339257627,231.249,1.39,0.16
2012-12-10,112.06684112548828,98840700,0.0004213139068527383,231.249,1.39,0.16
2012-12-11,112.8298110961914,152570400,0.006808168794985248,231.249,1.42,0.16
2012-12-12,112.8849105834961,145880100,0.0004883415718714978,231.249,1.47,0.16
2012-12-13,112.19269561767578,135715000,-0.006132041583257641,231.249,1.47,0.16
2012-12-14,111.77578735351562,137701700,-0.0037160018472225387,231.249,1.48,0.16
2012-12-17,113.08941650390625,143238200,0.011752358730750645,231.249,1.53,0.16
2012-12-18,114.34795379638672,177762800,0.011128692068518964,231.249,1.56,0.16
2012-12-19,113.49842834472656,150895400,-0.007429301736110339,231.249,1.54,0.16
2012-12-20,114.15133666992188,168487000,0.005752575914198976,231.249,1.53,0.16
2012-12-21,113.1150894165039,245883800,-0.00907783722598332,231.249,1.51,0.16
2012-12-24,112.7666015625,53874600,-0.0030808255185188482,231.249,1.53,0.16
2012-12-26,112.29126739501953,106947700,-0.004215203445827154,231.249,1.51,0.16
2012-12-27,112.1407699584961,167920600,-0.0013402416769775494,231.249,1.48,0.16
2012-12-28,110.9287338256836,148806700,-0.010808166675341013,231.249,1.46,0.16
2012-12-31,112.81413269042969,243935200,0.01699648774238116,231.249,1.53,0.16
2013-01-02,115.70556640625,192059000,0.025630066436397758,231.249,1.59,0.16
2013-01-03,115.44412994384766,144761800,-0.0022594977106323855,231.249,1.65,0.16
2013-01-04,115.95112609863281,116817700,0.004391701466603504,231.249,1.66,0.16
2013-01-07,115.63426208496094,110002500,-0.0027327377002128728,231.249,1.65,0.16
2013-01-08,115.30157470703125,121265100,-0.002877065775585219,231.249,1.64,0.16
2013-01-09,115.59461212158203,90745600,0.0025414866648210133,231.249,1.64,0.16
2013-01-10,116.51360321044922,130735400,0.007950120442470121,231.249,1.65,0.16
2013-01-11,116.50570678710938,113917300,-6.777254434042757e-05,231.249,1.63,0.16
2013-01-14,116.42642211914062,89567200,-0.0006805217543002229,231.249,1.63,0.16
2013-01-15,116.50570678710938,93172600,0.0006809851795293032,231.249,1.6,0.16
2013-01-16,116.48983001708984,104849500,-0.00013627461226894955,231.249,1.58,0.16
2013-01-17,117.24238586425781,133833500,0.006460270798382739,231.249,1.61,0.16
2013-01-18,117.50377655029297,169906000,0.002229489651786709,231.249,1.61,0.16
2013-01-22,118.1375732421875,111797300,0.0053938410364475775,231.249,1.6,0.16
2013-01-23,118.32765197753906,104596100,0.0016089608930927035,231.249,1.6,0.16
2013-01-24,118.35941314697266,146426400,0.00026841713583247717,231.249,1.65,0.16
2013-01-25,119.02482604980469,147211600,0.005621968588216619,231.249,1.7,0.16
2013-01-28,118.88219451904297,113357700,-0.0011983342928981733,231.249,1.71,0.16
2013-01-29,119.34957885742188,105694400,0.00393149150947103,231.249,1.73,0.16
2013-01-30,118.88219451904297,137447700,-0.003916095413602272,231.249,1.76,0.16
2013-01-31,118.58905029296875,108975800,-0.0024658379436902633,231.249,1.75,0.16
2013-02-01,119.80905151367188,131173000,0.010287638004429223,232.937,1.77,0.15
2013-02-04,118.46237182617188,159073600,-0.011240216582019458,232.937,1.75,0.15
2013-02-05,119.65862274169922,113912400,0.01009815097474731,232.937,1.77,0.15
2013-02-06,119.74568939208984,138762800,0.000727625376221841,232.937,1.73,0.15
2013-02-07,119.58724212646484,162490000,-0.0013231980744308203,232.937,1.74,0.15
2013-02-08,120.25269317626953,103133700,0.0055645655671276995,232.937,1.74,0.15
2013-02-11,120.22891998291016,73775000,-0.00019769364603361428,232.937,1.72,0.15
2013-02-12,120.42689514160156,65392700,0.0016466517267188507,232.937,1.73,0.15
2013-02-13,120.52996063232422,82322600,0.0008558344927971362,232.937,1.76,0.15
2013-02-14,120.64081573486328,80834300,0.0009197306790569293,232.937,1.73,0.15
2013-02-15,120.4982681274414,215226500,-0.0011815868995378453,232.937,1.72,0.15
2013-02-19,121.4013442993164,95105400,0.007494515779429278,232.937,1.74,0.15
2013-02-20,119.88825225830078,160574800,-0.012463552605192607,232.937,1.75,0.15
2013-02-21,119.1595230102539,183257000,-0.006078404133182391,232.937,1.73,0.15
2013-02-22,120.323974609375,106356600,0.009772207623060858,232.937,1.7,0.15
2013-02-25,118.0345458984375,245824800,-0.019027203168529017,232.937,1.63,0.15
2013-02-26,118.84256744384766,186596200,0.006845636074250816,232.937,1.63,0.15
2013-02-27,120.33980560302734,150781900,0.012598500616263886,232.937,1.64,0.15
2013-02-28,120.10218048095703,126866000,-0.0019746177989864444,232.937,1.64,0.15
2013-03-01,120.4982681274414,170634800,0.0032979221934041902,232.282,1.61,0.14
2013-03-04,121.13990783691406,99010200,0.005324887398332034,232.282,1.64,0.14
2013-03-05,122.22515106201172,121431900,0.00895859378198205,232.282,1.65,0.14
2013-03-06,122.39155578613281,94469900,0.0013614605723553108,232.282,1.7,0.14
2013-03-07,122.61341094970703,86101400,0.0018126672395757382,232.282,1.75,0.14
2013-03-08,123.13616943359375,123477800,0.004263469059686553,232.282,1.79,0.14
2013-03-11,123.60358428955078,83746800,0.0037959184381572975,232.282,1.8,0.14
2013-03-12,123.32633209228516,105755800,-0.0022430757073851337,232.282,1.76,0.14
2013-03-13,123.50051879882812,92550900,0.0014124048253751909,232.282,1.77,0.14
2013-03-14,124.15806579589844,126329900,0.005324244816666823,232.282,1.77,0.14
2013-03-15,123.99419403076172,138601100,-0.0013198640304699083,232.282,1.76,0.14
2013-03-18,123.30988311767578,126704300,-0.0055188948033821905,232.282,1.7,0.14
2013-03-19,123.0234603881836,167567300,-0.002322788103033435,232.282,1.68,0.14
2013-03-20,123.88280487060547,113759300,0.006985208184766778,232.282,1.7,0.14
2013-03-21,122.8244857788086,128605000,-0.008542905473461593,232.282,1.68,0.14
2013-03-22,123.81120300292969,111163600,0.008033554692816303,232.282,1.67,0.14
2013-03-25,123.2939682006836,151322300,-0.004177609050724174,232.282,1.69,0.14
2013-03-26,124.28067016601562,86856600,0.008002840526034394,232.282,1.67,0.14
2013-03-27,124.28067016601562,99950600,0.0,232.282,1.62,0.14
2013-03-28,124.66259002685547,102932800,0.00307304313961021,232.282,1.62,0.14
2013-04-01,124.16925811767578,99194100,-0.003957337233835845,231.797,1.63,0.15
2013-04-02,124.78190612792969,101504300,0.00493397495919079,231.797,1.63,0.15
2013-04-03,123.51675415039062,154167400,-0.01013890568590925,231.797,1.59,0.15
2013-04-04,124.01807403564453,131885000,0.004058719715412051,231.797,1.56,0.15
2013-04-05,123.46112823486328,159666000,-0.004490843815403656,231.797,1.48,0.15
2013-04-08,124.29659271240234,86571200,0.006767024483606887,231.797,1.52,0.15
2013-04-09,124.72620391845703,101922200,0.0034563393628070926,231.797,1.54,0.15
2013-04-10,126.25399780273438,135711100,0.01224918129694852,231.797,1.6,0.15
2013-04-11,126.6677474975586,110142500,0.0032771215329805425,231.797,1.58,0.15
2013-04-12,126.35738372802734,116359900,-0.002450219378356211,231.797,1.53,0.15
2013-04-15,123.42923736572266,217259000,-0.02317352794045857,231.797,1.5,0.15
2013-04-16,125.25138854980469,147507800,0.014762719295453142,231.797,1.51,0.15
2013-04-17,123.42131805419922,226834800,-0.014611179299443555,231.797,1.49,0.15
2013-04-18,122.64946746826172,167583200,-0.006253786607582246,231.797,1.48,0.15
2013-04-19,123.71570587158203,149687600,0.008693379802861667,231.797,1.49,0.15
2013-04-22,124.26472473144531,106553500,0.004437745846377572,231.797,1.48,0.15
2013-04-23,125.54583740234375,166141300,0.010309544190172382,231.797,1.51,0.15
2013-04-24,125.62542724609375,96781200,0.0006339504789389938,231.797,1.5,0.15
2013-04-25,126.1346206665039,131060600,0.004053267173473429,231.797,1.51,0.15
2013-04-26,125.91183471679688,95918800,-0.0017662553589951058,231.797,1.48,0.15
2013-04-29,126.7553482055664,88572800,0.006699239119712486,231.797,1.5,0.15
2013-04-30,127.05764770507812,116010700,0.002384905282430072,231.797,1.48,0.15
2013-05-01,125.94367218017578,138874200,-0.008767481100296015,231.893,1.46,0.11
2013-05-02,127.11331939697266,96407600,0.009287066166560276,231.893,1.46,0.11
2013-05-03,128.40240478515625,144202300,0.010141229843568134,231.893,1.56,0.11
2013-05-06,128.7286376953125,66882100,0.0025407071674561355,231.893,1.58,0.11
2013-05-07,129.38108825683594,90359200,0.00506841813293879,231.893,1.6,0.11
2013-05-08,129.96990966796875,97419200,0.004551062439387854,231.893,1.59,0.11
2013-05-09,129.6039276123047,106738600,-0.002815898361390179,231.893,1.59,0.11
2013-05-10,130.025634765625,103203000,0.00325381461109564,231.893,1.64,0.11
2013-05-13,130.12905883789062,81843200,0.000795412938779716,231.893,1.68,0.11
2013-05-14,131.47377014160156,119000900,0.010333674244014324,231.893,1.7,0.11
2013-05-15,132.1820068359375,120718500,0.0053869048828001365,231.893,1.68,0.11
2013-05-16,131.56134033203125,109913600,-0.004695544565884946,231.893,1.64,0.11
2013-05-17,132.83447265625,129801000,0.009677100590535614,231.893,1.69,0.11
2013-05-20,132.8264617919922,85071200,-6.030711830762314e-05,231.893,1.71,0.11
2013-05-21,133.0174560546875,95804200,0.001437923288165388,231.893,1.68,0.11
2013-05-22,132.03085327148438,244031800,-0.007417092556615268,231.893,1.77,0.11
2013-05-23,131.6488494873047,211064400,-0.0028932917928978785,231.893,1.76,0.11
2013-05-24,131.53749084472656,151573900,-0.0008458763066430119,231.893,1.75,0.11
2013-05-28,132.3251953125,143679800,0.0059884407305843546,231.893,1.86,0.11
2013-05-29,131.46585083007812,160363400,-0.006494186389768286,231.893,1.83,0.11
2013-05-30,131.95123291015625,107793800,0.003692077273401484,231.893,1.82,0.11
2013-05-31,130.05743408203125,176850100,-0.014352263229055695,231.893,1.86,0.11
2013-06-03,130.77352905273438,168390700,0.005505990301572838,231.893,1.83,0.11
2013-06-04,130.14495849609375,157631500,-0.004806558033523367,231.893,1.82,0.11
2013-06-05,128.3228759765625,211737800,-0.014000408011086596,231.893,1.8,0.11
2013-06-06,129.48452758789062,200225500,0.009052568394276816,231.893,1.78,0.11
2013-06-07,131.1316375732422,188337800,0.012720515848764657,231.893,1.85,0.11
2013-06-10,131.1316375732422,105667100,0.0,231.893,1.9,0.11
2013-06-11,129.7788848876953,159505400,-0.010315990180411738,231.893,1.86,0.11
2013-06-12,128.70474243164062,177361500,-0.00827671201662894,231.893,1.91,0.11
2013-06-13,130.66220092773438,163587800,0.01520890729518709,231.893,1.87,0.11
2013-06-14,129.8425750732422,141197500,-0.006272861230506188,231.893,1.85,0.11
2013-06-17,130.84519958496094,136295600,0.007721847099483314,231.893,1.92,0.11
2013-06-18,131.8795623779297,114695600,0.007905240667978042,231.893,1.93,0.11
2013-06-19,130.05743408203125,206149500,-0.01381660860138989,231.893,2.02,0.11
2013-06-20,126.83483123779297,321255900,-0.02477830557694749,231.893,2.08,0.11
2013-06-21,127.24202728271484,271956800,0.003210443384896733,231.893,2.14,0.11
2013-06-24,125.63421630859375,222329000,-0.012635848457119847,231.893,2.15,0.11
2013-06-25,126.84207153320312,162262200,0.0096140626343586,231.893,2.17,0.11
2013-06-26,128.09793090820312,134848000,0.009900968659844578,231.893,2.16,0.11
2013-06-27,128.84982299804688,129483700,0.005869666157079179,231.893,2.13,0.11
2013-06-28,128.3218994140625,160402900,-0.004097200692253833,231.893,2.16,0.11
2013-07-01,129.07382202148438,131954800,0.005859659269815021,232.9,2.16,0.09
2013-07-02,128.953857421875,154863700,-0.0009294262595664904,232.9,2.14,0.09
2013-07-03,129.00978088378906,75216400,0.0004336703300864553,232.9,2.16,0.09
2013-07-05,130.40164184570312,122416900,0.010788801844162865,232.9,2.33,0.09
2013-07-08,131.14556884765625,108092500,0.0057048898420570815,232.9,2.28,0.09
2013-07-09,132.0894775390625,119298000,0.007197412003319137,232.9,2.28,0.09
2013-07-10,132.13748168945312,121410100,0.000363421457068247,232.9,2.32,0.09
2013-07-11,133.93731689453125,135592200,0.013620928612125827,232.9,2.26,0.09
2013-07-12,133.99327087402344,104212700,0.00041776243387237066,232.9,2.24,0.09
2013-07-15,134.50523376464844,69450600,0.003820810457760393,232.9,2.23,0.09
2013-07-16,134.00123596191406,88702100,-0.0037470497513595324,232.9,2.21,0.09
2013-07-17,134.34519958496094,92873900,0.002566869033541197,232.9,2.2,0.09
2013-07-18,135.0811004638672,103620100,0.005477686446405894,232.9,2.24,0.09
2013-07-19,135.32106018066406,103831700,0.0017764122143870686,232.9,2.18,0.09
2013-07-22,135.5850830078125,79428600,0.001951084530345426,232.9,2.18,0.09
2013-07-23,135.2971649169922,80829700,-0.002123523358419366,232.9,2.2,0.09
2013-07-24,134.8011932373047,112914000,-0.003665795066672639,232.9,2.27,0.09
2013-07-25,135.129150390625,111088600,0.0024328950318932563,232.9,2.29,0.09
2013-07-26,135.2730712890625,107814600,0.0010650618169467663,232.9,2.27,0.09
2013-07-29,134.857177734375,79695000,-0.0030744741043010615,232.9,2.28,0.09
2013-07-30,134.857177734375,85209600,0.0,232.9,2.3,0.09
2013-07-31,134.95321655273438,142388700,0.0007121520706041551,232.9,2.29,0.09
2013-08-01,136.5130157470703,110438400,0.011558073487832887,233.456,2.39,0.08
2013-08-02,136.7449493408203,91116700,0.0016989852028448382,233.456,2.33,0.08
2013-08-05,136.5449981689453,54072700,-0.001462219795603903,233.456,2.35,0.08
2013-08-06,135.7690887451172,87495000,-0.005682444866036751,233.456,2.35,0.08
2013-08-07,135.3291015625,84854700,-0.003240702185481892,233.456,2.29,0.08
2013-08-08,135.82505798339844,102181300,0.0036648172135347323,233.456,2.28,0.08
2013-08-09,135.43310546875,91757700,-0.0028857157910902043,233.456,2.25,0.08
2013-08-12,135.2730712890625,68593300,-0.0011816474202049898,233.456,2.29,0.08
2013-08-13,135.67308044433594,80806000,0.002957049407259049,233.456,2.37,0.08
2013-08-14,134.9771270751953,79829200,-0.00512963490518048,233.456,2.37,0.08
2013-08-15,133.08934020996094,152931800,-0.013985976040093773,233.456,2.41,0.08
2013-08-16,132.6494140625,130868200,-0.003305494991311164,233.456,2.48,0.08
2013-08-19,131.80149841308594,96437600,-0.006392155256822685,233.456,2.52,0.08
2013-08-20,132.44943237304688,89294400,0.0049159832609051435,233.456,2.46,0.08
2013-08-21,131.6334686279297,159530500,-0.006160568078683815,233.456,2.49,0.08
2013-08-22,132.83338928222656,101471400,0.009115619810099451,233.456,2.48,0.08
2013-08-23,133.2813262939453,90888900,0.003372171817185521,233.456,2.42,0.08
2013-08-26,132.78533935546875,89702100,-0.0037213535629341266,233.456,2.38,0.08
2013-08-27,130.64964294433594,158619400,-0.01608382688555332,233.456,2.34,0.08
2013-08-28,131.1136016845703,108113000,0.0035511673034731572,233.456,2.38,0.08
2013-08-29,131.32150268554688,119200500,0.0015856554797168965,233.456,2.36,0.08
2013-08-30,130.90554809570312,134928900,-0.0031674522552469497,233.456,2.39,0.08
2013-09-03,131.49749755859375,142375100,0.004521958553336924,233.456,2.43,0.08
2013-09-04,132.58538818359375,97389400,0.008273089946181367,233.456,2.44,0.08
2013-09-05,132.7533721923828,63090500,0.0012669873437067825,233.456,2.46,0.08
2013-09-06,132.81736755371094,159756500,0.00048206203933842673,233.456,2.48,0.08
2013-09-09,134.0892791748047,87559300,0.009576395350400224,233.456,2.45,0.08
2013-09-10,135.0811004638672,105847200,0.007396723251599457,233.456,2.46,0.08
2013-09-11,135.50509643554688,94545900,0.0031388252703279385,233.456,2.46,0.08
2013-09-12,135.1451416015625,83209000,-0.002656393327284068,233.456,2.47,0.08
2013-09-13,135.4490966796875,72727800,0.0022491010370253584,233.456,2.45,0.08
2013-09-16,136.23300170898438,106299200,0.0057874511422595365,233.456,2.47,0.08
2013-09-17,136.84095764160156,82523300,0.004462618638587212,233.456,2.47,0.08
2013-09-18,138.4248046875,203460600,0.011574363941873722,233.456,2.35,0.08
2013-09-19,138.1928253173828,146616900,-0.0016758511643985008,233.456,2.42,0.08
2013-09-20,137.22659301757812,132867100,-0.0069919136365117485,233.456,2.41,0.08
2013-09-23,136.5916748046875,104616500,-0.0046267869727647515,233.456,2.37,0.08
2013-09-24,136.2700958251953,106333100,-0.002354308781644332,233.456,2.32,0.08
2013-09-25,135.87623596191406,117306500,-0.0028902882976356015,233.456,2.27,0.08
2013-09-26,136.398681640625,77146900,0.003845011418018407,233.456,2.32,0.08
2013-09-27,135.77171325683594,99141800,-0.004596586830956095,233.456,2.3,0.08
2013-09-30,135.0482940673828,143937000,-0.005328202554862438,233.456,2.31,0.08
2013-10-01,136.1173553466797,127160000,0.00791614056793244,233.669,2.33,0.09
2013-10-02,135.98870849609375,113350000,-0.0009451171767059785,233.669,2.32,0.09
2013-10-03,134.73480224609375,176698000,-0.009220664449769544,233.669,2.29,0.09
2013-10-04,135.75563049316406,96878000,0.007576574352376797,233.669,2.33,0.09
2013-10-07,134.58209228515625,96295000,-0.00864449013086721,233.669,2.28,0.09
2013-10-08,133.01467895507812,178015000,-0.011646522233857426,233.669,2.26,0.09
2013-10-09,133.11111450195312,168973000,0.0007249992830307139,233.669,2.31,0.09
2013-10-10,135.98072814941406,195955000,0.02155803186080929,233.669,2.36,0.09
2013-10-11,136.8568572998047,105040000,0.00644303911527766,233.669,2.35,0.09
2013-10-14,137.4034423828125,112106000,0.003993845056740053,233.669,2.35,0.09
2013-10-15,136.40676879882812,155485000,-0.007253628924431155,233.669,2.38,0.09
2013-10-16,138.3118133544922,161676000,0.013965909261244969,233.669,2.35,0.09
2013-10-17,139.2361297607422,129389000,0.006682844970595347,233.669,2.28,0.09
2013-10-18,140.17662048339844,138316000,0.006754645681924298,233.669,2.27,0.09
2013-10-21,140.18472290039062,104104000,5.7801486184061446e-05,233.669,2.3,0.09
2013-10-22,140.99644470214844,126663000,0.005790372766471874,233.669,2.23,0.09
2013-10-23,140.3212890625,105484000,-0.004788458610248569,233.669,2.2,0.09
2013-10-24,140.78749084472656,70350000,0.0033223881090409524,233.669,2.2,0.09
2013-10-25,141.4305877685547,93625000,0.004567855567064516,233.669,2.21,0.09
2013-10-28,141.65567016601562,84979000,0.0015914690097256212,233.669,2.22,0.09
2013-10-29,142.4112091064453,87401000,0.0053336300590314245,233.669,2.22,0.09
2013-10-30,141.70388793945312,140002000,-0.0049667520655870545,233.669,2.22,0.09
2013-10-31,141.30197143554688,133795000,-0.002836312466444002,233.669,2.26,0.09
2013-11-01,141.6395721435547,142805000,0.0023892144219785916,234.1,2.32,0.08
2013-11-04,142.13792419433594,85677000,0.0035184521051514484,234.1,2.31,0.08
2013-11-05,141.68775939941406,85825000,-0.00316709841847973,234.1,2.37,0.08
2013-11-06,142.4112091064453,87348000,0.005105943591018791,234.1,2.37,0.08
2013-11-07,140.61068725585938,157000000,-0.012643118908148177,234.1,2.34,0.08
2013-11-08,142.50772094726562,136713000,0.013491390508278744,234.1,2.45,0.08
2013-11-11,142.5317840576172,62614000,0.00016885478338735105,234.1,2.45,0.08
2013-11-12,142.24241638183594,83990000,-0.0020301975288843366,234.1,2.46,0.08
2013-11-13,143.3838348388672,103844000,0.00802445913156613,234.1,2.43,0.08
2013-11-14,144.09918212890625,103435000,0.004989037228938287,234.1,2.4,0.08
2013-11-15,144.7261505126953,102818000,0.00435095032828281,234.1,2.4,0.08
2013-11-18,144.21983337402344,104796000,-0.0034984495675330907,234.1,2.36,0.08
2013-11-19,143.9062957763672,93891000,-0.002174025515915834,234.1,2.42,0.08
2013-11-20,143.45614624023438,124909000,-0.003128073957461508,234.1,2.52,0.08
2013-11-21,144.61366271972656,92841000,0.008068782759253823,234.1,2.5,0.08
2013-11-22,145.33712768554688,81296000,0.005002742840574115,234.1,2.44,0.08
2013-11-25,145.19241333007812,79486000,-0.0009957149819408428,234.1,2.44,0.08
2013-11-26,145.2326202392578,86994000,0.000276921557108345,234.1,2.42,0.08
2013-11-27,145.58628845214844,58800000,0.0024351844117938004,234.1,2.46,0.08
2013-11-29,145.48983764648438,55870900,-0.0006624992414431263,234.1,2.47,0.08
2013-12-02,145.11204528808594,99726000,-0.002596692418589508,234.1,2.51,0.08
2013-12-03,144.48504638671875,116563000,-0.004320791565734061,234.1,2.51,0.08
2013-12-04,144.4689483642578,123033000,-0.00011141652969293148,234.1,2.54,0.08
2013-12-05,143.83389282226562,106934000,-0.004395792654287134,234.1,2.58,0.08
2013-12-06,145.4415740966797,127728000,0.011177346610514505,234.1,2.58,0.08
2013-12-09,145.81134033203125,70124000,0.0025423695916944045,234.1,2.56,0.08
2013-12-10,145.28890991210938,80976000,-0.0035829203595018067,234.1,2.51,0.08
2013-12-11,143.6571502685547,130591000,-0.011231136943224307,234.1,2.55,0.08
2013-12-12,143.18289184570312,115565000,-0.003301321388910816,234.1,2.55,0.08
2013-12-13,143.16676330566406,107808000,-0.00011264292703661027,234.1,2.54,0.08
2013-12-16,144.05899047851562,96195000,0.006232083147305945,234.1,2.55,0.08
2013-12-17,143.60086059570312,89886000,-0.0031801547497365412,234.1,2.51,0.08
2013-12-18,146.052490234375,234906000,0.017072527480000543,234.1,2.57,0.08
2013-12-19,145.8837127685547,136531200,-0.001155594578014174,234.1,2.59,0.08
2013-12-20,146.73226928710938,197087000,0.005816663851302861,234.1,2.52,0.08
2013-12-23,147.5161590576172,85598000,0.005342313414194999,234.1,2.56,0.08
2013-12-24,147.83944702148438,45368800,0.0021915427159469036,234.1,2.61,0.08
2013-12-26,148.591064453125,63365000,0.005084011383858833,234.1,2.58,0.08
2013-12-27,148.58302307128906,61814000,-5.411753301276523e-05,234.1,2.62,0.08
2013-12-30,148.55873107910156,56857000,-0.0001634910347452223,234.1,2.6,0.08
2013-12-31,149.2618865966797,86119900,0.004733182038312744,234.1,2.66,0.08
2014-01-02,147.83145141601562,119636900,-0.009583392072011199,234.1,2.61,0.08
2014-01-03,147.80715942382812,81390600,-0.00016432221935736013,234.1,2.6,0.08
2014-01-06,147.37876892089844,108028200,-0.0028983068519793376,234.1,2.58,0.08
2014-01-07,148.28395080566406,86144200,0.006141874378469359,234.1,2.56,0.08
2014-01-08,148.31626892089844,96582300,0.00021794749235359845,234.1,2.58,0.08
2014-01-09,148.41326904296875,90683400,0.0006540086450128602,234.1,2.53,0.08
2014-01-10,148.81735229492188,102026400,0.0027226895179846,234.1,2.49,0.08
2014-01-13,146.8373565673828,149892000,-0.013304871354082204,234.1,2.45,0.08
2014-01-14,148.43751525878906,105016100,0.01089749045347288,234.1,2.49,0.08
2014-01-15,149.23760986328125,98525800,0.0053901104656548515,234.1,2.49,0.08
2014-01-16,149.04367065429688,72290600,-0.001299533067850911,234.1,2.45,0.08
2014-01-17,148.41326904296875,107848700,-0.004229643624319546,234.1,2.44,0.08
2014-01-21,148.84967041015625,88621200,0.0029404471042353553,234.1,2.45,0.08
2014-01-22,148.94668579101562,61270900,0.0006517675221722197,234.1,2.43,0.08
2014-01-23,147.72625732421875,132496900,-0.00819372690513731,234.1,2.4,0.08
2014-01-24,144.57449340820312,208677100,-0.021335163924842138,234.1,2.38,0.08
2014-01-27,143.86325073242188,180843100,-0.004919558485140696,234.1,2.41,0.08
2014-01-28,144.7198944091797,110463200,0.005954569164790646,234.1,2.39,0.08
2014-01-29,143.32986450195312,216597300,-0.00960496767152419,234.1,2.33,0.08
2014-01-30,144.84922790527344,118938100,0.010600466334073744,234.1,2.36,0.08
2014-01-31,144.00059509277344,194677900,-0.005858732040014636,234.1,2.33,0.08
2014-02-03,140.75985717773438,254837100,-0.022505031405954945,234.1,2.31,0.08
2014-02-04,141.74583435058594,165012400,0.007004675854470399,234.1,2.33,0.08
2014-02-05,141.5680389404297,164230500,-0.0012543254690399186,234.1,2.38,0.08
2014-02-06,143.43490600585938,132877600,0.013187065946539178,234.1,2.4,0.08
2014-02-07,145.21286010742188,170787200,0.012395546879571118,234.1,2.41,0.08
2014-02-10,145.4795684814453,92218800,0.0018366718610607347,234.1,2.38,0.08
2014-02-11,147.07168579101562,117814100,0.010943923783863774,234.1,2.4,0.08
2014-02-12,147.14443969726562,94717700,0.0004946832958274694,234.1,2.45,0.08
2014-02-13,147.90406799316406,100542200,0.005162466875821448,234.1,2.41,0.08
2014-02-14,148.7203826904297,96498400,0.005519217343659122,234.1,2.43,0.08
2014-02-18,148.89817810058594,80460900,0.001195501295382817,234.1,2.4,0.08
2014-02-19,147.91217041015625,126524300,-0.006622026562095318,234.1,2.4,0.08
2014-02-20,148.7849884033203,104998100,0.005900920733863613,234.1,2.42,0.08
2014-02-21,148.6153106689453,118116400,-0.0011404224054851753,234.1,2.4,0.08
2014-02-24,149.43963623046875,114063900,0.005546706848796434,234.1,2.4,0.08
2014-02-25,149.3831024169922,117085000,-0.000378305347246477,234.1,2.36,0.08
2014-02-26,149.39117431640625,98677200,5.403488937805179e-05,234.1,2.34,0.08
2014-02-27,150.17515563964844,93880800,0.005247842296103311,234.1,2.32,0.08
2014-02-28,150.55494689941406,150842000,0.0025289886209736157,234.1,2.33,0.08
2014-03-03,149.49620056152344,167748500,-0.007032291928593892,234.1,2.28,0.08
2014-03-04,151.5974578857422,167545900,0.014055590150961805,234.1,2.37,0.08
2014-03-05,151.7349090576172,88376900,0.0009066852029839811,234.1,2.37,0.08
2014-03-06,152.0823516845703,82516500,0.002289800212166071,234.1,2.37,0.08
2014-03-07,152.1470489501953,114513500,0.0004254094239626305,234.1,2.42,0.08
2014-03-10,152.06619262695312,74939200,-0.00053143536992728,234.1,2.42,0.08
2014-03-11,151.3145751953125,99009100,-0.004942699088182456,234.1,2.4,0.08
2014-03-12,151.35501098632812,104824400,0.00026722998074335536,234.1,2.36,0.08
2014-03-13,149.65782165527344,155014300,-0.011213301231288608,234.1,2.32,0.08
2014-03-14,149.23760986328125,153919600,-0.002807817108016697,234.1,2.29,0.08
2014-03-17,150.58721923828125,98359500,0.00904335962118652,234.1,2.32,0.08
2014-03-18,151.66212463378906,101804600,0.0071380918045038655,234.1,2.32,0.08
2014-03-19,150.8539581298828,176267300,-0.005328729937403187,234.1,2.31,0.08
2014-03-20,151.7349090576172,117241000,0.0058397601140560695,234.1,2.34,0.08
2014-03-21,151.14637756347656,163128000,-0.0038786822214863514,234.1,2.3,0.08
2014-03-24,150.5212860107422,121411000,-0.0041356700888968145,234.1,2.27,0.08
2014-03-25,151.2356414794922,103852000,0.004745876730677168,234.1,2.28,0.08
2014-03-26,150.14788818359375,119843000,-0.007192440123619526,234.1,2.26,0.08
2014-03-27,149.83132934570312,142383000,-0.0021083136214580245,234.1,2.24,0.08
2014-03-28,150.5700225830078,101642000,0.004930165410201415,234.1,2.28,0.08
2014-03-31,151.8038330078125,99745000,0.008194263397446777,234.1,2.29,0.08
2014-04-01,152.81036376953125,89193000,0.006630470007084499,236.468,2.33,0.09
2014-04-02,153.3218231201172,78774000,0.003347020044774718,236.468,2.35,0.09
2014-04-03,153.1188507080078,77435000,-0.0013238324980675564,236.468,2.34,0.09
2014-04-04,151.3086700439453,169381000,-0.011822062768185537,236.468,2.31,0.09
2014-04-07,149.6365203857422,140803000,-0.011051248138771341,236.468,2.3,0.09
2014-04-08,150.25341796875,112660000,0.004122640525304533,236.468,2.29,0.09
2014-04-09,151.86875915527344,100254000,0.010750778307481834,236.468,2.34,0.09
2014-04-10,148.6786651611328,172959000,-0.021005597279418198,236.468,2.28,0.09
2014-04-11,147.33932495117188,167251000,-0.009008287830062245,236.468,2.26,0.09
2014-04-14,148.50006103515625,132382000,0.007877978838093824,236.468,2.28,0.09
2014-04-15,149.52284240722656,157093000,0.006887413816134336,236.468,2.25,0.09
2014-04-16,151.0895233154297,105197000,0.010477870022937763,236.468,2.26,0.09
2014-04-17,151.3005828857422,105255000,0.0013969173088981268,236.468,2.3,0.09
2014-04-21,151.8282470703125,68329000,0.0034875224834314267,236.468,2.31,0.09
2014-04-22,152.5182342529297,85790000,0.004544524460574628,236.468,2.28,0.09
2014-04-23,152.16098022460938,73869000,-0.002342369291581603,236.468,2.27,0.09
2014-04-24,152.469482421875,88170000,0.002027472462455382,236.468,2.27,0.09
2014-04-25,151.2194061279297,100380000,-0.008198862317158162,236.468,2.25,0.09
2014-04-28,151.69833374023438,135121000,0.003167104173782631,236.468,2.26,0.09
2014-04-29,152.4045867919922,84098000,0.0046556414585752215,236.468,2.27,0.09
2014-04-30,152.85910034179688,101508000,0.0029822826161067795,236.468,2.25,0.09
2014-05-01,152.87530517578125,93019000,0.00010601157502665437,236.918,2.22,0.09
2014-05-02,152.65615844726562,98122000,-0.0014334998596643445,236.918,2.18,0.09
2014-05-05,152.94842529296875,75883000,0.0019145434332679123,236.918,2.2,0.09
2014-05-06,151.6171417236328,85454000,-0.008704133872486142,236.918,2.18,0.09
2014-05-07,152.51011657714844,106500000,0.005889669488317706,236.918,2.21,0.09
2014-05-08,152.34774780273438,93618000,-0.0010646426483578164,236.918,2.21,0.09
2014-05-09,152.5749969482422,83679000,0.0014916475549220376,236.918,2.22,0.09
2014-05-12,154.06048583984375,86940000,0.009736122702368455,236.918,2.25,0.09
2014-05-13,154.198486328125,66454000,0.0008957552452788509,236.918,2.22,0.09
2014-05-14,153.4679718017578,72367000,-0.0047374947949404556,236.918,2.15,0.09
2014-05-15,152.1204376220703,154956000,-0.008780556384938576,236.918,2.12,0.09
2014-05-16,152.64804077148438,97458000,0.003468325214293966,236.918,2.14,0.09
2014-05-19,153.20822143554688,63839000,0.003669753383216401,236.918,2.18,0.09
2014-05-20,152.2421875,111644000,-0.006305366164395254,236.918,2.17,0.09
2014-05-21,153.52476501464844,89093000,0.008424586743726481,236.918,2.17,0.09
2014-05-22,153.898193359375,61549000,0.002432365518950208,236.918,2.19,0.09
2014-05-23,154.51513671875,61092800,0.004008775840105949,236.918,2.17,0.09
2014-05-27,155.4647674560547,72010000,0.0061458751386487265,236.918,2.13,0.09
2014-05-28,155.35122680664062,66723000,-0.0007303304232334495,236.918,2.07,0.09
2014-05-29,156.1548309326172,64377000,0.005172821241874015,236.918,2.08,0.09
2014-05-30,156.4064178466797,76316000,0.001611137564940579,236.918,2.11,0.09
2014-06-02,156.58505249023438,64656000,0.0011421183734914298,236.918,2.15,0.09
2014-06-03,156.5038299560547,65047000,-0.0005187119261256257,236.918,2.19,0.09
2014-06-04,156.82040405273438,55529000,0.0020227881756540445,236.918,2.2,0.09
2014-06-05,157.84320068359375,92103000,0.0065220889911457025,236.918,2.19,0.09
2014-06-06,158.59817504882812,78696000,0.00478306548501739,236.918,2.19,0.09
2014-06-09,158.76043701171875,65119000,0.0010231010718797506,236.918,2.19,0.09
2014-06-10,158.77670288085938,57129000,0.00010245543188713846,236.918,2.19,0.09
2014-06-11,158.22470092773438,68772000,-0.0034765928697940707,236.918,2.21,0.09
2014-06-12,157.10450744628906,106350000,-0.007079763620200685,236.918,2.16,0.09
2014-06-13,157.58348083496094,82017000,0.0030487565026460217,236.918,2.15,0.09
2014-06-16,157.7133331298828,87424000,0.0008240222530551122,236.918,2.12,0.09
2014-06-17,158.15167236328125,84834000,0.0027793416364958468,236.918,2.15,0.09
2014-06-18,159.3124542236328,105267000,0.007339674901983839,236.918,2.13,0.09
2014-06-19,159.49095153808594,85929000,0.0011204228528334248,236.918,2.16,0.09
2014-06-20,159.81488037109375,100587000,0.0020310169942805434,236.918,2.13,0.09
2014-06-23,159.7659454345703,70611000,-0.00030619762321137944,236.918,2.15,0.09
2014-06-24,158.80349731445312,96237000,-0.006024113070525083,236.918,2.1,0.09
2014-06-25,159.52120971679688,82782000,0.004519499976266772,236.918,2.09,0.09
2014-06-26,159.4071044921875,84312000,-0.000715298140052667,236.918,2.07,0.09
2014-06-27,159.71697998046875,71445100,0.001943925205017738,236.918,2.09,0.09
2014-06-30,159.63543701171875,70201200,-0.0005105466479516929,236.918,2.06,0.09
2014-07-01,160.7039031982422,90470000,0.006693164165328724,237.498,2.11,0.09
2014-07-02,160.86700439453125,52475000,0.0010149174540450279,237.498,2.15,0.09
2014-07-03,161.65817260742188,52938800,0.004918150964944079,237.498,2.13,0.09
2014-07-07,161.09544372558594,61696000,-0.003480980099920483,237.498,2.11,0.09
2014-07-08,160.05955505371094,108143000,-0.006430279143335382,237.498,2.07,0.09
2014-07-09,160.7772979736328,72992000,0.004484224135703929,237.498,2.06,0.09
2014-07-10,160.14109802246094,99040000,-0.00395702601791581,237.498,2.09,0.09
2014-07-11,160.36134338378906,64243000,0.0013753206643882798,237.498,2.05,0.09
2014-07-14,161.16883850097656,58658000,0.005035472390967355,237.498,2.07,0.09
2014-07-15,160.86700439453125,111307000,-0.0018727820418180663,237.498,2.07,0.09
2014-07-16,161.4624786376953,79986400,0.0037016555719757704,237.498,2.05,0.09
2014-07-17,159.62730407714844,145398000,-0.011365950628472676,237.498,2.0,0.09
2014-07-18,161.25851440429688,124330000,0.010218867859599134,237.498,1.99,0.09
2014-07-21,160.95677185058594,67592000,-0.0018711728483026269,237.498,1.98,0.09
2014-07-22,161.65817260742188,67678000,0.00435769647198847,237.498,1.99,0.09
2014-07-23,162.0170135498047,65612000,0.0022197513221571263,237.498,1.98,0.09
2014-07-24,162.02516174316406,56888000,5.029220808872026e-05,237.498,1.99,0.09
2014-07-25,161.26669311523438,76837000,-0.004681178032903244,237.498,1.95,0.09
2014-07-28,161.33197021484375,69259000,0.00040477731854227095,237.498,1.96,0.09
2014-07-29,160.63861083984375,80466000,-0.0042977183882194625,237.498,1.93,0.09
2014-07-30,160.66305541992188,104222000,0.00015217126163080685,237.498,2.01,0.09
2014-07-31,157.49029541015625,183479000,-0.019747912807166812,237.498,2.05,0.09
2014-08-01,157.0090789794922,189261000,-0.0030555306878484734,237.46,2.05,0.09
2014-08-04,158.142822265625,91340000,0.007220877248002244,237.46,2.04,0.09
2014-08-05,156.6094512939453,152690000,-0.009696114877121409,237.46,2.02,0.09
2014-08-06,156.65834045410156,94818000,0.000312172475877448,237.46,2.01,0.09
2014-08-07,155.81007385253906,135733000,-0.005414755442344488,237.46,1.99,0.09
2014-08-08,157.61264038085938,117014000,0.011568998613185277,237.46,1.99,0.09
2014-08-11,158.06939697265625,74544000,0.0028979692916326627,237.46,1.97,0.09
2014-08-12,157.84918212890625,73632000,-0.0013931529313552238,237.46,2.01,0.09
2014-08-13,158.91763305664062,69047000,0.006768808766217216,237.46,2.0,0.09
2014-08-14,159.66802978515625,57371000,0.004721922382572741,237.46,1.98,0.09
2014-08-15,159.63543701171875,139951000,-0.00020412836233629772,237.46,1.92,0.09
2014-08-18,160.97305297851562,75424000,0.008379191937806896,237.46,1.95,0.09
2014-08-19,161.8131866455078,59135000,0.005219095068690338,237.46,1.94,0.09
2014-08-20,162.24546813964844,72763000,0.0026714849580686817,237.46,1.94,0.09
2014-08-21,162.71849060058594,67791000,0.002915474104523863,237.46,1.92,0.09
2014-08-22,162.46566772460938,76107000,-0.0015537439847396195,237.46,1.87,0.09
2014-08-25,163.28939819335938,63855000,0.005070181782321326,237.46,1.86,0.09
2014-08-26,163.39547729492188,47298000,0.0006496386338377125,237.46,1.87,0.09
2014-08-27,163.33023071289062,47874000,-0.0003993169401713681,237.46,1.86,0.09
2014-08-28,163.24053955078125,58330000,-0.0005491399951980114,237.46,1.84,0.09
2014-08-29,163.7053985595703,65907000,0.00284769341040092,237.46,1.87,0.09
2014-09-02,163.62384033203125,72426000,-0.0004982012093472932,237.46,1.89,0.09
2014-09-03,163.5341033935547,57462000,-0.0005484343741991582,237.46,1.89,0.09
2014-09-04,163.29759216308594,85236000,-0.0014462502044577663,237.46,1.91,0.09
2014-09-05,164.0316619873047,102177000,0.004495288721009683,237.46,1.94,0.09
2014-09-08,163.60755920410156,64146000,-0.0025854934228243254,237.46,1.94,0.09
2014-09-09,162.57171630859375,88591000,-0.00633126550232066,237.46,1.94,0.09
2014-09-10,163.18341064453125,67251000,0.003762612278610522,237.46,1.96,0.09
2014-09-11,163.37103271484375,66774400,0.0011497619125095948,237.46,1.96,0.09
2014-09-12,162.41676330566406,117409300,-0.005841117567306542,237.46,2.04,0.09
2014-09-15,162.2943572998047,76401000,-0.0007536537692788281,237.46,2.02,0.09
2014-09-16,163.51779174804688,116201000,0.007538367128699042,237.46,2.05,0.09
2014-09-17,163.73806762695312,151266000,0.0013471064925194565,237.46,2.03,0.09
2014-09-18,164.61073303222656,94990000,0.005329642751505048,237.46,2.04,0.09
2014-09-19,164.46249389648438,121649000,-0.0009005435612340351,237.46,2.0,0.09
2014-09-22,163.19227600097656,125553000,-0.007723450285919364,237.46,1.99,0.09
2014-09-23,162.2581329345703,111393000,-0.005724186764823669,237.46,1.97,0.09
2014-09-24,163.52833557128906,107276000,0.007828283326980934,237.46,1.98,0.09
2014-09-25,160.88966369628906,150300000,-0.016135869455172758,237.46,1.96,0.09
2014-09-26,162.16802978515625,103547000,0.00794560731558458,237.46,1.95,0.09
2014-09-29,161.8730010986328,95112000,-0.0018192777387399106,237.46,1.92,0.09
2014-09-30,161.4468994140625,131302000,-0.002632320903908414,237.46,1.94,0.09
2014-10-01,159.259033203125,177798000,-0.01355161492031065,237.43,1.89,0.09
2014-10-02,159.2835693359375,157285000,0.0001540643084352311,237.43,1.91,0.09
2014-10-03,161.03721618652344,121569000,0.011009590367022648,237.43,1.88,0.09
2014-10-06,160.84866333007812,104778000,-0.0011708651013124793,237.43,1.89,0.09
2014-10-07,158.36581420898438,147913000,-0.01543593256972664,237.43,1.84,0.09
2014-10-08,161.1355438232422,186461000,0.017489441317194876,237.43,1.89,0.09
2014-10-09,157.939697265625,210705000,-0.01983328123510031,237.43,1.88,0.09
2014-10-10,156.13690185546875,221909000,-0.01141445400597596,237.43,1.86,0.09
2014-10-13,153.57203674316406,230939000,-0.016427027062948296,237.43,1.86,0.09
2014-10-14,153.80966186523438,215847000,0.0015473202485927207,237.43,1.82,0.09
2014-10-15,152.7689971923828,380715000,-0.006765925236630332,237.43,1.81,0.09
2014-10-16,152.63784790039062,270391000,-0.0008584810688194722,237.43,1.82,0.09
2014-10-17,154.44061279296875,214625000,0.011810733165961373,237.43,1.83,0.09
2014-10-20,155.94027709960938,130011000,0.009710297566942083,237.43,1.83,0.09
2014-10-21,159.0295867919922,154949000,0.0198108516275719,237.43,1.85,0.09
2014-10-22,157.89866638183594,151822000,-0.0071113836926173235,237.43,1.84,0.09
2014-10-23,159.7342529296875,154944000,0.01162509215507046,237.43,1.88,0.09
2014-10-24,160.96347045898438,117927000,0.007695390980655636,237.43,1.88,0.09
2014-10-27,160.74215698242188,82954000,-0.0013749298268198595,237.43,1.86,0.09
2014-10-28,162.58590698242188,106736000,0.011470233040369315,237.43,1.88,0.09
2014-10-29,162.34010314941406,142557000,-0.001511839725655828,237.43,1.86,0.09
2014-10-30,163.3807830810547,113330000,0.006410491994592427,237.43,1.84,0.09
2014-10-31,165.2490692138672,146903000,0.011435164513109441,237.43,1.85,0.09
2014-11-03,165.3393096923828,93600000,0.0005460876659997282,237.43,1.84,0.09
2014-11-04,164.7657012939453,93343000,-0.003469280230483096,237.43,1.83,0.09
2014-11-05,165.80628967285156,91709000,0.00631556428755653,237.43,1.84,0.09
2014-11-06,166.47010803222656,107089000,0.004003577672986758,237.43,1.85,0.09
2014-11-07,166.62571716308594,89540000,0.0009347571927402765,237.43,1.81,0.09
2014-11-10,167.15023803710938,66319000,0.003147898673468541,237.43,1.83,0.09
2014-11-11,167.3141326904297,54499400,0.0009805230028085976,237.43,1.83,0.09
2014-11-12,167.13388061523438,90120300,-0.0010773272544096768,237.43,1.82,0.09
2014-11-13,167.3223114013672,85357900,0.001127424226848417,237.43,1.82,0.09
2014-11-14,167.36328125,80417500,0.00024485586106037793,237.43,1.78,0.09
2014-11-17,167.46981811523438,80441000,0.000636560567160771,237.43,1.8,0.09
2014-11-18,168.43678283691406,76068100,0.005773964124176301,237.43,1.79,0.09
2014-11-19,168.16632080078125,82373000,-0.0016057183685032062,237.43,1.82,0.09
2014-11-20,168.46133422851562,72840300,0.0017542955469891375,237.43,1.81,0.09
2014-11-21,169.3627166748047,142327300,0.0053506785424501935,237.43,1.78,0.09
2014-11-24,169.83802795410156,65880800,0.002806469384932786,237.43,1.77,0.09
2014-11-25,169.715087890625,79108300,-0.0007238665271701583,237.43,1.76,0.09
2014-11-26,170.14935302734375,62167800,0.0025587892161869075,237.43,1.71,0.09
2014-11-28,169.78883361816406,57890100,-0.002118840905153241,237.43,1.71,0.09
2014-12-01,168.6088104248047,103968400,-0.006949945813357283,236.252,1.73,0.12
2014-12-02,169.69873046875,74507200,0.006464193900658444,236.252,1.73,0.12
2014-12-03,170.35421752929688,68952000,0.003862651528012462,236.252,1.72,0.12
2014-12-04,170.16580200195312,91316600,-0.0011060220878379434,236.252,1.7,0.12
2014-12-05,170.44442749023438,91025500,0.0016373765175099475,236.252,1.66,0.12
2014-12-08,169.30540466308594,108588200,-0.006682663927007559,236.252,1.62,0.12
2014-12-09,169.19064331054688,125180100,-0.0006778363205086624,236.252,1.58,0.12
2014-12-10,166.47833251953125,159856400,-0.016031092133370617,236.252,1.59,0.12
2014-12-11,167.3223114013672,159012800,0.005069601965991044,236.252,1.57,0.12
2014-12-12,164.61813354492188,202330200,-0.016161489963873454,236.252,1.54,0.12
2014-12-15,163.48736572265625,189965800,-0.0068690356154296195,236.252,1.52,0.12
2014-12-16,162.17623901367188,259543800,-0.008019743318933847,236.252,1.49,0.12
2014-12-17,165.3556365966797,253910100,0.01960458327523429,236.252,1.52,0.12
2014-12-18,169.44468688964844,257633900,0.02472882314222158,236.252,1.55,0.12
2014-12-19,170.16567993164062,245084600,0.004255034815353831,236.252,1.5,0.12
2014-12-22,170.9484405517578,148318900,0.00459999114058518,236.252,1.46,0.12
2014-12-23,171.1791534423828,122167900,0.0013496051200019288,236.252,1.53,0.12
2014-12-24,171.1956024169922,42963400,9.609216004746735e-05,236.252,1.54,0.12
2014-12-26,171.74771118164062,57326700,0.0032250172133723165,236.252,1.52,0.12
2014-12-29,171.9783477783203,79643900,0.0013428801763522014,236.252,1.5,0.12
2014-12-30,171.05555725097656,73540800,-0.005365736671300136,236.252,1.51,0.12
2014-12-31,169.35813903808594,130333800,-0.009923198288145252,236.252,1.5,0.12
2015-01-02,169.26754760742188,121465900,-0.000534910404534461,236.252,1.46,0.12
2015-01-05,166.21058654785156,169632600,-0.018059935898996127,236.252,1.36,0.12
2015-01-06,164.64508056640625,209151400,-0.009418810281345169,236.252,1.32,0.12
2015-01-07,166.6967010498047,125346700,0.012460867195913217,236.252,1.34,0.12
2015-01-08,169.65478515625,147217800,0.017745306822607887,236.252,1.41,0.12
2015-01-09,168.2952423095703,158567300,-0.00801358385162887,236.252,1.39,0.12
2015-01-12,166.9768524169922,144396100,-0.0078337918201693,236.252,1.36,0.12
2015-01-13,166.5072479248047,214553300,-0.0028123927681590333,236.252,1.37,0.12
2015-01-14,165.50196838378906,192991100,-0.006037452144243116,236.252,1.35,0.12
2015-01-15,163.98590087890625,176613900,-0.009160419780429141,236.252,1.33,0.12
2015-01-16,166.136474609375,211879600,0.01311438190077574,236.252,1.34,0.12
2015-01-20,166.49072265625,130991100,0.0021322713612885735,236.252,1.29,0.12
2015-01-21,167.33120727539062,122942700,0.005048236957178487,236.252,1.34,0.12
2015-01-22,169.81959533691406,174356000,0.014871033933485656,236.252,1.37,0.12
2015-01-23,168.88848876953125,117516800,-0.0054829159469821365,236.252,1.29,0.12
2015-01-26,169.28399658203125,92009700,0.002341828122103262,236.252,1.29,0.12
2015-01-27,167.0511474609375,134044600,-0.013189959867303536,236.252,1.29,0.12
2015-01-28,164.90878295898438,168514300,-0.012824602132434193,236.252,1.23,0.12
2015-01-29,166.43304443359375,173585400,0.009243058175915753,236.252,1.26,0.12
2015-01-30,164.3402099609375,197729700,-0.012574633119153744,236.252,1.21,0.12
2015-02-02,166.37538146972656,163107000,0.012383892592523926,236.252,1.19,0.12
2015-02-03,168.78134155273438,124212900,0.014461034209232393,236.252,1.27,0.12
2015-02-04,168.1387176513672,134306700,-0.0038074344916047,236.252,1.29,0.12
2015-02-05,169.8360595703125,97953200,0.010094890353955943,236.252,1.31,0.12
2015-02-06,169.3664093017578,125672000,-0.002765315385571898,236.252,1.3,0.12
2015-02-09,168.60833740234375,87219000,-0.004475928270188501,236.252,1.31,0.12
2015-02-10,170.4045867919922,96164200,0.010653384152422563,236.252,1.34,0.12
2015-02-11,170.50340270996094,91087800,0.000579890012522899,236.252,1.33,0.12
2015-02-12,172.1431427001953,97545900,0.009617051414649413,236.252,1.38,0.12
2015-02-13,172.85182189941406,93670400,0.004116801797054315,236.252,1.36,0.12
2015-02-17,173.1237335205078,76968200,0.0015730908595916748,236.252,1.44,0.12
2015-02-18,173.14013671875,80652900,9.474840860135281e-05,236.252,1.45,0.12
2015-02-19,173.0165557861328,91462500,-0.0007137624756409222,236.252,1.44,0.12
2015-02-20,174.05474853515625,140896400,0.006000539915421488,236.252,1.46,0.12
2015-02-23,174.02999877929688,74411100,-0.00014219523493419484,236.252,1.42,0.12
2015-02-24,174.5244140625,72472300,0.0028409773410971173,236.252,1.39,0.12
2015-02-25,174.3761444091797,73061700,-0.0008495639656880272,236.252,1.35,0.12
2015-02-26,174.17010498046875,72697900,-0.0011815803670223168,236.252,1.37,0.12
2015-02-27,173.57687377929688,108076000,-0.003406044919352813,236.252,1.37,0.12
2015-03-02,174.67276000976562,87491400,0.006313549763905524,236.252,1.42,0.12
2015-03-03,173.9558563232422,110325800,-0.004104267239398718,236.252,1.44,0.12
2015-03-04,173.2225799560547,114497200,-0.004215301414313588,236.252,1.46,0.12
2015-03-05,173.41207885742188,76873000,0.0010939618923542227,236.252,1.46,0.12
2015-03-06,170.97317504882812,188128000,-0.01406420950987497,236.252,1.51,0.12
2015-03-09,171.6817169189453,89818900,0.004144169808596221,236.252,1.5,0.12
2015-03-10,168.896728515625,157121300,-0.01622181122894506,236.252,1.44,0.12
2015-03-11,168.5011749267578,110145700,-0.0023419849060640763,236.252,1.41,0.12
2015-03-12,170.6435546875,93993500,0.012714331289816805,236.252,1.43,0.12
2015-03-13,169.5971221923828,162410900,-0.00613227084394441,236.252,1.45,0.12
2015-03-16,171.8629913330078,136099200,0.013360304180484395,236.252,1.44,0.12
2015-03-17,171.35214233398438,94510400,-0.002972420036804757,236.252,1.36,0.12
2015-03-18,173.41207885742188,228808500,0.012021656078407661,236.252,1.36,0.12
2015-03-19,172.62107849121094,117917300,-0.00456139140608125,236.252,1.35,0.12
2015-03-20,174.14474487304688,177715100,0.008826653124598183,236.252,1.33,0.12
2015-03-23,173.80540466308594,71784500,-0.0019486101071169992,236.252,1.32,0.12
2015-03-24,172.82887268066406,77805300,-0.005618536341345903,236.252,1.3,0.12
2015-03-25,170.29620361328125,159521700,-0.014654201165001046,236.252,1.34,0.12
2015-03-26,169.89065551757812,153067200,-0.002381427695382299,236.252,1.4,0.12
2015-03-27,170.27964782714844,118939000,0.0022896627738897557,236.252,1.37,0.12
2015-03-30,172.35707092285156,96180400,0.012200066902956719,236.252,1.38,0.12
2015-03-31,170.85073852539062,126768700,-0.008739603135488272,236.252,1.38,0.12
2015-04-01,170.24658203125,137303600,-0.0035361655404893,236.222,1.32,0.12
2015-04-02,170.8590087890625,86900900,0.0035972925300791214,236.222,1.37,0.12
2015-04-06,172.0094757080078,114368200,0.006733428498146399,236.222,1.41,0.12
2015-04-07,171.55422973632812,81236300,-0.002646633098588591,236.222,1.37,0.12
2015-04-08,172.1335906982422,89351900,0.0033771301518157326,236.222,1.38,0.12
2015-04-09,172.89503479003906,85548900,0.004423564794693302,236.222,1.41,0.12
2015-04-10,173.83856201171875,72722900,0.005457225667732324,236.222,1.39,0.12
2015-04-13,173.05226135253906,74436600,-0.004523165919462002,236.222,1.4,0.12
2015-04-14,173.38339233398438,75099900,0.001913473876950622,236.222,1.37,0.12
2015-04-15,174.16131591796875,99529300,0.0044867249020361655,236.222,1.4,0.12
2015-04-16,174.11166381835938,68934900,-0.0002850925841233476,236.222,1.4,0.12
2015-04-17,172.10873413085938,191113200,-0.011503707698695798,236.222,1.36,0.12
2015-04-20,173.68130493164062,92189500,0.009137077259458337,236.222,1.35,0.12
2015-04-21,173.47433471679688,72559800,-0.001191666627131882,236.222,1.37,0.12
2015-04-22,174.32684326171875,78264600,0.004914320878149692,236.222,1.42,0.12
2015-04-23,174.7655029296875,102585900,0.0025163059214592387,236.222,1.41,0.12
2015-04-24,175.1710205078125,61327400,0.002320352537126036,236.222,1.39,0.12
2015-04-27,174.4426727294922,79358100,-0.004157923931760288,236.222,1.4,0.12
2015-04-28,174.99720764160156,86863500,0.0031788948393911554,236.222,1.44,0.12
2015-04-29,174.27719116210938,125684900,-0.004114445534278421,236.222,1.5,0.12
2015-04-30,172.5308837890625,161304900,-0.010020286426480784,236.222,1.47,0.12
2015-05-01,174.40133666992188,103399700,0.010841264124898276,237.001,1.52,0.12
2015-05-04,174.89793395996094,70927200,0.002847439701559873,237.001,1.56,0.12
2015-05-05,172.89503479003906,113326200,-0.011451817208889326,237.001,1.57,0.12
2015-05-06,172.1832275390625,135060200,-0.004116990703873946,237.001,1.6,0.12
2015-05-07,172.87020874023438,88244900,0.003989826483047132,237.001,1.55,0.12
2015-05-08,175.1461944580078,155877300,0.013165864346201372,237.001,1.57,0.12
2015-05-11,174.310302734375,75708100,-0.004772537172271996,237.001,1.66,0.12
2015-05-12,173.78887939453125,119727600,-0.0029913512377884866,237.001,1.67,0.12
2015-05-13,173.82200622558594,94667900,0.00019061536716336036,237.001,1.68,0.12
2015-05-14,175.634521484375,95934000,0.010427421119721725,237.001,1.67,0.12
2015-05-15,175.82485961914062,76510100,0.0010837171027482384,237.001,1.59,0.12
2015-05-18,176.37115478515625,74549700,0.0031070416731682204,237.001,1.65,0.12
2015-05-19,176.31317138671875,72114600,-0.0003287578317902051,237.001,1.64,0.12
2015-05-20,176.18902587890625,76857500,-0.0007041193056428474,237.001,1.66,0.12
2015-05-21,176.7021484375,64764600,0.002912341197382151,237.001,1.59,0.12
2015-05-22,176.28012084960938,57433500,-0.0023883557252836196,237.001,1.57,0.12
2015-05-26,174.38479614257812,124308600,-0.01075177789699966,237.001,1.5,0.12
2015-05-27,176.0400848388672,93214000,0.009492161776165853,237.001,1.5,0.12
2015-05-28,175.84141540527344,74974600,-0.0011285465681045714,237.001,1.51,0.12
2015-05-29,174.74893188476562,124919600,-0.006212890848210528,237.001,1.51,0.12
2015-06-01,175.1048583984375,93338800,0.002036787921007699,237.657,1.55,0.13
2015-06-02,174.93101501464844,91531000,-0.0009927958902973266,237.657,1.63,0.13
2015-06-03,175.39453125,87820900,0.0026497087169634614,237.657,1.69,0.13
2015-06-04,173.9130096435547,151882800,-0.008446794754014442,237.657,1.65,0.13
2015-06-05,173.6151123046875,121704700,-0.0017129100317322399,237.657,1.68,0.13
2015-06-08,172.54739379882812,89063300,-0.006149916857384974,237.657,1.69,0.13
2015-06-09,172.52264404296875,105034700,-0.0001434374366049429,237.657,1.7,0.13
2015-06-10,174.59169006347656,134551300,0.011992895378953872,237.657,1.75,0.13
2015-06-11,175.15452575683594,73876400,0.0032237255573546175,237.657,1.66,0.13
2015-06-12,173.8136749267578,135382400,-0.007655245128747712,237.657,1.65,0.13
2015-06-15,173.06883239746094,124384200,-0.004285293027782466,237.657,1.64,0.13
2015-06-16,174.0123748779297,85308200,0.005451833628263403,237.657,1.61,0.13
2015-06-17,174.29376220703125,126708600,0.0016170535532253894,237.657,1.65,0.13
2015-06-18,176.10629272460938,165867900,0.01039928506118959,237.657,1.69,0.13
2015-06-19,175.3245086669922,130478700,-0.004439273835828872,237.657,1.61,0.13
2015-06-22,176.22274780273438,70696000,0.005123294755374319,237.657,1.69,0.13
2015-06-23,176.34742736816406,68476800,0.0007075111867467232,237.657,1.72,0.13
2015-06-24,175.0666961669922,92307300,-0.007262545421193312,237.657,1.7,0.13
2015-06-25,174.53443908691406,97107400,-0.0030403103030539613,237.657,1.72,0.13
2015-06-26,174.50112915039062,104174800,-0.00019085022244147432,237.657,1.77,0.13
2015-06-29,170.84178161621094,202621300,-0.02097033728088915,237.657,1.69,0.13
2015-06-30,171.19943237304688,182925100,0.002093461877138436,237.657,1.71,0.13
2015-07-01,172.57168579101562,135979900,0.008015525512833355,238.034,1.74,0.13
2015-07-02,172.41366577148438,104373700,-0.0009156775562975117,238.034,1.76,0.13
2015-07-06,171.92298889160156,117975400,-0.0028459280051104097,238.034,1.7,0.13
2015-07-07,173.004150390625,173820200,0.006288638337396124,238.034,1.69,0.13
2015-07-08,170.1016387939453,164020100,-0.016777121185394206,238.034,1.67,0.13
2015-07-09,170.4093475341797,144113100,0.0018089698748118277,238.034,1.72,0.13
2015-07-10,172.55499267578125,129456900,0.012591123507301738,238.034,1.77,0.13
2015-07-13,174.45956420898438,106069400,0.011037475668882468,238.034,1.75,0.13
2015-07-14,175.2163848876953,81709600,0.004338086490943693,238.034,1.75,0.13
2015-07-15,175.15821838378906,97914100,-0.00033196954693215375,238.034,1.72,0.13
2015-07-16,176.56370544433594,106683300,0.008024100002360868,238.034,1.69,0.13
2015-07-17,176.71337890625,89030000,0.000847702315362131,238.034,1.66,0.13
2015-07-20,176.80491638183594,70446800,0.0005179996905300133,238.034,1.67,0.13
2015-07-21,176.1063232421875,77965000,-0.003951208789577554,238.034,1.64,0.13
2015-07-22,175.79025268554688,88667900,-0.0017947711974314329,238.034,1.58,0.13
2015-07-23,174.80055236816406,90509100,-0.005630006796526921,238.034,1.57,0.13
2015-07-24,172.98753356933594,117755000,-0.010371928316390888,238.034,1.57,0.13
2015-07-27,171.98117065429688,132361100,-0.005817545890586917,238.034,1.55,0.13
2015-07-28,174.0936279296875,123544800,0.012283073009410561,238.034,1.57,0.13
2015-07-29,175.2912139892578,105791300,0.006878976983890395,238.034,1.59,0.13
2015-07-30,175.3328094482422,91304400,0.00023729346176426525,238.034,1.56,0.13
2015-07-31,175.0666961669922,103266900,-0.0015177608919142438,238.034,1.53,0.13
2015-08-03,174.47622680664062,113965700,-0.0033728251762307204,238.034,1.48,0.13
2015-08-04,174.13523864746094,81820800,-0.0019543531254695434,238.034,1.49,0.13
2015-08-05,174.70904541015625,85786800,0.0032951788917174873,238.034,1.55,0.13
2015-08-06,173.27862548828125,116030800,-0.008187440544459856,238.034,1.52,0.13
2015-08-07,172.94590759277344,117858000,-0.0019201323566033768,238.034,1.45,0.13
2015-08-10,175.12493896484375,80270700,0.012599496584800196,238.034,1.51,0.13
2015-08-11,173.54473876953125,126081400,-0.009023273353601091,238.034,1.47,0.13
2015-08-12,173.752685546875,172123700,0.0011982315270295807,238.034,1.47,0.13
2015-08-13,173.5364532470703,89383300,-0.001244483209707603,238.034,1.47,0.13
2015-08-14,174.16848754882812,72786500,0.003642083780852401,238.034,1.47,0.13
2015-08-17,175.14154052734375,79072600,0.005586848644148823,238.034,1.44,0.13
2015-08-18,174.63421630859375,71692700,-0.002896652714270198,238.034,1.46,0.13
2015-08-19,173.253662109375,172946000,-0.00790540495671932,238.034,1.45,0.13
2015-08-20,169.63584899902344,194327900,-0.020881596765715882,238.034,1.4,0.13
2015-08-21,164.5294189453125,346588500,-0.03010230493048871,238.034,1.41,0.13
2015-08-24,157.6016082763672,507244300,-0.04210682024743573,238.034,1.42,0.13
2015-08-25,155.7470245361328,369833100,-0.011767543240943423,238.034,1.45,0.13
2015-08-26,161.7266845703125,339257000,0.038393414268999004,238.034,1.51,0.13
2015-08-27,165.7270050048828,274143900,0.02473506734648434,238.034,1.5,0.13
2015-08-28,165.73538208007812,160414400,5.0547436098780096e-05,238.034,1.47,0.13
2015-08-31,164.39637756347656,163298800,-0.0080791711449677,238.034,1.47,0.13
2015-09-01,159.489501953125,256000400,-0.029847832921117257,237.498,1.47,0.14
2015-09-02,162.51678466796875,160269300,0.018981078238826665,237.498,1.48,0.14
2015-09-03,162.63319396972656,152087800,0.0007162909480127322,237.498,1.47,0.14
2015-09-04,160.17147827148438,207081000,-0.015136612878060007,237.498,1.42,0.14
2015-09-08,164.19667053222656,116025700,0.02513051826817536,237.498,1.46,0.14
2015-09-09,162.00111389160156,149347700,-0.013371505241295933,237.498,1.46,0.14
2015-09-10,162.88270568847656,158611100,0.005441887254336253,237.498,1.48,0.14
2015-09-11,163.6228790283203,119691200,0.004544210735665022,237.498,1.49,0.14
2015-09-14,163.0157928466797,79452000,-0.003710276858871042,237.498,1.45,0.14
2015-09-15,165.0534210205078,113806200,0.012499575275780606,237.498,1.46,0.14
2015-09-16,166.48382568359375,99581600,0.00866631333202239,237.498,1.48,0.14
2015-09-17,166.10955810546875,276046600,-0.002248071706595134,237.498,1.51,0.14
2015-09-18,163.39511108398438,223657500,-0.016341305415796037,237.498,1.44,0.14
2015-09-21,164.23944091796875,105726200,0.0051674118545101955,237.498,1.48,0.14
2015-09-22,162.10768127441406,153890900,-0.012979584146413536,237.498,1.45,0.14
2015-09-23,161.84852600097656,92790600,-0.0015986612811936807,237.498,1.46,0.14
2015-09-24,161.26332092285156,159378800,-0.003615757848307255,237.498,1.46,0.14
2015-09-25,161.22154235839844,155054800,-0.00025907047066897615,237.498,1.47,0.14
2015-09-28,157.17526245117188,178515900,-0.025097637995743827,237.498,1.43,0.14
2015-09-29,157.2672882080078,159045600,0.0005854977138308737,237.498,1.41,0.14
2015-09-30,160.20164489746094,163452000,0.01865840457280621,237.498,1.42,0.14
2015-10-01,160.61961364746094,131079000,0.002609016594476987,237.733,1.41,0.12
2015-10-02,163.01895141601562,211003300,0.014938012326570105,237.733,1.41,0.12
2015-10-05,165.9197998046875,126320800,0.017794546974290615,237.733,1.46,0.12
2015-10-06,165.3513641357422,110274500,-0.0034259664585808425,237.733,1.44,0.12
2015-10-07,166.70567321777344,124307300,0.008190492344045452,237.733,1.43,0.12
2015-10-08,168.21047973632812,153055200,0.009026726502516347,237.733,1.47,0.12
2015-10-09,168.31080627441406,107069200,0.0005964345279985128,237.733,1.47,0.12
2015-10-12,168.46963500976562,56395600,0.0009436633265995642,237.733,1.47,0.12
2015-10-13,167.40792846679688,88038700,-0.006302064718708533,237.733,1.42,0.12
2015-10-14,166.60537719726562,99106200,-0.0047939860249236466,237.733,1.42,0.12
2015-10-15,169.16346740722656,134142200,0.015354187559817323,237.733,1.43,0.12
2015-10-16,169.9325714111328,114580100,0.004546513592410539,237.733,1.43,0.12
2015-10-19,170.01617431640625,76523900,0.0004919769328457502,237.733,1.43,0.12
2015-10-20,169.79884338378906,78448500,-0.0012782956297601178,237.733,1.42,0.12
2015-10-21,168.74542236328125,102038000,-0.0062039351948164345,237.733,1.4,0.12
2015-10-22,171.59622192382812,174911700,0.016894085306856876,237.733,1.43,0.12
2015-10-23,173.4772186279297,144442300,0.010961760597133274,237.733,1.43,0.12
2015-10-26,173.0508575439453,69033000,-0.0024577353000961866,237.733,1.41,0.12
2015-10-27,172.7164306640625,77905800,-0.001932535236341626,237.733,1.4,0.12
2015-10-28,174.68104553222656,135906700,0.011374800073221003,237.733,1.37,0.12
2015-10-29,174.5807342529297,90525500,-0.0005742539437593175,237.733,1.44,0.12
2015-10-30,173.8282928466797,131076900,-0.004309991073584762,237.733,1.41,0.12
2015-11-02,175.88490295410156,86270800,0.01183127368820136,237.733,1.43,0.12
2015-11-03,176.39486694335938,95246100,0.002899418771552531,237.733,1.43,0.12
2015-11-04,175.85980224609375,96224500,-0.0030333348500295454,237.733,1.41,0.12
2015-11-05,175.6842041015625,78408700,-0.0009985121232282124,237.733,1.41,0.12
2015-11-06,175.59228515625,110471500,-0.0005232055197139651,237.733,1.44,0.12
2015-11-09,173.95379638671875,131008700,-0.009331211608034184,237.733,1.47,0.12
2015-11-10,174.35501098632812,75874600,0.002306443480643683,237.733,1.45,0.12
2015-11-11,173.66952514648438,67846000,-0.003931552273524819,237.733,1.45,0.12
2015-11-12,171.24508666992188,121315200,-0.013960068552715699,237.733,1.43,0.12
2015-11-13,169.32232666015625,153577100,-0.011228117823151251,237.733,1.42,0.12
2015-11-16,171.897216796875,117645200,0.0152070325721827,237.733,1.39,0.12
2015-11-17,171.77178955078125,121123700,-0.0007296642053370439,237.733,1.39,0.12
2015-11-18,174.49713134765625,121342500,0.01586606161583526,237.733,1.37,0.12
2015-11-19,174.3466339111328,88220500,-0.0008624636712427636,237.733,1.33,0.12
2015-11-20,174.9820098876953,94011500,0.0036443260320493387,237.733,1.33,0.12
2015-11-23,174.78138732910156,64931200,-0.0011465324848108915,237.733,1.31,0.12
2015-11-24,175.01547241210938,98874400,0.001339302122411068,237.733,1.31,0.12
2015-11-25,174.9904022216797,51980100,-0.00014324556614431216,237.733,1.3,0.12
2015-11-27,175.19097900390625,37317800,0.0011462159048727383,237.733,1.3,0.12
2015-11-30,174.4637451171875,112822700,-0.004151092087353092,237.733,1.27,0.12
2015-12-01,176.12733459472656,97858400,0.00953544518043925,237.761,1.24,0.24
2015-12-02,174.3299560546875,108441300,-0.010204994836121695,237.761,1.24,0.24
2015-12-03,171.88882446289062,166224200,-0.014002938146964738,237.761,1.37,0.24
2015-12-04,175.24119567871094,192913900,0.01950313655524516,237.761,1.32,0.24
2015-12-07,174.17945861816406,102027100,-0.006058718421971254,237.761,1.29,0.24
2015-12-08,173.00906372070312,103372400,-0.006719477180295308,237.761,1.3,0.24
2015-12-09,171.66310119628906,162401500,-0.007779722607983763,237.761,1.29,0.24
2015-12-10,172.10618591308594,116128900,0.002581129629542378,237.761,1.29,0.24
2015-12-11,168.77056884765625,211173300,-0.01938115732292267,237.761,1.25,0.24
2015-12-14,169.62330627441406,182385200,0.005052642961270948,237.761,1.26,0.24
2015-12-15,171.40391540527344,154069600,0.010497432044973332,237.761,1.3,0.24
2015-12-16,173.91192626953125,197017000,0.014632167872757007,237.761,1.28,0.24
2015-12-17,171.2618865966797,173092500,-0.01523782600593182,237.761,1.24,0.24
2015-12-18,168.21078491210938,251393500,-0.01781541559071831,237.761,1.22,0.24
2015-12-21,169.59840393066406,99094300,0.008249286865165795,237.761,1.24,0.24
2015-12-22,171.13735961914062,111026200,0.009074116576626157,237.761,1.25,0.24
2015-12-23,173.25662231445312,110987200,0.012383401847666953,237.761,1.26,0.24
2015-12-24,172.970703125,48539600,-0.0016502641320930156,237.761,1.22,0.24
2015-12-28,172.57545471191406,65899900,-0.0022850598739851957,237.761,1.19,0.24
2015-12-29,174.41714477539062,92640700,0.010671796093777886,237.761,1.23,0.24
2015-12-30,173.18089294433594,63317700,-0.00708790315680663,237.761,1.23,0.24
2015-12-31,171.44851684570312,114877900,-0.010003275010192048,237.761,1.21,0.24
2016-01-04,169.05177307128906,222353500,-0.013979378874248494,237.761,1.22,0.24
2016-01-05,169.33767700195312,110845800,0.0016912211298931723,237.761,1.21,0.24
2016-01-06,167.20167541503906,152112600,-0.01261385903439216,237.761,1.19,0.24
2016-01-07,163.19024658203125,213436100,-0.023991558834864368,237.761,1.2,0.24
2016-01-08,161.39892578125,209817200,-0.010976886415088538,237.761,1.19,0.24
2016-01-11,161.5587615966797,187941300,0.000990315236957251,237.761,1.23,0.24
2016-01-12,162.86221313476562,172330500,0.008067971833925824,237.761,1.19,0.24
2016-01-13,158.80032348632812,221168900,-0.024940651181476703,237.761,1.17,0.24
2016-01-14,161.40736389160156,240795600,0.016417097572839046,237.761,1.2,0.24
2016-01-15,157.94256591796875,324846400,-0.021466170378445115,237.761,1.18,0.24
2016-01-19,158.15277099609375,195244400,0.0013308956765598623,237.761,1.18,0.24
2016-01-20,156.12603759765625,286547800,-0.012815035649849982,237.761,1.16,0.24
2016-01-21,157.00062561035156,195772900,0.005601807527769065,237.761,1.18,0.24
2016-01-22,160.22161865234375,168319600,0.020515797497432597,237.761,1.19,0.24
2016-01-25,157.7996063232422,130371700,-0.015116638749961386,237.761,1.15,0.24
2016-01-26,159.95249938964844,141036800,0.013643209362615094,237.761,1.16,0.24
2016-01-27,158.2116241455078,185681700,-0.010883701416254832,237.761,1.18,0.24
2016-01-28,159.03585815429688,143798800,0.005209693113516156,237.761,1.17,0.24
2016-01-29,162.91265869140625,210529300,0.024376895764904205,237.761,1.18,0.24
2016-02-01,162.85385131835938,136061600,-0.00036097485314678934,237.336,1.16,0.38
2016-02-02,159.9187774658203,182564900,-0.01802274756647515,237.336,1.12,0.38
2016-02-03,160.87753295898438,205054900,0.005995265273766703,237.336,1.16,0.38
2016-02-04,161.1298370361328,139531800,0.0015682990191847601,237.336,1.17,0.38
2016-02-05,158.06031799316406,180788300,-0.019049972987190578,237.336,1.12,0.38
2016-02-08,155.9326171875,191526700,-0.013461321808526772,237.336,1.09,0.38
2016-02-09,155.94102478027344,184513100,5.391811492083676e-05,237.336,1.05,0.38
2016-02-10,155.8065185546875,148214100,-0.000862545476890797,237.336,1.0,0.38
2016-02-11,153.77975463867188,219058900,-0.013008210021098976,237.336,0.99,0.38
2016-02-12,156.9501953125,127632400,0.02061676246835975,237.336,1.03,0.38
2016-02-16,159.59927368164062,120250700,0.01687846494148104,237.336,1.04,0.38
2016-02-17,162.2062530517578,136009500,0.016334531542527175,237.336,1.07,0.38
2016-02-18,161.54185485839844,102343000,-0.004096008512984861,237.336,1.04,0.38
2016-02-19,161.4661865234375,114793000,-0.00046841318633650264,237.336,1.0,0.38
2016-02-22,163.8041229248047,103640300,0.014479417961777541,237.336,0.99,0.38
2016-02-23,161.73532104492188,111455300,-0.012629730210347079,237.336,0.98,0.38
2016-02-24,162.47540283203125,150812200,0.0045758822644796915,237.336,1.0,0.38
2016-02-25,164.44325256347656,110728300,0.012111677811808219,237.336,0.99,0.38
2016-02-26,164.06483459472656,129833700,-0.0023012070294822218,237.336,0.96,0.38
2016-02-29,162.77810668945312,125918100,-0.007842801344065675,237.336,0.96,0.38
2016-03-01,166.60450744628906,141799700,0.023506851349093916,238.08,0.98,0.36
2016-03-02,167.3529815673828,102415000,0.00449252023589497,238.08,0.99,0.36
2016-03-03,168.0089569091797,95172200,0.003919711113917312,238.08,0.98,0.36
2016-03-04,168.5555877685547,129293600,0.0032535816508312276,238.08,1.0,0.36
2016-03-07,168.6901397705078,100219000,0.0007982648557334215,238.08,1.0,0.36
2016-03-08,166.84835815429688,123974900,-0.010918134389577006,238.08,0.95,0.36
2016-03-09,167.67257690429688,94801200,0.004939927243621911,238.08,1.0,0.36
2016-03-10,167.80709838867188,156838700,0.0008022867356047847,238.08,1.0,0.36
2016-03-11,170.51502990722656,137964500,0.01613716907423446,238.08,1.01,0.36
2016-03-14,170.29638671875,73612000,-0.001282251708811355,238.08,1.0,0.36
2016-03-15,170.0188751220703,93169100,-0.0016295800634807955,238.08,0.99,0.36
2016-03-16,171.00279235839844,129303200,0.00578710590586895,238.08,1.07,0.36
2016-03-17,172.08763122558594,134278500,0.006343983348025217,238.08,1.04,0.36
2016-03-18,172.76388549804688,138372400,0.003929708763173334,238.08,1.04,0.36
2016-03-21,173.00904846191406,72926700,0.0014190637305964149,238.08,1.05,0.36
2016-03-22,172.91600036621094,97471900,-0.0005378221343353973,238.08,1.03,0.36
2016-03-23,171.77493286132812,81052500,-0.006598970034387808,238.08,1.01,0.36
2016-03-24,171.69882202148438,84360900,-0.00044308467234388527,238.08,1.02,0.36
2016-03-28,171.80027770996094,62408200,0.0005908933286908891,238.08,1.0,0.36
2016-03-29,173.38943481445312,92922900,0.009250026400859923,238.08,1.03,0.36
2016-03-30,174.1502227783203,86365300,0.004387741183200289,238.08,1.07,0.36
2016-03-31,173.72755432128906,94584100,-0.0024270336855628516,238.08,1.05,0.36
2016-04-01,174.9110565185547,114423500,0.006812403489413477,238.992,1.03,0.37
2016-04-04,174.3446502685547,63497000,-0.0032382529799648285,238.992,1.03,0.37
2016-04-05,172.603271484375,99662200,-0.00998814005188764,238.992,1.01,0.37
2016-04-06,174.48829650878906,91839800,0.010921143082648355,238.992,1.03,0.37
2016-04-07,172.40040588378906,113859000,-0.011965791785323754,238.992,1.0,0.37
2016-04-08,172.86532592773438,95040600,0.0026967456460555983,238.992,1.02,0.37
2016-04-11,172.4595947265625,83757500,-0.0023470941844143667,238.992,1.03,0.37
2016-04-12,174.06565856933594,115350600,0.009312696375750384,238.992,1.05,0.37
2016-04-13,175.8238983154297,96336400,0.010101014528338892,238.992,1.02,0.37
2016-04-14,175.8323974609375,65212900,4.8338966370575775e-05,238.992,1.03,0.37
2016-04-15,175.63790893554688,75761600,-0.0011061017662221673,238.992,1.02,0.37
2016-04-18,176.87205505371094,82531000,0.007026650030415471,238.992,1.03,0.37
2016-04-19,177.42996215820312,88316100,0.0031542976323917227,238.992,1.02,0.37
2016-04-20,177.5990753173828,81100300,0.0009531262765467563,238.992,1.05,0.37
2016-04-21,176.6438446044922,85695000,-0.005378579315143184,238.992,1.06,0.37
2016-04-22,176.6438446044922,99251700,0.0,238.992,1.05,0.37
2016-04-25,176.33956909179688,66166500,-0.001722536742656322,238.992,1.06,0.37
2016-04-26,176.60162353515625,75864200,0.0014860785058568027,238.992,1.08,0.37
2016-04-27,176.9651336669922,77329400,0.0020583623443506394,238.992,1.04,0.37
2016-04-28,175.35902404785156,97216200,-0.009075853451239513,238.992,1.06,0.37
2016-04-29,174.41226196289062,142424100,-0.005398992667195679,238.992,1.06,0.37
2016-05-02,175.79856872558594,62188000,0.007948447816073179,238.992,1.08,0.37
2016-05-03,174.2686004638672,106422100,-0.008702961991157943,238.992,1.06,0.37
2016-05-04,173.29644775390625,92243800,-0.005578473157948571,238.992,1.04,0.37
2016-05-05,173.26258850097656,67619200,-0.0001953834216946726,238.992,1.04,0.37
2016-05-06,173.8966064453125,89315000,0.003659289347003769,238.992,1.05,0.37
2016-05-09,174.04031372070312,74374900,0.0008263949385107772,238.992,1.05,0.37
2016-05-10,176.20428466796875,77472200,0.012433733891897836,238.992,1.05,0.37
2016-05-11,174.5559539794922,81727000,-0.009354657246744003,238.992,0.99,0.37
2016-05-12,174.60665893554688,89586300,0.0002904796708373958,238.992,0.99,0.37
2016-05-13,173.08511352539062,96474600,-0.008714131634108502,238.992,0.95,0.37
2016-05-16,174.79263305664062,77486800,0.009865201555878,238.992,0.96,0.37
2016-05-17,173.1612091064453,114924900,-0.00933348231939879,238.992,0.94,0.37
2016-05-18,173.2118682861328,120062100,0.00029255501245861737,238.992,0.97,0.37
2016-05-19,172.61175537109375,115430500,-0.0034646177596082683,238.992,0.96,0.37
2016-05-20,173.70223999023438,104990400,0.0063175570910347645,238.992,0.96,0.37
2016-05-23,173.46554565429688,58682600,-0.0013626441199077188,238.992,0.93,0.37
2016-05-24,175.7140655517578,93537800,0.012962342976985619,238.992,0.94,0.37
2016-05-25,176.90591430664062,76621400,0.00678288759149881,238.992,0.95,0.37
2016-05-26,176.95663452148438,55280700,0.0002867072875576415,238.992,0.96,0.37
2016-05-27,177.71739196777344,64211200,0.004299117963823429,238.992,0.95,0.37
2016-05-31,177.3793182373047,109879400,-0.0019023108921722987,238.992,0.97,0.37
2016-06-01,177.74282836914062,69936200,0.002049337743815327,240.222,0.94,0.38
2016-06-02,178.2837677001953,63044700,0.0030433820369464293,240.222,0.92,0.38
2016-06-03,177.751220703125,101757100,-0.0029870750654420464,240.222,0.93,0.38
2016-06-06,178.6556854248047,64887000,0.00508837417882102,240.222,0.93,0.38
2016-06-07,178.93467712402344,60974800,0.001561616684939926,240.222,0.94,0.38
2016-06-08,179.51791381835938,66170900,0.0032594950498705533,240.222,0.93,0.38
2016-06-09,179.27279663085938,73786900,-0.0013654190954336398,240.222,0.91,0.38
2016-06-10,177.57371520996094,113829200,-0.00947763103398791,240.222,0.91,0.38
2016-06-13,176.20428466796875,117751200,-0.0077118989168695196,240.222,0.89,0.38
2016-06-14,175.85769653320312,125059300,-0.001966967689910115,240.222,0.88,0.38
2016-06-15,175.61257934570312,109124500,-0.0013938382699885121,240.222,0.91,0.38
2016-06-16,176.13668823242188,149533100,0.0029844609575890857,240.222,0.87,0.38
2016-06-17,175.48068237304688,117055700,-0.0037244134993009714,240.222,0.92,0.38
2016-06-20,176.61087036132812,82789600,0.006440526518347145,240.222,0.93,0.38
2016-06-21,177.11215209960938,72461700,0.00283834022931706,240.222,0.95,0.38
2016-06-22,176.82322692871094,95560500,-0.0016313119538852172,240.222,0.94,0.38
2016-06-23,179.1259002685547,102731400,0.013022459661207852,240.222,0.96,0.38
2016-06-24,172.69369506835938,333444400,-0.03590885064946958,240.222,0.93,0.38
2016-06-27,169.6007843017578,230775800,-0.017909807103132835,240.222,0.85,0.38
2016-06-28,172.65968322753906,159382400,0.018035877241810327,240.222,0.85,0.38
2016-06-29,175.59963989257812,137328600,0.017027464721828922,240.222,0.88,0.38
2016-06-30,177.99581909179688,165021900,0.013645695405096525,240.222,0.91,0.38
2016-07-01,178.36972045898438,106055300,0.002100618818437816,240.101,0.87,0.39
2016-07-05,177.08660888671875,109803700,-0.007193550390525383,240.101,0.81,0.39
2016-07-06,178.1487579345703,96021500,0.005997907207828446,240.101,0.8,0.39
2016-07-07,178.03831481933594,85593800,-0.0006199488366622763,240.101,0.82,0.39
2016-07-08,180.68942260742188,133971000,0.014890658737003681,240.101,0.76,0.39
2016-07-11,181.32666015625,73633900,0.003526700897221957,240.101,0.77,0.39
2016-07-12,182.6437225341797,101275600,0.007263478943442481,240.101,0.84,0.39
2016-07-13,182.61827087402344,87324100,-0.000139351409416677,240.101,0.8,0.39
2016-07-14,183.63787841796875,91230900,0.005583272358594904,240.101,0.85,0.39
2016-07-15,183.3914794921875,107155400,-0.001341765260544081,240.101,0.89,0.39
2016-07-18,183.8843231201172,58725900,0.0026873856369684646,240.101,0.91,0.39
2016-07-19,183.69735717773438,54345700,-0.0010167584664663165,240.101,0.86,0.39
2016-07-20,184.4620819091797,58159500,0.004162959898793783,240.101,0.86,0.39
2016-07-21,183.7653350830078,67777300,-0.003777181841170596,240.101,0.87,0.39
2016-07-22,184.5895538330078,62787500,0.004485169902297859,240.101,0.86,0.39
2016-07-25,184.08824157714844,55873100,-0.0027158213747723314,240.101,0.86,0.39
2016-07-26,184.1731719970703,70080500,0.0004613571143612383,240.101,0.82,0.39
2016-07-27,183.97776794433594,84083900,-0.0010609800038492434,240.101,0.79,0.39
2016-07-28,184.190185546875,65035700,0.001154582996155007,240.101,0.8,0.39
2016-07-29,184.4875946044922,79519400,0.0016146846083799904,240.101,0.79,0.39
2016-08-01,184.3345947265625,73311400,-0.0008293233930318777,240.545,0.84,0.4
2016-08-02,183.15350341796875,92295500,-0.006407323109076435,240.545,0.88,0.4
2016-08-03,183.6888427734375,53993600,0.0029228998925947547,240.545,0.88,0.4
2016-08-04,183.8843231201172,46585500,0.0010641928150245672,240.545,0.87,0.4
2016-08-05,185.3882598876953,71892200,0.008178711170477193,240.545,0.87,0.4
2016-08-08,185.27780151367188,39906500,-0.0005958218394754855,240.545,0.85,0.4
2016-08-09,185.3882598876953,51251700,0.0005961770547848744,240.545,0.84,0.4
2016-08-10,184.929443359375,57941100,-0.002474895274373168,240.545,0.81,0.4
2016-08-11,185.7876434326172,72504300,0.004640689214504556,240.545,0.81,0.4
2016-08-12,185.6261749267578,61313500,-0.0008691025025996391,240.545,0.8,0.4
2016-08-15,186.1614990234375,49813500,0.0028838826037917986,240.545,0.83,0.4
2016-08-16,185.2013702392578,53213600,-0.005157504581862038,240.545,0.81,0.4
2016-08-17,185.54969787597656,75134300,0.00188080485726827,240.545,0.82,0.4
2016-08-18,185.96609497070312,52989300,0.002244127042475119,240.545,0.82,0.4
2016-08-19,185.6941680908203,75443000,-0.001462239016879141,240.545,0.82,0.4
2016-08-22,185.68560791015625,61368800,-4.609827412493939e-05,240.545,0.79,0.4
2016-08-23,186.05953979492188,53399200,0.0020137903468886442,240.545,0.81,0.4
2016-08-24,185.1078643798828,71728900,-0.0051148971780109465,240.545,0.8,0.4
2016-08-25,184.9803466796875,69224800,-0.0006888832120801602,240.545,0.8,0.4
2016-08-26,184.6320037841797,122506300,-0.0018831346235446134,240.545,0.78,0.4
2016-08-29,185.54122924804688,70502200,0.0049245279541567655,240.545,0.76,0.4
2016-08-30,185.2353515625,58114500,-0.001648569898919594,240.545,0.77,0.4
2016-08-31,184.70846557617188,85269500,-0.002844413778923527,240.545,0.78,0.4
2016-09-01,184.71702575683594,97844200,4.6344279009513656e-05,241.176,0.79,0.4
2016-09-02,185.54969787597656,79293900,0.00450782550081108,241.176,0.8,0.4
2016-09-06,186.11050415039062,56702100,0.0030224046755866762,241.176,0.81,0.4
2016-09-07,186.09349060058594,76554900,-9.141638663734408e-05,241.176,0.8,0.4
2016-09-08,185.66860961914062,74102900,-0.002283158750336023,241.176,0.83,0.4
2016-09-09,181.22471618652344,221589100,-0.02393454360288949,241.176,0.88,0.4
2016-09-12,183.82479858398438,168110900,0.01434728359450066,241.176,0.89,0.4
2016-09-13,181.1821746826172,182828800,-0.014375774768820682,241.176,0.93,0.4
2016-09-14,181.11424255371094,134185500,-0.00037493825772461076,241.176,0.93,0.4
2016-09-15,182.92413330078125,134427900,0.009993089011393286,241.176,0.97,0.4
2016-09-16,182.21694946289062,155236400,-0.003865995290669555,241.176,0.93,0.4
2016-09-19,182.2511749267578,80250500,0.00018782810253425986,241.176,0.91,0.4
2016-09-20,182.25970458984375,69665300,4.680169052062588e-05,241.176,0.9,0.4
2016-09-21,184.30935668945312,110284400,0.011245777579975247,241.176,0.87,0.4
2016-09-22,185.4707489013672,76678700,0.006301319872061173,241.176,0.84,0.4
2016-09-23,184.45448303222656,73630900,-0.005479386238317674,241.176,0.85,0.4
2016-09-26,182.95999145507812,89827300,-0.008102224205021491,241.176,0.83,0.4
2016-09-27,184.09579467773438,78494800,0.0062079322021346695,241.176,0.81,0.4
2016-09-28,185.0095672607422,87411000,0.004963571191875404,241.176,0.82,0.4
2016-09-29,183.33570861816406,128070600,-0.009047416668020669,241.176,0.83,0.4
2016-09-30,184.7191925048828,117202900,0.007546177976709201,241.176,0.83,0.4
2016-10-03,184.2751007080078,83512100,-0.0024041453995813367,241.176,0.83,0.4
2016-10-04,183.33570861816406,119948100,-0.005097770052679307,241.176,0.87,0.4
2016-10-05,184.1470184326172,72816000,0.004425268926430803,241.176,0.87,0.4
2016-10-06,184.2751007080078,62927400,0.0006955435742637128,241.176,0.89,0.4
2016-10-07,183.6431884765625,89788300,-0.003429178597745608,241.176,0.9,0.4
2016-10-10,184.59962463378906,51855000,0.005208122147958738,241.176,0.9,0.4
2016-10-11,182.2682342529297,130367400,-0.01262944269515398,241.176,0.9,0.4
2016-10-12,182.50730895996094,73866100,0.0013116641416490715,241.176,0.92,0.4
2016-10-13,181.9095458984375,101357000,-0.003275282863628104,241.176,0.9,0.4
2016-10-14,182.00344848632812,93346200,0.0005162048392064467,241.176,0.96,0.4
2016-10-17,181.3715362548828,58275700,-0.0034719794416026017,241.176,0.96,0.4
2016-10-18,182.50730895996094,76869700,0.006262133124803171,241.176,0.93,0.4
2016-10-19,182.994140625,66519200,0.0026674639378188036,241.176,0.95,0.4
2016-10-20,182.65257263183594,73639800,-0.0018665515299969293,241.176,0.92,0.4
2016-10-21,182.73794555664062,89089100,0.00046740609001316713,241.176,0.9,0.4
2016-10-24,183.51507568359375,60146600,0.004252702549467191,241.176,0.93,0.4
2016-10-25,182.90016174316406,66542300,-0.003350754362491104,241.176,0.91,0.4
2016-10-26,182.5330352783203,75705500,-0.0020072506297685866,241.176,0.93,0.4
2016-10-27,182.04615783691406,77220200,-0.00266733876782288,241.176,0.98,0.4
2016-10-28,181.50819396972656,140623200,-0.00295509596895438,241.176,1.0,0.4
2016-10-31,181.5167236328125,61272500,4.699326735280174e-05,241.176,0.98,0.4
2016-11-01,180.20152282714844,122781800,-0.00724561781053612,242.026,1.0,0.41
2016-11-02,179.11700439453125,103330800,-0.006018364415585231,242.026,1.0,0.41
2016-11-03,178.2971649169922,88939300,-0.0045771169538613155,242.026,1.01,0.41
2016-11-04,178.1007537841797,109122100,-0.0011015942564422954,242.026,0.99,0.41
2016-11-07,182.02911376953125,109794900,0.02205695316771039,242.026,1.01,0.41
2016-11-08,182.84896850585938,106772100,0.004503975871497978,242.026,1.01,0.41
2016-11-09,184.78753662109375,258429000,0.010602018327340312,242.026,1.17,0.41
2016-11-10,185.24864196777344,172113300,0.002495327093543054,242.026,1.23,0.41
2016-11-11,184.82168579101562,100552700,-0.002304773585503961,242.026,1.23,0.41
2016-11-14,184.9668731689453,94580000,0.0007855538018080033,242.026,1.23,0.41
2016-11-15,186.41009521484375,91652600,0.0078025974120252695,242.026,1.21,0.41
2016-11-16,186.0599822998047,65617700,-0.0018781864503397694,242.026,1.22,0.41
2016-11-17,187.01641845703125,69797200,0.005140472149918862,242.026,1.25,0.41
2016-11-18,186.5980224609375,86265800,-0.0022372153180223453,242.026,1.27,0.41
2016-11-21,188.007080078125,72402600,0.007551299840181658,242.026,1.25,0.41
2016-11-22,188.37429809570312,67429000,0.0019532137695321694,242.026,1.24,0.41
2016-11-23,188.47677612304688,56620200,0.0005440127893228119,242.026,1.24,0.41
2016-11-25,189.1770782470703,37872300,0.003715588405259318,242.026,1.24,0.41
2016-11-28,188.28895568847656,76572500,-0.0046946626241570755,242.026,1.21,0.41
2016-11-29,188.65611267089844,69886700,0.0019499655785937264,242.026,1.21,0.41
2016-11-30,188.20347595214844,113291800,-0.0023992687665498336,242.026,1.26,0.41
2016-12-01,187.5117645263672,79040500,-0.003675338206596823,242.637,1.31,0.54
2016-12-02,187.60569763183594,74840300,0.0005009451311281943,242.637,1.29,0.54
2016-12-05,188.7329559326172,67837800,0.006008657066447043,242.637,1.26,0.54
2016-12-06,189.33079528808594,59877400,0.0031676468612200637,242.637,1.27,0.54
2016-12-07,191.80738830566406,110738100,0.013080772273785346,242.637,1.24,0.54
2016-12-08,192.27708435058594,99714400,0.002448790159080616,242.637,1.28,0.54
2016-12-09,193.43846130371094,88005800,0.006040121510306529,242.637,1.32,0.54
2016-12-12,193.21646118164062,102016100,-0.0011476524398204013,242.637,1.34,0.54
2016-12-13,194.50599670410156,110477500,0.0066740458580734074,242.637,1.31,0.54
2016-12-14,192.90048217773438,142501800,-0.008254318908273217,242.637,1.27,0.54
2016-12-15,193.69471740722656,124972600,0.004117331488888709,242.637,1.31,0.54
2016-12-16,193.3158416748047,156420200,-0.0019560457687926025,242.637,1.32,0.54
2016-12-19,193.73675537109375,90341100,0.0021773368009700977,242.637,1.3,0.54
2016-12-20,194.4841766357422,89838800,0.0038579218652485814,242.637,1.32,0.54
2016-12-21,193.9429931640625,67909000,-0.002782660682433269,242.637,1.34,0.54
2016-12-22,193.60789489746094,56219100,-0.0017278183714433126,242.637,1.33,0.54
2016-12-23,193.89141845703125,36697800,0.0014644214778558595,242.637,1.33,0.54
2016-12-27,194.37249755859375,42672500,0.0024811778952924524,242.637,1.29,0.54
2016-12-28,192.76609802246094,64095000,-0.008264541312736684,242.637,1.25,0.54
2016-12-29,192.72312927246094,48696100,-0.00022290615642894807,242.637,1.27,0.54
2016-12-30,192.0187225341797,108998300,-0.00365501920262723,242.637,1.25,0.54
2017-01-03,193.48773193359375,91366500,0.007650344612372795,242.637,1.23,0.54
2017-01-04,194.63877868652344,78744400,0.005948939198505476,242.637,1.22,0.54
2017-01-05,194.4841766357422,78379000,-0.0007943024089266393,242.637,1.2,0.54
2017-01-06,195.17999267578125,71559900,0.0035777514246944087,242.637,1.2,0.54
2017-01-09,194.5357208251953,46939700,-0.0033009113370352505,242.637,1.17,0.54
2017-01-10,194.5357208251953,63771900,0.0,242.637,1.19,0.54
2017-01-11,195.0854949951172,74650000,0.002826083392755807,242.637,1.18,0.54
2017-01-12,194.5958251953125,72113200,-0.002510026692742806,242.637,1.18,0.54
2017-01-13,195.04254150390625,62717900,0.002295610957457006,242.637,1.19,0.54
2017-01-17,194.35531616210938,61240800,-0.003523463837673102,242.637,1.16,0.54
2017-01-18,194.78485107421875,54793300,0.0022100497202304226,242.637,1.19,0.54
2017-01-19,194.06324768066406,66608800,-0.003704617631068885,242.637,1.22,0.54
2017-01-20,194.7761993408203,129168600,0.0036738108254759094,242.637,1.28,0.54
2017-01-23,194.26937866210938,75061600,-0.0026020667844744994,242.637,1.25,0.54
2017-01-24,195.51499938964844,95555300,0.006411822265131928,242.637,1.26,0.54
2017-01-25,197.20726013183594,84437700,0.008655401107180216,242.637,1.3,0.54
2017-01-26,197.0010986328125,59970700,-0.001045405219288642,242.637,1.3,0.54
2017-01-27,196.69186401367188,59711100,-0.001569710124901369,242.637,1.27,0.54
2017-01-30,195.47203063964844,79737300,-0.006201747998781704,242.637,1.27,0.54
2017-01-31,195.454833984375,75880800,-8.797501728086132e-05,242.637,1.26,0.54
2017-02-01,195.53216552734375,79117700,0.00039564917066692296,244.006,1.26,0.66
2017-02-02,195.6610107421875,69657600,0.0006589463912305416,244.006,1.27,0.66
2017-02-03,197.0096893310547,80563200,0.006892934794476169,244.006,1.28,0.66
2017-02-06,196.65753173828125,57790100,-0.0017875140759279207,244.006,1.26,0.66
2017-02-07,196.66610717773438,57931200,4.36059548665213e-05,244.006,1.24,0.66
2017-02-08,196.9237518310547,51566200,0.0013100612861953742,244.006,1.19,0.66
2017-02-09,198.09207153320312,65955200,0.005932853154000162,244.006,1.2,0.66
2017-02-10,198.87379455566406,66015900,0.003946261031097853,244.006,1.21,0.66
2017-02-13,199.9561767578125,55182100,0.005442558204145298,244.006,1.23,0.66
2017-02-14,200.7550506591797,71109000,0.0039952449297666615,244.006,1.22,0.66
2017-02-15,201.8030548095703,86785800,0.005220312749041778,244.006,1.24,0.66
2017-02-16,201.63128662109375,84722400,-0.0008511674346983744,244.006,1.23,0.66
2017-02-17,201.94911193847656,77204100,0.001576269847348044,244.006,1.21,0.66
2017-02-21,203.1517333984375,88946100,0.0059550717921814655,244.006,1.21,0.66
2017-02-22,202.97137451171875,62115200,-0.0008878038287027934,244.006,1.2,0.66
2017-02-23,203.10879516601562,74615900,0.0006770445075197085,244.006,1.2,0.66
2017-02-24,203.36651611328125,82381600,0.0012688812764358737,244.006,1.19,0.66
2017-02-27,203.68441772460938,56515400,0.0015631954433985573,244.006,1.16,0.66
2017-02-28,203.13458251953125,96961900,-0.0026994465812378854,244.006,1.14,0.66
2017-03-01,205.97796630859375,149158200,0.01399753677485771,243.892,1.17,0.79
2017-03-02,204.68080139160156,70246000,-0.006297590660977792,243.892,1.17,0.79
2017-03-03,204.8096923828125,81974300,0.0006297170537472585,243.892,1.17,0.79
2017-03-06,204.19976806640625,55391500,-0.0029780051388692552,243.892,1.18,0.79
2017-03-07,203.58982849121094,65103700,-0.002986974867654868,243.892,1.2,0.79
2017-03-08,203.21189880371094,78168800,-0.0018563289251767312,243.892,1.21,0.79
2017-03-09,203.4696044921875,90683900,0.0012681623959702737,243.892,1.23,0.79
2017-03-10,204.1825714111328,81991700,0.003504046320455201,243.892,1.22,0.79
2017-03-13,204.28565979003906,57256800,0.000504883341383211,243.892,1.22,0.79
2017-03-14,203.50393676757812,59880800,-0.0038266172146609323,243.892,1.2,0.79
2017-03-15,205.26495361328125,96081800,0.008653478029343464,243.892,1.18,0.79
2017-03-16,204.8612518310547,78344000,-0.001966735066655012,243.892,1.18,0.79
2017-03-17,204.5014190673828,89002100,-0.0017564705890239507,243.892,1.17,0.79
2017-03-20,204.2771453857422,52537000,-0.0010966852096352397,243.892,1.17,0.79
2017-03-21,201.654296875,131809300,-0.012839657151999972,243.892,1.16,0.79
2017-03-22,202.1288299560547,97569200,0.002353200940463207,243.892,1.13,0.79
2017-03-23,201.9131622314453,100410300,-0.0010669815120201154,243.892,1.15,0.79
2017-03-24,201.7665252685547,112504900,-0.0007262377611745308,243.892,1.14,0.79
2017-03-27,201.55938720703125,87454500,-0.0010266225343760205,243.892,1.11,0.79
2017-03-28,203.02610778808594,93483900,0.007276865649269659,243.892,1.12,0.79
2017-03-29,203.2159423828125,61950400,0.000935025533389533,243.892,1.13,0.79
2017-03-30,203.86300659179688,56737900,0.0031841212918495287,243.892,1.14,0.79
2017-03-31,203.3884735107422,73733100,-0.0023277056930924855,243.892,1.13,0.79
2017-04-03,203.0347137451172,85546500,-0.001739330452304677,243.892,1.11,0.79
2017-04-04,203.16416931152344,56466200,0.0006376031173109808,243.892,1.11,0.79
2017-04-05,202.5602264404297,108800600,-0.002972683978382462,243.892,1.1,0.79
2017-04-06,203.12965393066406,69135800,0.0028111515288113953,243.892,1.1,0.79
2017-04-07,202.92254638671875,74412300,-0.0010195830098543857,243.892,1.09,0.79
2017-04-10,203.04335021972656,67615300,0.0005953199147106236,243.892,1.08,0.79
2017-04-11,202.80178833007812,88045300,-0.0011897059883371197,243.892,1.08,0.79
2017-04-12,201.9131622314453,81864400,-0.004381746857115898,243.892,1.04,0.79
2017-04-13,200.60174560546875,92880400,-0.006494953629983424,243.892,1.03,0.79
2017-04-17,202.3790740966797,68405400,0.008859985170350804,243.892,1.05,0.79
2017-04-18,201.7750701904297,83225800,-0.002984517588816793,243.892,1.0,0.79
2017-04-19,201.4041290283203,68699900,-0.0018383894589123484,243.892,1.02,0.79
2017-04-20,203.04335021972656,92572200,0.008138965170747525,243.892,1.03,0.79
2017-04-21,202.39627075195312,110389800,-0.003186903028703947,243.892,1.04,0.79
2017-04-24,204.62222290039062,119209900,0.01099798993414014,243.892,1.03,0.79
2017-04-25,205.8128662109375,76698300,0.005818739009235019,243.892,1.06,0.79
2017-04-26,205.6833953857422,84702500,-0.0006290706095245513,243.892,1.04,0.79
2017-04-27,205.8560028076172,57410300,0.0008391898701949341,243.892,1.05,0.79
2017-04-28,205.40733337402344,63532800,-0.002179530484778036,243.892,1.01,0.79
2017-05-01,205.9249725341797,66882500,0.0025200617312610696,244.004,1.05,0.91
2017-05-02,206.00265502929688,57375700,0.00037723688468283,244.004,1.02,0.91
2017-05-03,205.75245666503906,73137700,-0.0012145395127175496,244.004,1.03,0.91
2017-05-04,205.99403381347656,61462700,0.0011741154995335013,244.004,1.04,0.91
2017-05-05,206.8050079345703,62001300,0.003936881598367359,244.004,1.04,0.91
2017-05-08,206.77053833007812,48385700,-0.00016667683648696752,244.004,1.06,0.91
2017-05-09,206.5806884765625,51363200,-0.0009181668483764227,244.004,1.05,0.91
2017-05-10,206.95175170898438,54293800,0.001796214521107009,244.004,1.06,0.91
2017-05-11,206.52891540527344,62358300,-0.0020431636853479596,244.004,1.04,0.91
2017-05-12,206.18382263183594,53912700,-0.0016709174730343834,244.004,1.04,0.91
2017-05-15,207.32269287109375,61918900,0.005523567391081841,244.004,1.03,0.91
2017-05-16,207.13287353515625,51241800,-0.0009155743315351073,244.004,1.04,0.91
2017-05-17,203.45745849609375,172174100,-0.017744238161397807,244.004,0.96,0.91
2017-05-18,204.2771453857422,107047700,0.004028787618342244,244.004,0.96,0.91
2017-05-19,205.60580444335938,115011400,0.006504198279784212,244.004,0.95,0.91
2017-05-22,206.64971923828125,61010600,0.005077263250169883,244.004,0.96,0.91
2017-05-23,207.1070098876953,48341700,0.0022128781548780285,244.004,0.98,0.91
2017-05-24,207.5901336669922,46927700,0.002332725384615708,244.004,0.97,0.91
2017-05-25,208.58230590820312,64071700,0.004779476864746002,244.004,0.95,0.91
2017-05-26,208.53921508789062,46629900,-0.00020658904946357914,244.004,0.95,0.91
2017-05-30,208.3579864501953,35201900,-0.0008690386487689716,244.004,0.93,0.91
2017-05-31,208.3062744140625,91796000,-0.0002481884040723692,244.004,0.93,0.91
2017-06-01,209.96273803710938,68962000,0.00795205822631262,244.163,0.93,1.04
2017-06-02,210.66159057617188,88666100,0.003328459828614738,244.163,0.87,1.04
2017-06-05,210.50631713867188,44698800,-0.0007370752165846151,244.163,0.86,1.04
2017-06-06,209.83334350585938,50375400,-0.0031969284435733325,244.163,0.84,1.04
2017-06-07,210.2215576171875,54144300,0.0018501068745411242,244.163,0.86,1.04
2017-06-08,210.32510375976562,65950700,0.0004925572037035586,244.163,0.86,1.04
2017-06-09,210.0059051513672,132256400,-0.001517643888876985,244.163,0.86,1.04
2017-06-12,209.96273803710938,86108100,-0.00020555190686999403,244.163,0.86,1.04
2017-06-13,210.98944091796875,60067000,0.004889928996248516,244.163,0.83,1.04
2017-06-14,210.72198486328125,78602300,-0.001267627676171168,244.163,0.8,1.04
2017-06-15,210.31643676757812,66464900,-0.0019245647100668561,244.163,0.81,1.04
2017-06-16,210.3624267578125,84553100,0.0002186704517308513,244.163,0.84,1.04
2017-06-19,212.11370849609375,65123800,0.008325069097522286,244.163,0.83,1.04
2017-06-20,210.68324279785156,56906400,-0.006743862564962511,244.163,0.8,1.04
2017-06-21,210.6311798095703,55977600,-0.00024711499400642545,244.163,0.8,1.04
2017-06-22,210.53579711914062,44148100,-0.0004528422169781665,244.163,0.81,1.04
2017-06-23,210.78729248046875,66986800,0.0011945491682148202,244.163,0.81,1.04
2017-06-26,210.92596435546875,56700500,0.0006578758774693494,244.163,0.78,1.04
2017-06-27,209.22671508789062,82247700,-0.0080561408016816,244.163,0.83,1.04
2017-06-28,211.099365234375,70042600,0.008950339566807797,244.163,0.88,1.04
2017-06-29,209.24403381347656,106949700,-0.008788900993797588,244.163,0.89,1.04
2017-06-30,209.63421630859375,86820700,0.0018647245897820408,244.163,0.93,1.04
2017-07-03,209.98963928222656,39153800,0.001695443520105533,244.163,0.94,1.04
2017-07-05,210.47512817382812,54427600,0.0023119659296575445,244.163,0.92,1.04
2017-07-06,208.5504150390625,65400800,-0.009144610821550492,244.163,0.97,1.04
2017-07-07,209.90296936035156,57972300,0.006485502898834872,244.163,0.99,1.04
2017-07-10,210.12832641601562,36663300,0.001073624905597148,244.163,0.98,1.04
2017-07-11,209.97238159179688,50354600,-0.0007421408949406239,244.163,1.0,1.04
2017-07-12,211.55020141601562,59610400,0.0075144160020348405,244.163,0.98,1.04
2017-07-13,211.90562438964844,39471600,0.0016800880890388559,244.163,0.98,1.04
2017-07-14,212.89401245117188,60262700,0.00466428422733145,244.163,0.98,1.04
2017-07-17,212.86795043945312,33531900,-0.00012241777689603328,244.163,0.95,1.04
2017-07-18,212.98068237304688,42742500,0.000529586221697631,244.163,0.91,1.04
2017-07-19,214.1337432861328,51034300,0.005413922522166992,244.163,0.9,1.04
2017-07-20,214.22915649414062,47135200,0.0004455776401401934,244.163,0.9,1.04
2017-07-21,214.0384521484375,82340800,-0.0008901885664117648,244.163,0.88,1.04
2017-07-24,213.9864044189453,46622300,-0.00024316999571694087,244.163,0.89,1.04
2017-07-25,214.5065460205078,54915600,0.002430722657240203,244.163,0.93,1.04
2017-07-26,214.5152130126953,47575400,4.040432494156754e-05,244.163,0.93,1.04
2017-07-27,214.3158416748047,70766600,-0.0009294041904562844,244.163,0.96,1.04
2017-07-28,214.06436157226562,50088400,-0.001173408837040868,244.163,0.96,1.04
2017-07-31,213.94308471679688,65838700,-0.0005665438869786321,244.163,0.96,1.04
2017-08-01,214.4198760986328,55050400,0.0022285898254998937,245.183,0.92,1.16
2017-08-02,214.52386474609375,47211200,0.0004849767164920582,245.183,0.91,1.16
2017-08-03,214.1077880859375,40856000,-0.0019395355414126847,245.183,0.9,1.16
2017-08-04,214.4979248046875,60191800,0.0018221509933744606,245.183,0.91,1.16
2017-08-07,214.89669799804688,31995000,0.001859100472521913,245.183,0.9,1.16
2017-08-08,214.36785888671875,61719400,-0.002460899196007782,245.183,0.93,1.16
2017-08-09,214.35919189453125,62632600,-4.0430464867791116e-05,245.183,0.91,1.16
2017-08-10,211.3334503173828,120479500,-0.014115287291422307,245.183,0.87,1.16
2017-08-11,211.64556884765625,74869900,0.0014769007452661853,245.183,0.89,1.16
2017-08-14,213.74363708496094,73291900,0.009913121492351573,245.183,0.89,1.16
2017-08-15,213.71762084960938,55242700,-0.00012171700503638139,245.183,0.92,1.16
2017-08-16,214.0904541015625,56715500,0.0017445133932849632,245.183,0.9,1.16
2017-08-17,210.75257873535156,128490400,-0.01559095841156688,245.183,0.87,1.16
2017-08-18,210.42312622070312,136748000,-0.0015632193761299096,245.183,0.86,1.16
2017-08-21,210.58782958984375,65469700,0.000782724656261724,245.183,0.86,1.16
2017-08-22,212.78994750976562,63140100,0.01045700468166122,245.183,0.89,1.16
2017-08-23,212.02703857421875,50203800,-0.0035852677463152904,245.183,0.85,1.16
2017-08-24,211.5328826904297,50741700,-0.002330626730968066,245.183,0.86,1.16
2017-08-25,212.02703857421875,64445900,0.0023360712410478435,245.183,0.82,1.16
2017-08-28,212.0356903076172,40565600,4.0804858930432175e-05,245.183,0.83,1.16
2017-08-29,212.2784423828125,51135700,0.0011448642199958226,245.183,0.8,1.16
2017-08-30,213.28414916992188,62030800,0.004737677438275689,245.183,0.82,1.16
2017-08-31,214.56724548339844,103803900,0.006015900939991159,245.183,0.79,1.16
2017-09-01,214.87071228027344,62007000,0.0014143202341592165,246.435,0.81,1.15
2017-09-05,213.32748413085938,91398800,-0.007182124231994491,246.435,0.77,1.15
2017-09-06,214.0557861328125,57916900,0.003414009239926852,246.435,0.8,1.15
2017-09-07,214.02975463867188,58034700,-0.00012161079413419706,246.435,0.78,1.15
2017-09-08,213.77830505371094,63832800,-0.0011748347111150137,246.435,0.79,1.15
2017-09-11,216.05848693847656,71364800,0.010666105169992557,246.435,0.82,1.15
2017-09-12,216.78672790527344,56896000,0.0033705732976101466,246.435,0.84,1.15
2017-09-13,216.89071655273438,59228000,0.0004796817981698176,246.435,0.85,1.15
2017-09-14,216.8213653564453,95446300,-0.000319751796625245,246.435,0.83,1.15
2017-09-15,217.1132354736328,95432400,0.0013461317186509447,246.435,0.81,1.15
2017-09-18,217.57504272460938,46235200,0.0021270340795627174,246.435,0.83,1.15
2017-09-19,217.7928924560547,47108100,0.0010012625010538123,246.435,0.84,1.15
2017-09-20,217.8712921142578,59574100,0.00035997344687888067,246.435,0.83,1.15
2017-09-21,217.28756713867188,48211400,-0.0026792193222033855,246.435,0.82,1.15
2017-09-22,217.3311004638672,51214000,0.0002003489006232595,246.435,0.8,1.15
2017-09-25,216.8867950439453,57064400,-0.0020443710954095584,246.435,0.78,1.15
2017-09-26,217.01747131347656,54082000,0.0006025091085180012,246.435,0.79,1.15
2017-09-27,217.8625946044922,81001400,0.0038942638392227558,246.435,0.84,1.15
2017-09-28,218.12393188476562,44778800,0.001199550940572669,246.435,0.86,1.15
2017-09-29,218.89068603515625,85578000,0.003515222487350478,246.435,0.86,1.15
2017-10-02,219.8404083251953,59023000,0.004338797174250342,246.435,0.85,1.15
2017-10-03,220.31089782714844,66810200,0.0021401411393722203,246.435,0.86,1.15
2017-10-04,220.57225036621094,55953600,0.0011862896553920255,246.435,0.86,1.15
2017-10-05,221.87918090820312,63522800,0.005925181158655812,246.435,0.86,1.15
2017-10-06,221.62652587890625,80646000,-0.001138705435375642,246.435,0.83,1.15
2017-10-09,221.2605743408203,35803100,-0.0016512082054920274,246.435,0.83,1.15
2017-10-10,221.84432983398438,43057400,0.002638316812216379,246.435,0.84,1.15
2017-10-11,222.1928253173828,47674300,0.0015709010172098026,246.435,0.84,1.15
2017-10-12,221.8616943359375,47065100,-0.00149028656065886,246.435,0.82,1.15
2017-10-13,222.13180541992188,54800400,0.001217475079656527,246.435,0.77,1.15
2017-10-16,222.42807006835938,38221700,0.0013337335816339113,246.435,0.76,1.15
2017-10-17,222.5849151611328,31561000,0.0007051497264947137,246.435,0.76,1.15
2017-10-18,222.80267333984375,40888300,0.0009783150783300165,246.435,0.75,1.15
2017-10-19,222.86370849609375,61903800,0.00027394265667934903,246.435,0.75,1.15
2017-10-20,224.01377868652344,89176400,0.005160419335164423,246.435,0.79,1.15
2017-10-23,223.1425018310547,63915300,-0.0038893895749509966,246.435,0.8,1.15
2017-10-24,223.53457641601562,66935900,0.0017570591964493065,246.435,0.82,1.15
2017-10-25,222.42807006835938,103715300,-0.004950045605459086,246.435,0.83,1.15
2017-10-26,222.71554565429688,69798000,0.0012924429270511073,246.435,0.83,1.15
2017-10-27,224.53652954101562,85562500,0.008176276520657888,246.435,0.83,1.15
2017-10-30,223.70013427734375,54285700,-0.0037249852635630187,246.435,0.79,1.15
2017-10-31,224.04864501953125,60304800,0.0015579371166376532,246.435,0.78,1.15
2017-11-01,224.3448486328125,54202700,0.0013220504558526525,247.284,0.76,1.16
2017-11-02,224.43197631835938,56449500,0.00038836499290195725,247.284,0.74,1.16
2017-11-03,225.1812744140625,59589700,0.0033386423271533072,247.284,0.71,1.16
2017-11-06,225.52981567382812,49652600,0.0015478252384553137,247.284,0.71,1.16
2017-11-07,225.3730010986328,57502200,-0.0006953163807933427,247.284,0.69,1.16
2017-11-08,225.75631713867188,50469600,0.0017008072758071258,247.284,0.67,1.16
2017-11-09,224.93734741210938,95085500,-0.0036276713623896173,247.284,0.7,1.16
2017-11-10,224.8676300048828,59984700,-0.00030994144826845815,247.284,0.73,1.16
2017-11-13,225.07676696777344,50228600,0.0009300447684981172,247.284,0.7,1.16
2017-11-14,224.55398559570312,61315200,-0.0023226802975411243,247.284,0.7,1.16
2017-11-15,223.4300537109375,80811500,-0.005005174509746579,247.284,0.65,1.16
2017-11-16,225.3294219970703,67777000,0.008500952555783314,247.284,0.65,1.16
2017-11-17,224.667236328125,75756800,-0.002938744807830407,247.284,0.62,1.16
2017-11-20,225.0505828857422,48075500,0.001706285989370171,247.284,0.6,1.16
2017-11-21,226.52304077148438,69176800,0.006542786367675246,247.284,0.59,1.16
2017-11-22,226.3226776123047,45033400,-0.000884515581714318,247.284,0.58,1.16
2017-11-24,226.84535217285156,27856500,0.00230942195479944,247.284,0.59,1.16
2017-11-27,226.73219299316406,52274900,-0.0004988384315728345,247.284,0.58,1.16
2017-11-28,229.03228759765625,98971700,0.010144543543322726,247.284,0.59,1.16
2017-11-29,228.89292907714844,77512100,-0.0006084667012217215,247.284,0.59,1.16
2017-11-30,230.89686584472656,127894400,0.00875490901207665,247.284,0.64,1.16
2017-12-01,230.41763305664062,164390900,-0.002075527471248617,247.805,0.59,1.3
2017-12-04,230.13882446289062,94040600,-0.0012100141384642216,247.805,0.57,1.3
2017-12-05,229.3111114501953,77994500,-0.0035965813878952035,247.805,0.53,1.3
2017-12-06,229.35470581054688,75898600,0.00019011010882064028,247.805,0.55,1.3
2017-12-07,230.0779266357422,77218600,0.0031532853125442184,247.805,0.57,1.3
2017-12-08,231.3324737548828,76563900,0.005452705252889434,247.805,0.58,1.3
2017-12-11,232.0294952392578,83077500,0.003013072367494596,247.805,0.57,1.3
2017-12-12,232.4390411376953,85195800,0.0017650596447456035,247.805,0.57,1.3
2017-12-13,232.41294860839844,102905400,-0.00011225536454273488,247.805,0.57,1.3
2017-12-14,231.4631805419922,100666700,-0.004086554006965226,247.805,0.53,1.3
2017-12-15,233.3907012939453,144610300,0.008327548024872344,247.805,0.51,1.3
2017-12-18,234.87069702148438,83653600,0.006341279748223849,247.805,0.55,1.3
2017-12-19,233.9686737060547,82382900,-0.0038405102333697316,247.805,0.59,1.3
2017-12-20,233.8460693359375,76751500,-0.0005240204518628389,247.805,0.62,1.3
2017-12-21,234.32769775390625,67032300,0.002059595952741189,247.805,0.59,1.3
2017-12-22,234.26644897460938,78720900,-0.0002613808776510407,247.805,0.57,1.3
2017-12-26,233.9861602783203,45244400,-0.0011964525757567346,247.805,0.55,1.3
2017-12-27,234.10003662109375,57751000,0.00048667982173800084,247.805,0.53,1.3
2017-12-28,234.58164978027344,45116100,0.0020572963854730286,247.805,0.52,1.3
2017-12-29,233.6971435546875,96007400,-0.0037705686971442054,247.805,0.51,1.3
2018-01-02,235.369873046875,86655700,0.007157680520798015,247.805,0.54,1.3
2018-01-03,236.8585662841797,90070400,0.006324909887716279,247.805,0.5,1.3
2018-01-04,237.85687255859375,80636400,0.004214778000540154,247.805,0.5,1.3
2018-01-05,239.4420166015625,83524000,0.006664276822937909,247.805,0.51,1.3
2018-01-08,239.87979125976562,57319200,0.0018283117742512456,247.805,0.53,1.3
2018-01-09,240.42282104492188,57254000,0.002263757952699841,247.805,0.57,1.3
2018-01-10,240.05494689941406,69574300,-0.001530113255925336,247.805,0.57,1.3
2018-01-11,241.8064727783203,62361500,0.007296354028647256,247.805,0.56,1.3
2018-01-12,243.38275146484375,90816100,0.006518761340059465,247.805,0.56,1.3
2018-01-16,242.5508575439453,106555100,-0.0034180479754277737,247.805,0.51,1.3
2018-01-17,244.86273193359375,113258800,0.009531503673325892,247.805,0.52,1.3
2018-01-18,244.45118713378906,100728000,-0.0016807163611827214,247.805,0.57,1.3
2018-01-19,245.56338500976562,140920100,0.004549774901963843,247.805,0.58,1.3
2018-01-22,247.5600128173828,91322400,0.008130804222045596,247.805,0.58,1.3
2018-01-23,248.08547973632812,97084700,0.0021225839866672036,247.805,0.57,1.3
2018-01-24,247.98904418945312,134816100,-0.00038871902933412805,247.805,0.57,1.3
2018-01-25,248.0941925048828,84587300,0.0004240038739347085,247.805,0.55,1.3
2018-01-26,250.96652221679688,107743100,0.011577577382660964,247.805,0.53,1.3
2018-01-29,249.3026885986328,90118300,-0.006629703449955615,247.805,0.59,1.3
2018-01-30,246.74560546875,131796400,-0.01025694164895119,247.805,0.6,1.3
2018-01-31,246.86814880371094,108364800,0.0004966383686069165,247.805,0.58,1.3
2018-02-01,246.58790588378906,90102500,-0.0011351926981261196,249.529,0.62,1.42
2018-02-02,241.21974182128906,173174800,-0.021769778380898774,249.529,0.69,1.42
2018-02-05,231.1312713623047,294681800,-0.041822739643169626,249.529,0.69,1.42
2018-02-06,235.6851348876953,355026800,0.019702498491657172,249.529,0.69,1.42
2018-02-07,234.40650939941406,167376100,-0.005425142696804053,249.529,0.69,1.42
2018-02-08,225.61419677734375,246449500,-0.03750882449722748,249.529,0.72,1.42
2018-02-09,229.00320434570312,283565300,0.015021251396267088,249.529,0.78,1.42
2018-02-12,232.36605834960938,143736000,0.014684746501754997,249.529,0.77,1.42
2018-02-13,232.94407653808594,81223600,0.002487532785906632,249.529,0.73,1.42
2018-02-14,236.08795166015625,120735700,0.013496265579246325,249.529,0.74,1.42
2018-02-15,239.1004180908203,111200300,0.012759932938045226,249.529,0.71,1.42
2018-02-16,239.1704864501953,160420100,0.0002930499241049489,249.529,0.66,1.42
2018-02-20,237.6730194091797,86369700,-0.006261086237023927,249.529,0.63,1.42
2018-02-21,236.49082946777344,98883700,-0.004974018272435821,249.529,0.68,1.42
2018-02-22,236.7972869873047,110511300,0.0012958537133169745,249.529,0.67,1.42
2018-02-23,240.5715789794922,92766400,0.015938915686942945,249.529,0.63,1.42
2018-02-26,243.365234375,86491400,0.011612574549988652,249.529,0.64,1.42
2018-02-27,240.32643127441406,99099200,-0.012486594925483319,249.529,0.63,1.42
2018-02-28,237.89198303222656,121907800,-0.010129756553525993,249.529,0.62,1.42
2018-03-01,234.43280029296875,176855100,-0.014540980722285268,249.577,0.59,1.51
2018-03-02,235.64129638671875,139083200,0.005154978707074154,249.577,0.61,1.51
2018-03-05,238.36480712890625,97307400,0.011557866910211878,249.577,0.64,1.51
2018-03-06,238.9690399169922,79213200,0.002534907712945955,249.577,0.63,1.51
2018-03-07,238.8814697265625,87063500,-0.00036644994037771106,249.577,0.64,1.51
2018-03-08,240.0375213623047,66901200,0.004839436215230419,249.577,0.61,1.51
2018-03-09,244.2146759033203,113625300,0.0174020899620555,249.577,0.63,1.51
2018-03-12,243.9081268310547,71924800,-0.0012552442687226995,249.577,0.6,1.51
2018-03-13,242.3319091796875,91968900,-0.006462341668750371,249.577,0.58,1.51
2018-03-14,241.0883331298828,105895100,-0.005131705741989512,249.577,0.55,1.51
2018-03-15,240.82557678222656,83433000,-0.001089875832003373,249.577,0.53,1.51
2018-03-16,241.0867919921875,100343700,0.0010846655635632363,249.577,0.54,1.51
2018-03-19,237.8247833251953,109208400,-0.013530432920182078,249.577,0.54,1.51
2018-03-20,238.2292938232422,59757300,0.001700876134064444,249.577,0.55,1.51
2018-03-21,237.77206420898438,78709600,-0.001919283757760959,249.577,0.58,1.51
2018-03-22,231.82839965820312,148785900,-0.024997320734689854,249.577,0.54,1.51
2018-03-23,226.8870849609375,183534800,-0.02131453568480335,249.577,0.54,1.51
2018-03-26,233.094482421875,141956100,0.02735897224827144,249.577,0.52,1.51
2018-03-27,229.12916564941406,129941400,-0.017011628637713327,249.577,0.52,1.51
2018-03-28,228.45208740234375,146452300,-0.002955006819630679,249.577,0.49,1.51
2018-03-29,231.37120056152344,111601600,0.012777791581473297,249.577,0.47,1.51
2018-04-02,226.37709045410156,186286300,-0.021584838974347154,249.577,0.48,1.51
2018-04-03,229.278564453125,119956900,0.01281699483460641,249.577,0.51,1.51
2018-04-04,231.7317352294922,123715300,0.010699520830560472,249.577,0.51,1.51
2018-04-05,233.56057739257812,82652600,0.007892066061969238,249.577,0.53,1.51
2018-04-06,228.3554229736328,179521200,-0.02228610015035315,249.577,0.5,1.51
2018-04-09,229.48080444335938,105442900,0.004928201200881999,249.577,0.49,1.51
2018-04-10,233.12966918945312,103529000,0.015900522725395883,249.577,0.48,1.51
2018-04-11,231.9075164794922,91140200,-0.0052423731145423424,249.577,0.47,1.51
2018-04-12,233.81544494628906,68890500,0.008227109219056228,249.577,0.49,1.51
2018-04-13,233.12966918945312,85079200,-0.0029329788585756855,249.577,0.45,1.51
2018-04-16,235.04632568359375,63405300,0.008221418152414728,249.577,0.44,1.51
2018-04-17,237.56103515625,64682000,0.010698782315965216,249.577,0.41,1.51
2018-04-18,237.73687744140625,57303900,0.0007401983454087269,249.577,0.45,1.51
2018-04-19,236.4180145263672,77655900,-0.005547573978564202,249.577,0.48,1.51
2018-04-20,234.41334533691406,99953100,-0.008479341954838793,249.577,0.5,1.51
2018-04-23,234.37815856933594,65558000,-0.0001501056500325948,249.577,0.49,1.51
2018-04-24,231.22177124023438,112885500,-0.01346707111434109,249.577,0.52,1.51
2018-04-25,231.79319763183594,103840900,0.0024713347213651815,249.577,0.54,1.51
2018-04-26,234.14955139160156,67731900,0.01016575889128668,249.577,0.51,1.51
2018-04-27,234.369384765625,57053600,0.0009388588306786794,249.577,0.47,1.51
2018-04-30,232.56692504882812,82182300,-0.007690679047518856,249.577,0.46,1.51
2018-05-01,232.98020935058594,74203400,0.0017770553644764764,250.792,0.47,1.7
2018-05-02,231.41517639160156,86368900,-0.006717450221831234,250.792,0.48,1.7
2018-05-03,230.9052276611328,136311500,-0.002203609713158139,250.792,0.45,1.7
2018-05-04,233.8945770263672,91222100,0.012946217786032221,250.792,0.44,1.7
2018-05-07,234.68589782714844,55304900,0.003383237058514732,250.792,0.46,1.7
2018-05-08,234.68589782714844,67499200,0.0,250.792,0.46,1.7
2018-05-09,236.95431518554688,59666100,0.009665759124858786,250.792,0.46,1.7
2018-05-10,239.17007446289062,72063900,0.009350997788787785,250.792,0.43,1.7
2018-05-11,239.89976501464844,59871500,0.0030509274765937455,250.792,0.43,1.7
2018-05-14,240.0140838623047,54790600,0.00047652755161831095,250.792,0.45,1.7
2018-05-15,238.36114501953125,87036100,-0.006886841039385527,250.792,0.5,1.7
2018-05-16,239.36346435546875,53942600,0.004205044978515149,250.792,0.51,1.7
2018-05-17,239.16127014160156,56536400,-0.00084471627452265,250.792,0.54,1.7
2018-05-18,238.56332397460938,64368000,-0.002500179760034582,250.792,0.51,1.7
2018-05-21,240.35691833496094,58025900,0.007518315600525627,250.792,0.48,1.7
2018-05-22,239.6887664794922,52966400,-0.002779832010234129,250.792,0.47,1.7
2018-05-23,240.34817504882812,64694200,0.002751103353825224,250.792,0.48,1.7
2018-05-24,239.85574340820312,76043800,-0.0020488262102467125,250.792,0.48,1.7
2018-05-25,239.28431701660156,56374800,-0.002382375270576942,250.792,0.45,1.7
2018-05-29,236.5322265625,115908600,-0.011501340699694218,250.792,0.45,1.7
2018-05-30,239.6887664794922,69678400,0.013345073366390237,250.792,0.42,1.7
2018-05-31,238.22044372558594,93519900,-0.0061259556527104575,250.792,0.43,1.7
2018-06-01,240.55926513671875,71258400,0.009817887056859709,251.018,0.42,1.82
2018-06-04,241.70223999023438,45385200,0.004751323350052683,251.018,0.42,1.82
2018-06-05,241.87811279296875,51135000,0.0007276424196211995,251.018,0.43,1.82
2018-06-06,243.90032958984375,62732200,0.008360478645729641,251.018,0.45,1.82
2018-06-07,243.87403869628906,72969400,-0.00010779359584667247,251.018,0.43,1.82
2018-06-08,244.59495544433594,72139700,0.0029561028795881406,251.018,0.43,1.82
2018-06-11,244.92018127441406,58892500,0.0013296506033304567,251.018,0.44,1.82
2018-06-12,245.2366943359375,72329000,0.0012923110699840645,251.018,0.42,1.82
2018-06-13,244.45423889160156,79070600,-0.0031906132418506594,251.018,0.39,1.82
2018-06-14,245.0697021484375,77097600,0.002517703352687084,251.018,0.35,1.82
2018-06-15,244.7570343017578,120041600,-0.001275832320105863,251.018,0.38,1.82
2018-06-18,244.25363159179688,52917600,-0.002056744605510752,251.018,0.36,1.82
2018-06-19,243.31747436523438,97531500,-0.00383272592698658,251.018,0.35,1.82
2018-06-20,243.73263549804688,53785500,0.0017062528447475689,251.018,0.37,1.82
2018-06-21,242.20460510253906,71061400,-0.006269289266024658,251.018,0.34,1.82
2018-06-22,242.64620971679688,54898500,0.0018232709244767609,251.018,0.34,1.82
2018-06-25,239.3430938720703,137854200,-0.013612888693302794,251.018,0.33,1.82
2018-06-26,239.87301635742188,68547400,0.0022140705076487688,251.018,0.35,1.82
2018-06-27,237.88589477539062,105110700,-0.008284056340336132,251.018,0.31,1.82
2018-06-28,239.2460174560547,76650500,0.005717542361846517,251.018,0.32,1.82
2018-06-29,239.59042358398438,97592500,0.001439548008329794,251.018,0.33,1.82
2018-07-02,240.10267639160156,63554800,0.0021380354020603676,251.018,0.3,1.82
2018-07-03,239.25477600097656,42187100,-0.0035314074935262063,251.018,0.3,1.82
2018-07-05,241.20668029785156,56925900,0.008158266804534131,251.018,0.29,1.82
2018-07-06,243.2468719482422,66493700,0.008458271752139312,251.018,0.29,1.82
2018-07-09,245.4370574951172,50550400,0.009003961815965411,251.018,0.29,1.82
2018-07-10,246.32029724121094,51966800,0.0035986405439665248,251.018,0.28,1.82
2018-07-11,244.51856994628906,77054700,-0.007314570967562273,251.018,0.27,1.82
2018-07-12,246.73538208007812,60124700,0.009066027722458792,251.018,0.25,1.82
2018-07-13,246.92971801757812,48216000,0.0007876289807391412,251.018,0.24,1.82
2018-07-16,246.70892333984375,48201000,-0.0008941600043403941,251.018,0.26,1.82
2018-07-17,247.70692443847656,52315500,0.0040452574034302025,251.018,0.24,1.82
2018-07-18,248.2279510498047,44593500,0.002103399460912314,251.018,0.28,1.82
2018-07-19,247.29188537597656,61412100,-0.0037709922265777296,251.018,0.24,1.82
2018-07-20,247.0091552734375,82337700,-0.0011433052164618873,251.018,0.29,1.82
2018-07-23,247.46844482421875,47047600,0.0018594029450966776,251.018,0.32,1.82
2018-07-24,248.71371459960938,68026900,0.005032034594451673,251.018,0.32,1.82
2018-07-25,250.83335876464844,78882900,0.008522425747415463,251.018,0.28,1.82
2018-07-26,250.24159240722656,57919500,-0.0023592011857446193,251.018,0.29,1.82
2018-07-27,248.54595947265625,76768700,-0.0067759836334918555,251.018,0.29,1.82
2018-07-30,247.24766540527344,63742500,-0.005223557325725325,251.018,0.32,1.82
2018-07-31,248.46636962890625,68570500,0.004929082835363419,251.018,0.29,1.82
2018-08-01,248.05128479003906,53853300,-0.0016705876110603146,251.663,0.33,1.91
2018-08-02,249.40264892578125,63426400,0.005447922339471223,251.663,0.32,1.91
2018-08-03,250.47125244140625,53935400,0.004284651827988428,251.663,0.32,1.91
2018-08-06,251.38975524902344,39400900,0.003667098713582062,251.663,0.3,1.91
2018-08-07,252.21998596191406,43196600,0.0033025638298911364,251.663,0.3,1.91
2018-08-08,252.11395263671875,42114600,-0.00042040017087041637,251.663,0.28,1.91
2018-08-09,251.76963806152344,35717000,-0.0013657101147886985,251.663,0.29,1.91
2018-08-10,250.0826416015625,77076000,-0.006700555606902414,251.663,0.26,1.91
2018-08-13,249.14649963378906,65732900,-0.0037433304517988653,251.663,0.27,1.91
2018-08-14,250.73619079589844,43842000,0.006380547848137574,251.663,0.26,1.91
2018-08-15,248.86387634277344,102925400,-0.007467268475212174,251.663,0.25,1.91
2018-08-16,250.8774871826172,69967900,0.008091213837199573,251.663,0.24,1.91
2018-08-17,251.76068115234375,65618500,0.003520419387346818,251.663,0.26,1.91
2018-08-20,252.29954528808594,39807500,0.0021403824190326937,251.663,0.22,1.91
2018-08-21,252.89108276367188,67272000,0.002344583994039695,251.663,0.24,1.91
2018-08-22,252.74099731445312,44993300,-0.0005934786137121728,251.663,0.22,1.91
2018-08-23,252.4053192138672,49204900,-0.00132815057372071,251.663,0.21,1.91
2018-08-24,253.92454528808594,57487400,0.006018993890265278,251.663,0.19,1.91
2018-08-27,255.9293212890625,57072400,0.00789516428473691,251.663,0.18,1.91
2018-08-28,256.0530090332031,46943500,0.0004832886811001469,251.663,0.21,1.91
2018-08-29,257.4306945800781,61485500,0.005380470052184894,251.663,0.22,1.91
2018-08-30,256.3885192871094,61229500,-0.00404837229946009,251.663,0.22,1.91
2018-08-31,256.39739990234375,66140800,3.463733578668027e-05,251.663,0.24,1.91
2018-09-04,255.95578002929688,57594400,-0.001722403866868727,251.663,0.24,1.91
2018-09-05,255.26690673828125,72452400,-0.002691376185905092,251.663,0.24,1.91
2018-09-06,254.49851989746094,65909900,-0.0030101310453380936,251.663,0.24,1.91
2018-09-07,254.00405883789062,73524800,-0.0019428838319748287,251.663,0.23,1.91
2018-09-10,254.4456329345703,50210900,0.0017384529156736495,251.663,0.21,1.91
2018-09-11,255.28469848632812,50530500,0.003297622136724021,251.663,0.22,1.91
2018-09-12,255.34637451171875,59810800,0.00024159703169179814,251.663,0.23,1.91
2018-09-13,256.856689453125,51034200,0.005914769474578696,251.663,0.21,1.91
2018-09-14,256.9009094238281,55079900,0.00017215814311577482,251.663,0.21,1.91
2018-09-17,255.54075622558594,68244000,-0.005294466264415765,251.663,0.21,1.91
2018-09-18,256.92730712890625,61930400,0.005425948188461538,251.663,0.24,1.91
2018-09-19,257.2010498046875,49080600,0.0010654479620724189,251.663,0.27,1.91
2018-09-20,259.2854309082031,100360600,0.008104092518667727,251.663,0.26,1.91
2018-09-21,259.0485534667969,105479700,-0.00091357790746871,251.663,0.26,1.91
2018-09-24,258.18804931640625,53409600,-0.003321787127836373,251.663,0.25,1.91
2018-09-25,257.94842529296875,44370000,-0.0009280988181751271,251.663,0.27,1.91
2018-09-26,257.176513671875,79739700,-0.002992503715488981,251.663,0.23,1.91
2018-09-27,257.8951721191406,59249500,0.002794417098998858,251.663,0.23,1.91
2018-09-28,257.9218444824219,70091400,0.00010342327489909486,251.663,0.24,1.91
2018-10-01,258.8179626464844,62078900,0.003474378705148995,252.772,0.27,2.19
2018-10-02,258.6670227050781,47258200,-0.0005831895895588302,252.772,0.23,2.19
2018-10-03,258.8089904785156,64694600,0.000548843729489823,252.772,0.3,2.19
2018-10-04,256.7862243652344,111545900,-0.007815671741315255,252.772,0.32,2.19
2018-10-05,255.34902954101562,105951700,-0.005596853288261205,252.772,0.35,2.19
2018-10-08,255.34902954101562,87742200,0.0,252.772,0.35,2.19
2018-10-09,254.9763641357422,74339000,-0.0014594353694756812,252.772,0.33,2.19
2018-10-10,246.90298461914062,214731000,-0.0316632466854988,252.772,0.34,2.19
2018-10-11,241.464599609375,274840500,-0.0220264044930627,252.772,0.29,2.19
2018-10-12,244.81822204589844,183186500,0.013888671225300575,252.772,0.3,2.19
2018-10-15,243.4430389404297,102263700,-0.005617159923704262,252.772,0.31,2.19
2018-10-16,248.76611328125,118255800,0.021865789894788712,252.772,0.29,2.19
2018-10-17,248.81044006347656,110626000,0.00017818657710999553,252.772,0.3,2.19
2018-10-18,245.21725463867188,134557500,-0.01444145761684279,252.772,0.3,2.19
2018-10-19,245.0843048095703,139901600,-0.0005421715910548519,252.772,0.28,2.19
2018-10-22,243.98419189453125,82415800,-0.004488712224529623,252.772,0.28,2.19
2018-10-23,242.7420654296875,146352700,-0.005091012065981282,252.772,0.28,2.19
2018-10-24,235.38739013671875,177806700,-0.03029831389112536,252.772,0.26,2.19
2018-10-25,239.6103515625,138061500,0.01794047431057555,252.772,0.28,2.19
2018-10-26,235.39627075195312,201574600,-0.01758722351963027,252.772,0.27,2.19
2018-10-29,234.0920867919922,160749100,-0.0055403764715338255,252.772,0.27,2.19
2018-10-30,237.5609588623047,157116000,0.014818408079700918,252.772,0.28,2.19
2018-10-31,240.09840393066406,128296300,0.010681237693732859,252.772,0.28,2.19
2018-11-01,242.65342712402344,99495000,0.010641566755675846,252.594,0.3,2.2
2018-11-02,241.2162322998047,122634100,-0.005922829284764952,252.594,0.31,2.2
2018-11-05,242.54698181152344,65622500,0.005516832341800226,252.594,0.29,2.2
2018-11-06,244.0818328857422,60085900,0.006328056786175207,252.594,0.29,2.2
2018-11-07,249.30726623535156,102752100,0.021408530441737073,252.594,0.26,2.2
2018-11-08,248.85484313964844,65584900,-0.0018147208564551764,252.594,0.26,2.2
2018-11-09,246.42401123046875,98812600,-0.009768071533233447,252.594,0.25,2.2
2018-11-12,241.81951904296875,99673600,-0.01868524160656415,252.594,0.25,2.2
2018-11-13,241.36695861816406,98176600,-0.0018714801294608119,252.594,0.25,2.2
2018-11-14,239.7168426513672,125335900,-0.00683654455540994,252.594,0.26,2.2
2018-11-15,242.2187042236328,135101400,0.010436736712339467,252.594,0.25,2.2
2018-11-16,242.84860229492188,126668000,0.002600534394352483,252.594,0.27,2.2
2018-11-19,238.74098205566406,103061700,-0.016914325223372773,252.594,0.27,2.2
2018-11-20,234.3227996826172,136021300,-0.01850617491393558,252.594,0.27,2.2
2018-11-21,235.12118530273438,75563700,0.0034072041696264765,252.594,0.25,2.2
2018-11-23,233.55093383789062,42807900,-0.006678477155607876,252.594,0.24,2.2
2018-11-26,237.32147216796875,79981400,0.01614439415042246,252.594,0.23,2.2
2018-11-27,238.119873046875,75502400,0.0033642167799345923,252.594,0.23,2.2
2018-11-28,243.60275268554688,127629600,0.023025712085746664,252.594,0.25,2.2
2018-11-29,243.07044982910156,82346400,-0.002185126607056165,252.594,0.22,2.2
2018-11-30,244.5519561767578,98204200,0.006094966906499133,252.594,0.21,2.2
2018-12-03,247.7901611328125,103176300,0.013241378260389736,252.594,0.15,2.2
2018-12-04,239.76119995117188,177986000,-0.03240225981909428,252.594,0.11,2.2
2018-12-06,239.39747619628906,204185400,-0.00151702508561391,252.594,0.12,2.2
2018-12-07,233.8347930908203,161018900,-0.02323618107363734,252.594,0.13,2.2
2018-12-10,234.27845764160156,151445900,0.0018973419007364267,252.594,0.13,2.2
2018-12-11,234.33160400390625,121504400,0.0002268512557224156,252.594,0.11,2.2
2018-12-12,235.5115966796875,97976700,0.0050355677835141055,252.594,0.14,2.2
2018-12-13,235.4317626953125,96662700,-0.0003389811181296887,252.594,0.16,2.2
2018-12-14,231.0845947265625,116961100,-0.018464662197581028,252.594,0.16,2.2
2018-12-17,226.5510711669922,165492300,-0.01961845862089917,252.594,0.16,2.2
2018-12-18,226.30264282226562,134515100,-0.001096566630415241,252.594,0.17,2.2
2018-12-19,222.9136199951172,214992800,-0.014975621958644658,252.594,0.14,2.2
2018-12-20,219.28501892089844,252053400,-0.01627805907193214,252.594,0.12,2.2
2018-12-21,214.79193115234375,255345600,-0.020489716035619665,252.594,0.16,2.2
2018-12-24,209.11654663085938,147311600,-0.026422708204336787,252.594,0.19,2.2
2018-12-26,219.68212890625,218485400,0.05052485059463696,252.594,0.2,2.2
2018-12-27,221.36868286132812,186267300,0.007677246954384209,252.594,0.21,2.2
2018-12-28,221.08316040039062,153100200,-0.0012898051216954087,252.594,0.2,2.2
2018-12-31,223.01953125,144299400,0.008758563275929943,252.594,0.21,2.2
2019-01-02,223.25161743164062,126925200,0.0010406540644212203,252.594,0.16,2.2
2019-01-03,217.9241485595703,144140700,-0.023863069541709248,252.594,0.17,2.2
2019-01-04,225.22372436523438,142628800,0.0334959473464167,252.594,0.17,2.2
2019-01-07,226.99954223632812,103139100,0.007884683889757493,252.594,0.17,2.2
2019-01-08,229.1322479248047,102512600,0.00939519819055934,252.594,0.15,2.2
2019-01-09,230.2030792236328,95006600,0.004673420299963871,252.594,0.18,2.2
2019-01-10,231.01512145996094,96823900,0.0035275037982409607,252.594,0.18,2.2
2019-01-11,231.1044158935547,73858100,0.0003865306869499374,252.594,0.16,2.2
2019-01-14,229.69444274902344,70908200,-0.00610102208164065,252.594,0.18,2.2
2019-01-15,232.326904296875,85208300,0.011460710656931106,252.594,0.19,2.2
2019-01-16,232.88914489746094,77636700,0.0024200408570309584,252.594,0.18,2.2
2019-01-17,234.65597534179688,96118400,0.007586572766686395,252.594,0.19,2.2
2019-01-18,237.7792510986328,127900300,0.013310020136016565,252.594,0.17,2.2
2019-01-22,234.56671142578125,115531200,-0.013510597152646353,252.594,0.16,2.2
2019-01-23,235.05755615234375,86030300,0.0020925591853122594,252.594,0.18,2.2
2019-01-24,235.18246459960938,59204100,0.0005313951583187926,252.594,0.16,2.2
2019-01-25,237.1724090576172,96883400,0.008461279038790792,252.594,0.16,2.2
2019-01-28,235.36988830566406,85613700,-0.007600044031745856,252.594,0.15,2.2
2019-01-29,235.05755615234375,66136300,-0.0013269843290858452,252.594,0.16,2.2
2019-01-30,238.77867126464844,92473700,0.01583065515193649,252.594,0.18,2.2
2019-01-31,240.8757781982422,104012100,0.008782639263744896,252.594,0.18,2.2
2019-02-01,240.99183654785156,85782500,0.0004818182653212322,253.319,0.18,2.4
2019-02-04,242.68727111816406,60744800,0.007035236523357691,253.319,0.2,2.4
2019-02-05,243.70455932617188,79552800,0.004191765819940851,253.319,0.18,2.4
2019-02-06,243.38336181640625,58347800,-0.0013179790753760079,253.319,0.18,2.4
2019-02-07,241.06321716308594,95482000,-0.009532881113995306,253.319,0.17,2.4
2019-02-08,241.35763549804688,75788900,0.0012213324721446206,253.319,0.18,2.4
2019-02-11,241.49156188964844,68021400,0.0005548877346481795,253.319,0.17,2.4
2019-02-12,244.59701538085938,72270200,0.012859469982764882,253.319,0.18,2.4
2019-02-13,245.39108276367188,65277200,0.003246431202670541,253.319,0.18,2.4
2019-02-14,244.84683227539062,83234400,-0.0022178902434095704,253.319,0.16,2.4
2019-02-15,247.5149383544922,97088700,0.010897041445488753,253.319,0.14,2.4
2019-02-19,247.94329833984375,59120800,0.0017306429591659178,253.319,0.15,2.4
2019-02-20,248.44305419921875,76610800,0.002015605433666634,253.319,0.15,2.4
2019-02-21,247.5595245361328,64214700,-0.0035562663079220513,253.319,0.16,2.4
2019-02-22,249.09446716308594,78114600,0.006200297200559035,253.319,0.17,2.4
2019-02-25,249.43360900878906,69030700,0.0013614989106967013,253.319,0.16,2.4
2019-02-26,249.2551727294922,56844100,-0.000715365824220493,253.319,0.16,2.4
2019-02-27,249.14796447753906,56921600,-0.00043011445170482165,253.319,0.19,2.4
2019-02-28,248.68394470214844,69268300,-0.001862426515760074,253.319,0.21,2.4
2019-03-01,250.23670959472656,78880500,0.006243928993638459,254.277,0.21,2.41
2019-03-04,249.3265838623047,106494600,-0.0036370592224292952,254.277,0.17,2.41
2019-03-05,248.9873046875,59114600,-0.0013607821899651595,254.277,0.17,2.41
2019-03-06,247.479248046875,75039800,-0.006056761177111958,254.277,0.17,2.41
2019-03-07,245.4089813232422,94885100,-0.008365415443805979,254.277,0.17,2.41
2019-03-08,244.91818237304688,85795800,-0.001999922527484266,254.277,0.17,2.41
2019-03-11,248.46974182128906,65098900,0.014501003616108177,254.277,0.17,2.41
2019-03-12,249.40675354003906,79667500,0.0037711300856260177,254.277,0.16,2.41
2019-03-13,251.0576171875,80639200,0.006619161766988402,254.277,0.16,2.41
2019-03-14,250.8970184326172,67518400,-0.0006396888359012642,254.277,0.17,2.41
2019-03-15,252.1365966796875,81309000,0.004940585802151398,254.277,0.16,2.41
2019-03-18,253.05076599121094,62199800,0.0036256906913232356,254.277,0.15,2.41
2019-03-19,253.1135711669922,90268100,0.0002481920002701532,254.277,0.15,2.41
2019-03-20,252.35179138183594,84609200,-0.0030096362737249693,254.277,0.14,2.41
2019-03-21,255.20188903808594,79550400,0.011294144735978895,254.277,0.13,2.41
2019-03-22,250.2902374267578,122659300,-0.019246141279914752,254.277,0.13,2.41
2019-03-25,250.10203552246094,85575200,-0.0007519346588655829,254.277,0.17,2.41
2019-03-26,251.96632385253906,68125900,0.007454110983877715,254.277,0.17,2.41
2019-03-27,250.64874267578125,72224700,-0.005229195539356746,254.277,0.17,2.41
2019-03-28,251.59881591796875,56238500,0.003790456844287693,254.277,0.16,2.41
2019-03-29,253.18527221679688,82186800,0.006305499861117614,254.277,0.14,2.41
2019-04-01,256.18780517578125,77617900,0.011859034819424075,255.233,0.16,2.42
2019-04-02,256.3133544921875,40070400,0.0004900674968510987,255.233,0.18,2.42
2019-04-03,256.7166442871094,68243200,0.0015734248249408278,255.233,0.19,2.42
2019-04-04,257.3979187011719,48997500,0.002653799156476122,255.233,0.18,2.42
2019-04-05,258.6437072753906,58621700,0.004839932585721796,255.233,0.15,2.42
2019-04-08,258.84088134765625,53566300,0.0007623385635115998,255.233,0.16,2.42
2019-04-09,257.5142822265625,66142300,-0.005125153005919314,255.233,0.16,2.42
2019-04-10,258.3926696777344,52601500,0.003411024210296265,255.233,0.17,2.42
2019-04-11,258.321044921875,55093100,-0.0002771934511481833,255.233,0.16,2.42
2019-04-12,260.06878662109375,69727800,0.0067657735735286995,255.233,0.16,2.42
2019-04-15,259.8984680175781,49596700,-0.0006548982895197009,255.233,0.15,2.42
2019-04-16,260.06878662109375,52153200,0.0006553274623539718,255.233,0.19,2.42
2019-04-17,259.4324035644531,58268300,-0.0024469797583506203,255.233,0.19,2.42
2019-04-18,259.94329833984375,68708500,0.0019692789658163345,255.233,0.19,2.42
2019-04-22,260.1674499511719,40160100,0.0008623096373696626,255.233,0.21,2.42
2019-04-23,262.50677490234375,52246600,0.008991612715621766,255.233,0.21,2.42
2019-04-24,261.9241638183594,50392900,-0.0022194135149506966,255.233,0.21,2.42
2019-04-25,261.7627258300781,57770900,-0.000616353932099245,255.233,0.21,2.42
2019-04-26,262.98175048828125,50916400,0.00465698335902287,255.233,0.23,2.42
2019-04-29,263.39398193359375,57197700,0.0015675287146241779,255.233,0.24,2.42
2019-04-30,263.52850341796875,81111700,0.0005107234546037898,255.233,0.24,2.42
2019-05-01,261.5476989746094,71671900,-0.007516471340550668,255.296,0.21,2.39
2019-05-02,260.9830322265625,65030200,-0.002158943665957036,255.296,0.2,2.39
2019-05-03,263.5373840332031,56543700,0.009787424817806478,255.296,0.21,2.39
2019-05-06,262.4529113769531,107198100,-0.004115061930315633,255.296,0.2,2.39
2019-05-07,258.0700988769531,144729900,-0.01669942420149073,255.296,0.17,2.39
2019-05-08,257.7115783691406,91568300,-0.0013892369142054495,255.296,0.19,2.39
2019-05-09,256.9317626953125,103471100,-0.003025924092207921,255.296,0.19,2.39
2019-05-10,258.2224426269531,112429300,0.005023434697605689,255.296,0.21,2.39
2019-05-13,251.7332000732422,127290500,-0.025130435943887974,255.296,0.22,2.39
2019-05-14,254.0098419189453,77003200,0.009043868051733961,255.296,0.22,2.39
2019-05-15,255.49769592285156,73956400,0.0058574659653582994,255.296,0.21,2.39
2019-05-16,257.86395263671875,76749600,0.009261362241723248,255.296,0.2,2.39
2019-05-17,256.19677734375,100353000,-0.006465329007492082,255.296,0.19,2.39
2019-05-20,254.50277709960938,62877600,-0.006612105982378158,255.296,0.2,2.39
2019-05-21,256.7973327636719,46847100,0.009015837430977891,255.296,0.17,2.39
2019-05-22,256.008544921875,49482500,-0.0030716356486567564,255.296,0.16,2.39
2019-05-23,252.88050842285156,98733800,-0.012218484738382496,255.296,0.19,2.39
2019-05-24,253.45408630371094,55268100,0.002268177505797553,255.296,0.16,2.39
2019-05-28,251.09695434570312,70029400,-0.009300035333355328,255.296,0.14,2.39
2019-05-29,249.411865234375,104972900,-0.006710910196896069,255.296,0.16,2.39
2019-05-30,250.09303283691406,62523800,0.002731095418812446,255.296,0.16,2.39
2019-05-31,246.72296142578125,86862800,-0.013475271073746575,255.296,0.19,2.39
2019-06-03,246.09555053710938,96428000,-0.002542977293423121,255.296,0.25,2.39
2019-06-04,251.43756103515625,77231900,0.021707058442900884,255.296,0.24,2.39
2019-06-05,253.61553955078125,71169700,0.008662104844870289,255.296,0.29,2.39
2019-06-06,255.26463317871094,69430400,0.006502336689820476,255.296,0.24,2.39
2019-06-07,257.8191223144531,74272200,0.010007219190265815,255.296,0.24,2.39
2019-06-10,259.002197265625,60799100,0.004588778910390223,255.296,0.25,2.39
2019-06-11,258.9394836425781,58641300,-0.00024213548652851635,255.296,0.22,2.39
2019-06-12,258.48236083984375,47096300,-0.0017653653908005218,255.296,0.25,2.39
2019-06-13,259.5489196777344,48945200,0.004126234511419691,255.296,0.27,2.39
2019-06-14,259.26220703125,52324700,-0.0011046574450795932,255.296,0.25,2.39
2019-06-17,259.3606872558594,39205700,0.0003798479760588336,255.296,0.23,2.39
2019-06-18,262.0765380859375,85434800,0.010471328013558656,255.296,0.2,2.39
2019-06-19,262.6680908203125,78674400,0.002257175475131712,255.296,0.29,2.39
2019-06-20,265.1777038574219,116570000,0.009554312551904864,255.296,0.29,2.39
2019-06-21,264.7921142578125,83309500,-0.0014540800150253386,255.296,0.3,2.39
2019-06-24,264.468017578125,47582700,-0.001223966508957064,255.296,0.3,2.39
2019-06-25,261.8740234375,82028700,-0.00980834720349022,255.296,0.29,2.39
2019-06-26,261.6129150390625,51584900,-0.0009970763614124412,255.296,0.28,2.39
2019-06-27,262.5406188964844,40355200,0.003546093499563474,255.296,0.27,2.39
2019-06-28,263.8915710449219,59350900,0.0051456881381473085,255.296,0.25,2.39
2019-07-01,266.287353515625,78705600,0.009078662350664013,255.802,0.25,2.4
2019-07-02,266.9808044433594,61504500,0.002604145178429107,255.802,0.21,2.4
2019-07-03,269.115234375,40898900,0.00799469436048339,255.802,0.19,2.4
2019-07-05,268.80914306640625,51677300,-0.001137398666056999,255.802,0.17,2.4
2019-07-08,267.3320007324219,45841800,-0.0054951342693706495,255.802,0.17,2.4
2019-07-09,267.6653137207031,41101300,0.0012468129044336251,255.802,0.15,2.4
2019-07-10,268.9442138671875,58448500,0.0047779823567981605,255.802,0.25,2.4
2019-07-11,269.57476806640625,50826100,0.0023445538766271312,255.802,0.28,2.4
2019-07-12,270.7816162109375,40326000,0.004476858695595665,255.802,0.28,2.4
2019-07-15,270.87152099609375,33900000,0.0003320195307727758,255.802,0.26,2.4
2019-07-16,269.99798583984375,36650100,-0.0032249058632582983,255.802,0.26,2.4
2019-07-17,268.1606750488281,36036300,-0.0068049055451304685,255.802,0.23,2.4
2019-07-18,269.142333984375,51392600,0.0036607117556224367,255.802,0.27,2.4
2019-07-19,267.647216796875,58678600,-0.00555511712099066,255.802,0.25,2.4
2019-07-22,268.30474853515625,43638100,0.002456710539158191,255.802,0.25,2.4
2019-07-23,270.22308349609375,44564500,0.00714983604058772,255.802,0.25,2.4
2019-07-24,271.4930419921875,47213200,0.004699666955403137,255.802,0.22,2.4
2019-07-25,270.1960144042969,55394100,-0.004777387952093259,255.802,0.22,2.4
2019-07-26,272.0065002441406,45084100,0.006700638585788621,255.802,0.22,2.4
2019-07-29,271.5110778808594,38126500,-0.0018213622205226487,255.802,0.21,2.4
2019-07-30,270.84454345703125,45849000,-0.0024549069195644035,255.802,0.21,2.4
2019-07-31,267.8815002441406,104245200,-0.010940014426987,255.802,0.13,2.4
2019-08-01,265.5487365722656,142646600,-0.008708192502091316,256.036,0.17,2.13
2019-08-02,263.5493469238281,116749700,-0.007529275696227633,256.036,0.14,2.13
2019-08-05,255.62356567382812,178745400,-0.030073234263375825,256.036,0.16,2.13
2019-08-06,259.2080993652344,120711700,0.01402270436983133,256.036,0.13,2.13
2019-08-07,259.36126708984375,140572300,0.0005909063990843233,256.036,0.12,2.13
2019-08-08,264.4499206542969,87713900,0.0196199441094278,256.036,0.1,2.13
2019-08-09,262.6485900878906,93730000,-0.006811613185397913,256.036,0.11,2.13
2019-08-12,259.45135498046875,65527600,-0.012173052618907887,256.036,0.07,2.13
2019-08-13,263.48626708984375,94299800,0.015551709528280444,256.036,0.02,2.13
2019-08-14,255.69564819335938,135622100,-0.029567457091902005,256.036,0.01,2.13
2019-08-15,256.37109375,99556600,0.002641599735517808,256.036,0.04,2.13
2019-08-16,260.1538391113281,83018300,0.014754960498849723,256.036,0.07,2.13
2019-08-19,263.2881164550781,53571800,0.012047784320448729,256.036,0.07,2.13
2019-08-20,261.2706298828125,51596400,-0.007662657165956266,256.036,0.05,2.13
2019-08-21,263.3962097167969,49524700,0.008135548319907926,256.036,0.03,2.13
2019-08-22,263.31512451171875,51666400,-0.0003078449958155982,256.036,0.01,2.13
2019-08-23,256.55120849609375,149161500,-0.025687533248110017,256.036,0.01,2.13
2019-08-26,259.38824462890625,72423800,0.011058361991133303,256.036,0.0,2.13
2019-08-27,258.37060546875,66668900,-0.003923227753100944,256.036,-0.04,2.13
2019-08-28,260.1898498535156,59696700,0.00704122042623645,256.036,-0.03,2.13
2019-08-29,263.5132751464844,57899400,0.012773078176722796,256.036,-0.03,2.13
2019-08-30,263.3962097167969,62901200,-0.0004442486991307337,256.036,0.0,2.13
2019-09-03,261.85614013671875,69101400,-0.005846969406788416,256.036,0.0,2.13
2019-09-04,264.8282470703125,46887300,0.011350151774336847,256.036,0.04,2.13
2019-09-05,268.2326965332031,83258100,0.012855310944178688,256.036,0.02,2.13
2019-09-06,268.4398193359375,49584300,0.0007721758212602126,256.036,0.02,2.13
2019-09-09,268.574951171875,51260300,0.0005033971348653576,256.036,0.05,2.13
2019-09-10,268.5118408203125,57947100,-0.00023498226951967904,256.036,0.05,2.13
2019-09-11,270.4212951660156,68821100,0.007111248203690579,256.036,0.07,2.13
2019-09-12,271.35791015625,72908700,0.0034635400649913883,256.036,0.07,2.13
2019-09-13,271.1778869628906,62104800,-0.0006634160517219323,256.036,0.11,2.13
2019-09-16,270.3402099609375,58191200,-0.0030890313783872303,256.036,0.1,2.13
2019-09-17,271.024658203125,41475500,0.0025318033239909443,256.036,0.09,2.13
2019-09-18,271.1868591308594,73375800,0.0005984729537518163,256.036,0.03,2.13
2019-09-19,271.1688537597656,76560500,-6.639470345815024e-05,256.036,0.05,2.13
2019-09-20,269.8876037597656,89565000,-0.0047249157941091635,256.036,0.05,2.13
2019-09-23,269.82421875,43476800,-0.0002348570622829893,256.036,0.04,2.13
2019-09-24,267.70703125,94869400,-0.007846543612015977,256.036,0.04,2.13
2019-09-25,269.29034423828125,71854000,0.005914349656369833,256.036,0.05,2.13
2019-09-26,268.7294006347656,56179700,-0.002083043880025892,256.036,0.04,2.13
2019-09-27,267.28173828125,84746600,-0.005387063529692315,256.036,0.06,2.13
2019-09-30,268.521240234375,51662400,0.004637435992056904,256.036,0.05,2.13
2019-10-01,265.32733154296875,88242400,-0.011894435943385684,257.155,0.09,1.83
2019-10-02,260.6404113769531,122539500,-0.017664671554036948,257.155,0.12,1.83
2019-10-03,262.7757568359375,85278800,0.0081926875717524,257.155,0.15,1.83
2019-10-04,266.3316650390625,65091200,0.013532101461494861,257.155,0.12,1.83
2019-10-07,265.1825866699219,59610500,-0.004314463955955361,257.155,0.1,1.83
2019-10-08,261.065673828125,95708100,-0.01552482345653139,257.155,0.12,1.83
2019-10-09,263.5447998046875,62359400,0.00949617749514875,257.155,0.12,1.83
2019-10-10,265.32733154296875,55296300,0.0067636763829235225,257.155,0.14,1.83
2019-10-11,268.07794189453125,98720400,0.010366856424352422,257.155,0.13,1.83
2019-10-14,267.7794189453125,40394800,-0.001113567744921773,257.155,0.13,1.83
2019-10-15,270.4305419921875,46754500,0.009900398833176949,257.155,0.16,1.83
2019-10-16,269.9961242675781,48928200,-0.001606392981388649,257.155,0.17,1.83
2019-10-17,270.7923889160156,45736600,0.002949170661606937,257.155,0.16,1.83
2019-10-18,269.6069641113281,64304000,-0.004377614930141771,257.155,0.18,1.83
2019-10-21,271.4346923828125,39048600,0.006779232418972825,257.155,0.18,1.83
2019-10-22,270.5482177734375,48594700,-0.0032658854385672065,257.155,0.18,1.83
2019-10-23,271.33526611328125,34352200,0.002909087135450461,257.155,0.19,1.83
2019-10-24,271.7786560058594,35453100,0.00163410344305559,257.155,0.19,1.83
2019-10-25,272.8916015625,45205400,0.0040950440074905,257.155,0.17,1.83
2019-10-28,274.4297790527344,42147000,0.005636587866490572,257.155,0.21,1.83
2019-10-29,274.348388671875,44284900,-0.0002965799890242149,257.155,0.2,1.83
2019-10-30,275.18988037109375,49643900,0.0030672376218152664,257.155,0.17,1.83
2019-10-31,274.4568176269531,69053800,-0.0026638433911598813,257.155,0.17,1.83
2019-11-01,276.9993896484375,71141500,0.009264014803743281,257.879,0.17,1.55
2019-11-04,278.1123046875,60606900,0.004017752676188202,257.879,0.19,1.55
2019-11-05,277.8047790527344,42933200,-0.001105760621095797,257.879,0.23,1.55
2019-11-06,277.8680419921875,46487100,0.00022772444616991905,257.879,0.2,1.55
2019-11-07,278.84527587890625,54272300,0.003516899171680299,257.879,0.24,1.55
2019-11-08,279.53289794921875,49032100,0.0024659627750376334,257.879,0.26,1.55
2019-11-11,278.9991149902344,35797300,-0.0019095532686865813,257.879,0.26,1.55
2019-11-12,279.5871887207031,46484600,0.002107797834732583,257.879,0.26,1.55
2019-11-13,279.67767333984375,53917700,0.0003236364997789565,257.879,0.25,1.55
2019-11-14,280.0848388671875,51219900,0.0014558385103875526,257.879,0.24,1.55
2019-11-15,282.11163330078125,62023600,0.007236358961060452,257.879,0.23,1.55
2019-11-18,282.3197326660156,49228000,0.0007376490036925532,257.879,0.21,1.55
2019-11-19,282.23834228515625,67804700,-0.0002882915058426416,257.879,0.19,1.55
2019-11-20,281.188720703125,79406200,-0.0037189191714099845,257.879,0.17,1.55
2019-11-21,280.736328125,54664700,-0.001608857485441706,257.879,0.17,1.55
2019-11-22,281.3606872558594,44850200,0.0022240054752777905,257.879,0.16,1.55
2019-11-25,283.5411682128906,48647200,0.0077497712217642345,257.879,0.15,1.55
2019-11-26,284.18359375,37569000,0.0022657222623383433,257.879,0.16,1.55
2019-11-27,285.4503479003906,44444600,0.004457520343362997,257.879,0.14,1.55
2019-11-29,284.39178466796875,36592700,-0.003708397065227187,257.879,0.17,1.55
2019-12-02,281.9759521484375,75767800,-0.00849473384877053,257.879,0.22,1.55
2019-12-03,280.0848388671875,73941700,-0.006706647381952924,257.879,0.19,1.55
2019-12-04,281.8130187988281,49080000,0.006170201638297623,257.879,0.19,1.55
2019-12-05,282.3197326660156,40709000,0.001798049889062181,257.879,0.22,1.55
2019-12-06,284.8984069824219,48927000,0.009133879137866785,257.879,0.23,1.55
2019-12-09,284.0026550292969,34838500,-0.0031441100798442756,257.879,0.2,1.55
2019-12-10,283.6859436035156,52649800,-0.00111517065130462,257.879,0.2,1.55
2019-12-11,284.49127197265625,53429100,0.002838802511365035,257.879,0.18,1.55
2019-12-12,286.9433288574219,96389600,0.00861909354112389,257.879,0.24,1.55
2019-12-13,287.11529541015625,81503900,0.0005993049339014789,257.879,0.21,1.55
2019-12-16,289.087646484375,82749700,0.006869543719017601,257.879,0.24,1.55
2019-12-17,289.1510009765625,61097700,0.00021915323244692253,257.879,0.26,1.55
2019-12-18,289.1690673828125,48133000,6.248087051052842e-05,257.879,0.29,1.55
2019-12-19,290.35443115234375,85310500,0.004099206669162969,257.879,0.3,1.55
2019-12-20,291.62744140625,147142100,0.004384332103539723,257.879,0.29,1.55
2019-12-23,292.07293701171875,52990000,0.0015276189487536396,257.879,0.29,1.55
2019-12-24,292.08203125,20270000,3.113687414613153e-05,257.879,0.28,1.55
2019-12-26,293.6369323730469,30911200,0.005323508318510584,257.879,0.26,1.55
2019-12-27,293.5641174316406,42528800,-0.0002479761003419956,257.879,0.29,1.55
2019-12-30,291.9456787109375,49729100,-0.005513067246987302,257.879,0.32,1.55
2019-12-31,292.6549072265625,57077300,0.002429316709726681,257.879,0.34,1.55
2020-01-02,295.391845703125,59151200,0.009352101772357013,257.879,0.3,1.55
2020-01-03,293.155029296875,77709700,-0.007572370188234756,257.879,0.27,1.55
2020-01-06,294.2734680175781,55653900,0.0038151783490996127,257.879,0.27,1.55
2020-01-07,293.44598388671875,40496400,-0.00281195629505393,257.879,0.29,1.55
2020-01-08,295.0098876953125,68296000,0.0053294435585033995,257.879,0.29,1.55
2020-01-09,297.0102844238281,48473300,0.006780778583874492,257.879,0.27,1.55
2020-01-10,296.155517578125,53029300,-0.002877903192346709,257.879,0.27,1.55
2020-01-13,298.1923522949219,47086800,0.006877584903544953,257.879,0.27,1.55
2020-01-14,297.73773193359375,62832800,-0.0015245875953200372,257.879,0.24,1.55
2020-01-15,298.41046142578125,72056600,0.002259470063866731,257.879,0.23,1.55
2020-01-16,300.89288330078125,54050300,0.008318816515812344,257.879,0.23,1.55
2020-01-17,301.8294677734375,95846000,0.0031126840302169168,257.879,0.26,1.55
2020-01-21,301.23828125,77742400,-0.0019586772882005388,257.879,0.25,1.55
2020-01-22,301.27471923828125,48914900,0.00012096068311784336,257.879,0.24,1.55
2020-01-23,301.62017822265625,51963000,0.001146657725707767,257.879,0.23,1.55
2020-01-24,298.93792724609375,87578400,-0.008892810130834317,257.879,0.21,1.55
2020-01-27,294.1461486816406,84062500,-0.016029342976304206,257.879,0.17,1.55
2020-01-28,297.22845458984375,63834000,0.010478824631966033,257.879,0.2,1.55
2020-01-29,296.98297119140625,53888900,-0.0008259081344558217,257.879,0.18,1.55
2020-01-30,297.94683837890625,75491800,0.0032455301515545987,257.879,0.16,1.55
2020-01-31,292.5367736816406,113845600,-0.018157818779689583,257.879,0.18,1.55
2020-02-03,294.7098083496094,69083000,0.0074282444583655405,257.879,0.18,1.55
2020-02-04,299.2015686035156,62573200,0.015241298818863047,257.879,0.2,1.55
2020-02-05,302.65673828125,65951100,0.011547966455727199,257.879,0.22,1.55
2020-02-06,303.6750793457031,50359700,0.0033646733597809675,257.879,0.21,1.55
2020-02-07,302.0567321777344,64139400,-0.005329206372335915,257.879,0.18,1.55
2020-02-10,304.3116455078125,42070000,0.007465198056738842,257.879,0.19,1.55
2020-02-11,304.8389892578125,54864500,0.0017329068991756014,257.879,0.18,1.55
2020-02-12,306.8030090332031,43992700,0.006442810285431033,257.879,0.18,1.55
2020-02-13,306.47564697265625,54501900,-0.0010670105928179963,257.879,0.17,1.55
2020-02-14,306.9666748046875,64582200,0.0016021756928539244,257.879,0.17,1.55
2020-02-18,306.1756286621094,57226200,-0.00257697726660866,257.879,0.14,1.55
2020-02-19,307.6394348144531,48814700,0.00478093621866682,257.879,0.14,1.55
2020-02-20,306.3756103515625,74163400,-0.004108135433459226,257.879,0.13,1.55
2020-02-21,303.22052001953125,113788200,-0.010298111943084609,257.879,0.12,1.55
2020-02-24,293.1640930175781,161088400,-0.03316539065794544,257.879,0.12,1.55
2020-02-25,284.2806091308594,218913200,-0.03030208711878668,257.879,0.13,1.55
2020-02-26,283.2349548339844,194773800,-0.0036782469971199383,257.879,0.17,1.55
2020-02-27,270.514404296875,284353500,-0.04491165486465265,257.879,0.19,1.55
2020-02-28,269.3778076171875,384975800,-0.0042016124155819234,257.879,0.27,1.55
2020-03-02,281.0436096191406,238703600,0.04330647021424783,257.879,0.26,1.55
2020-03-03,272.9966735839844,300139100,-0.02863233946525645,257.879,0.31,1.55
2020-03-04,284.4714660644531,176613400,0.04203271904314487,257.879,0.35,1.55
2020-03-05,275.0152587890625,186366800,-0.0332413208474418,257.879,0.33,1.55
2020-03-06,270.4688415527344,228667200,-0.01653150903825029,257.879,0.25,1.55
2020-03-09,249.3467559814453,309417300,-0.07809433962902823,257.879,0.16,1.55
2020-03-10,262.24920654296875,276444100,0.051745010721068185,257.879,0.26,1.55
2020-03-11,249.46493530273438,255316300,-0.048748560229255444,257.879,0.32,1.55
2020-03-12,225.59683227539062,392220700,-0.09567718604772646,257.879,0.38,1.55
2020-03-13,244.88230895996094,329566100,0.08548646933582882,257.879,0.45,1.55
2020-03-16,218.0863800048828,297240000,-0.10942370263039025,257.879,0.37,1.55
2020-03-17,229.86134338378906,262070500,0.053992199690061415,257.879,0.55,1.55
2020-03-18,218.2227783203125,327597100,-0.050632981136128574,257.879,0.64,1.55
2020-03-19,218.68649291992188,289322000,0.0021249596544350435,257.879,0.68,1.55
2020-03-20,209.26239013671875,347158800,-0.04309412372648924,257.879,0.55,1.55
2020-03-23,203.9119110107422,326025200,-0.02556827876466905,257.879,0.48,1.55
2020-03-24,222.386962890625,235494500,0.09060310301789842,257.879,0.46,1.55
2020-03-25,225.71617126464844,299430300,0.014970339676165345,257.879,0.54,1.55
2020-03-26,238.89566040039062,257632800,0.05838965397073581,257.879,0.53,1.55
2020-03-27,231.78004455566406,224341200,-0.029785454590513516,257.879,0.47,1.55
2020-03-30,239.30718994140625,171369500,0.0324753815634653,257.879,0.47,1.55
2020-03-31,235.74024963378906,194881100,-0.014905278476967432,257.879,0.47,1.55
2020-04-01,225.13079833984375,189554600,-0.045004836087289224,256.032,0.39,0.05
2020-04-02,230.32579040527344,177660400,0.023075439272363107,256.032,0.4,0.05
2020-04-03,226.99659729003906,135561200,-0.014454278478221783,256.032,0.39,0.05
2020-04-06,242.2430877685547,188061200,0.06716616310787615,256.032,0.4,0.05
2020-04-07,242.49008178710938,201427200,0.0010196122449970257,256.032,0.47,0.05
2020-04-08,250.63014221191406,153774500,0.03356863243566033,256.032,0.5,0.05
2020-04-09,254.4440155029297,189999200,0.015217137321778651,256.032,0.5,0.05
2020-04-13,252.12086486816406,114839100,-0.009130301729336154,256.032,0.51,0.05
2020-04-14,259.55670166015625,134143400,0.029493143282212753,256.032,0.53,0.05
2020-04-15,254.0415496826172,121775000,-0.021248351293815526,256.032,0.43,0.05
2020-04-16,255.26712036132812,131798300,0.004824292247634698,256.032,0.41,0.05
2020-04-17,262.16326904296875,146684800,0.027015420833984338,256.032,0.45,0.05
2020-04-20,257.5445556640625,100109300,-0.017617698298342588,256.032,0.43,0.05
2020-04-21,249.72459411621094,126385700,-0.030363528856932276,256.032,0.38,0.05
2020-04-22,255.26712036132812,92951600,0.022194555024636298,256.032,0.41,0.05
2020-04-23,255.2488250732422,104709700,-7.167115004880209e-05,256.032,0.39,0.05
2020-04-24,258.8067321777344,85063200,0.01393897544277145,256.032,0.38,0.05
2020-04-27,262.53826904296875,77896600,0.014418237245357846,256.032,0.43,0.05
2020-04-28,261.3310852050781,105270000,-0.0045981252268142425,256.032,0.42,0.05
2020-04-29,268.1722106933594,118745600,0.026178001300200204,256.032,0.43,0.05
2020-04-30,265.6754150390625,122901700,-0.009310419032014572,256.032,0.44,0.05
2020-05-01,258.6420593261719,125180000,-0.026473491014802786,255.802,0.44,0.05
2020-05-04,259.35540771484375,80873200,0.0027580525399863998,255.802,0.45,0.05
2020-05-05,261.75177001953125,79569900,0.009239685132466091,255.802,0.47,0.05
2020-05-06,259.9773254394531,73632600,-0.006779112056990999,255.802,0.55,0.05
2020-05-07,263.11444091796875,75250400,0.01206688111439247,255.802,0.5,0.05
2020-05-08,267.46807861328125,76452400,0.01654655548408246,255.802,0.53,0.05
2020-05-11,267.5228271484375,79514200,0.00020469184749116742,255.802,0.56,0.05
2020-05-12,262.1907958984375,95870800,-0.019931126277465183,255.802,0.52,0.05
2020-05-13,257.55364990234375,144721100,-0.017686150958136637,255.802,0.48,0.05
2020-05-14,260.6358337402344,121977900,0.011967152626488842,255.802,0.47,0.05
2020-05-15,261.83404541015625,111146300,0.004597263748146396,255.802,0.48,0.05
2020-05-18,269.8094482421875,119703800,0.030459762478702856,255.802,0.55,0.05
2020-05-19,267.0381774902344,95189300,-0.010271214629465342,255.802,0.53,0.05
2020-05-20,271.5746154785156,85861700,0.01698797539332042,255.802,0.52,0.05
2020-05-21,269.6996765136719,78293900,-0.006903955148901186,255.802,0.51,0.05
2020-05-22,270.2117614746094,63958200,0.0018987229334386235,255.802,0.49,0.05
2020-05-26,273.5409240722656,88951400,0.012320568799404574,255.802,0.51,0.05
2020-05-27,277.6109313964844,104817400,0.014878970442987471,255.802,0.49,0.05
2020-05-28,277.0989685058594,90405200,-0.001844174103842522,255.802,0.53,0.05
2020-05-29,278.3335876464844,119090800,0.0044555169125390925,255.802,0.49,0.05
2020-06-01,279.4585266113281,55758300,0.004041693186783268,257.042,0.52,0.08
2020-06-02,281.77252197265625,74267200,0.00828028183425733,257.042,0.51,0.08
2020-06-03,285.52239990234375,92567600,0.013308174634755199,257.042,0.58,0.08
2020-06-04,284.7723693847656,75794400,-0.002626871018997612,257.042,0.63,0.08
2020-06-05,292.0710144042969,150524700,0.02562975135298262,257.042,0.69,0.08
2020-06-08,295.60137939453125,73641200,0.012087351418403669,257.042,0.66,0.08
2020-06-09,293.3972473144531,77479200,-0.0074564336763000005,257.042,0.64,0.08
2020-06-10,291.760009765625,95000800,-0.005580275765414311,257.042,0.58,0.08
2020-06-11,274.9403381347656,209243600,-0.057648995982591544,257.042,0.47,0.08
2020-06-12,278.2330017089844,194678900,0.011975920290767883,257.042,0.52,0.08
2020-06-15,280.83050537109375,135782700,0.009335713758449993,257.042,0.52,0.08
2020-06-16,286.2358093261719,137627500,0.019247566954791795,257.042,0.54,0.08
2020-06-17,285.04681396484375,83398900,-0.0041539015126274,257.042,0.55,0.08
2020-06-18,285.1564636230469,80828700,0.000384672456702706,257.042,0.52,0.08
2020-06-19,283.5268249511719,135549600,-0.005714892978997077,257.042,0.51,0.08
2020-06-22,285.3457336425781,74649400,0.006415296653921487,257.042,0.52,0.08
2020-06-23,286.6593933105469,68471200,0.00460374736008573,257.042,0.54,0.08
2020-06-24,279.3471374511719,132813500,-0.02550851648337027,257.042,0.5,0.08
2020-06-25,282.341796875,89468000,0.010720208022004796,257.042,0.51,0.08
2020-06-26,275.63580322265625,127961000,-0.023751331636217787,257.042,0.47,0.08
2020-06-29,279.6869812011719,79773300,0.014697575319136291,257.042,0.48,0.08
2020-06-30,283.26959228515625,113394800,0.012809359479651672,257.042,0.5,0.08
2020-07-01,285.2539978027344,72396500,0.00700536016439246,258.352,0.52,0.09
2020-07-02,286.8247985839844,69344200,0.005506674028583847,258.352,0.52,0.09
2020-07-06,291.2525939941406,61713800,0.015437282382888995,258.352,0.53,0.09
2020-07-07,288.2486877441406,82910000,-0.010313749343157541,258.352,0.49,0.09
2020-07-08,290.4533996582031,54638600,0.007648645103354168,258.352,0.51,0.09
2020-07-09,288.79986572265625,83354200,-0.005692940545687253,258.352,0.46,0.09
2020-07-10,291.7486267089844,57550400,0.010210395974213915,258.352,0.49,0.09
2020-07-13,289.222412109375,102997500,-0.008658874004329853,258.352,0.48,0.09
2020-07-14,292.97039794921875,93657000,0.01295883611684423,258.352,0.49,0.09
2020-07-15,295.66204833984375,87196500,0.009187448320603142,258.352,0.48,0.09
2020-07-16,294.6883850097656,54622500,-0.0032931630405230727,258.352,0.46,0.09
2020-07-17,295.5426025390625,62774900,0.002898714617709075,258.352,0.5,0.09
2020-07-20,297.9310607910156,56308800,0.008081603908991264,258.352,0.46,0.09
2020-07-21,298.5648498535156,57292200,0.002127301063599374,258.352,0.47,0.09
2020-07-22,300.264404296875,57792900,0.005692413035872201,258.352,0.46,0.09
2020-07-23,296.6816711425781,75738000,-0.011931927671168685,258.352,0.43,0.09
2020-07-24,294.77093505859375,73766600,-0.006440357695929655,258.352,0.45,0.09
2020-07-27,296.9205627441406,48293000,0.00729253610136138,258.352,0.47,0.09
2020-07-28,295.0373840332031,57495000,-0.006342365424385377,258.352,0.45,0.09
2020-07-29,298.6659851074219,48454200,0.012298784054465495,258.352,0.46,0.09
2020-07-30,297.600341796875,61861700,-0.0035680102980713,258.352,0.44,0.09
2020-07-31,299.95196533203125,84986800,0.007901951728138012,258.352,0.44,0.09
2020-08-03,302.0373229980469,53077900,0.006952305392322611,258.352,0.45,0.09
2020-08-04,303.2039794921875,41917900,0.0038626236074412734,258.352,0.41,0.09
2020-08-05,305.0872497558594,42697700,0.006211232012277801,258.352,0.44,0.09
2020-08-06,307.1264953613281,43679400,0.006684139068743766,258.352,0.44,0.09
2020-08-07,307.3470458984375,57308300,0.0007181097705357686,258.352,0.44,0.09
2020-08-10,308.2655944824219,44282100,0.0029886364493898476,258.352,0.45,0.09
2020-08-11,305.7210998535156,69601100,-0.008254228413581033,258.352,0.48,0.09
2020-08-12,309.9835510253906,53774400,0.01394228652820284,258.352,0.53,0.09
2020-08-13,309.4231872558594,41816100,-0.0018077209828638585,258.352,0.55,0.09
2020-08-14,309.432373046875,47260400,2.968682178305926e-05,258.352,0.57,0.09
2020-08-17,310.4152526855469,35481000,0.003176395633701201,258.352,0.55,0.09
2020-08-18,311.08587646484375,38733900,0.0021604085929896044,258.352,0.53,0.09
2020-08-19,309.7906188964844,68054200,-0.004163665618891477,258.352,0.54,0.09
2020-08-20,310.7552185058594,42207800,0.0031137147174147284,258.352,0.52,0.09
2020-08-21,311.8575134277344,55106600,0.00354714854725513,258.352,0.48,0.09
2020-08-24,315.0177001953125,48588700,0.010133431556108574,258.352,0.51,0.09
2020-08-25,316.1199645996094,38463400,0.003499055461370748,258.352,0.54,0.09
2020-08-26,319.2893371582031,50790200,0.010025853832446252,258.352,0.53,0.09
2020-08-27,319.9874267578125,58034100,0.0021863855706008017,258.352,0.58,0.09
2020-08-28,322.0543518066406,48588900,0.006459394576126654,258.352,0.6,0.09
2020-08-31,320.8877258300781,66099200,-0.00362245058952948,258.352,0.58,0.09
2020-09-01,323.90997314453125,54908700,0.009418394881371972,259.997,0.55,0.09
2020-09-02,328.59503173828125,69540000,0.01446407638600089,259.997,0.52,0.09
2020-09-03,317.2867126464844,148011100,-0.034414151157354356,259.997,0.5,0.09
2020-09-04,314.69610595703125,139156300,-0.008164876076419691,259.997,0.58,0.09
2020-09-08,306.0976257324219,114465300,-0.027323122408713263,259.997,0.55,0.09
2020-09-09,312.14239501953125,91462300,0.0197478476765236,259.997,0.57,0.09
2020-09-10,306.72235107421875,90569500,-0.017364010886676717,259.997,0.54,0.09
2020-09-11,306.87860107421875,84680200,0.0005094183695866228,259.997,0.54,0.09
2020-09-14,310.9204406738281,65605700,0.013170809517056625,259.997,0.54,0.09
2020-09-15,312.4914245605469,52920900,0.005052687701439407,259.997,0.54,0.09
2020-09-16,311.2512512207031,82096000,-0.003968663593209909,259.997,0.55,0.09
2020-09-17,308.5137023925781,91523300,-0.008795302243407965,259.997,0.56,0.09
2020-09-18,304.9618835449219,105877900,-0.011512677784199732,259.997,0.56,0.09
2020-09-21,301.5677795410156,99450800,-0.01112960073715663,259.997,0.54,0.09
2020-09-22,304.6390686035156,63612100,0.010184407190895861,259.997,0.55,0.09
2020-09-23,297.5741882324219,93112200,-0.02319098598705538,259.997,0.54,0.09
2020-09-24,298.36737060546875,76681300,0.0026654945368693728,259.997,0.53,0.09
2020-09-25,303.191162109375,71069400,0.016167288983770067,259.997,0.54,0.09
2020-09-28,308.22686767578125,64584600,0.01660901172505036,259.997,0.53,0.09
2020-09-29,306.5482177734375,51304000,-0.005446150476763445,259.997,0.55,0.09
2020-09-30,308.8725280761719,104081100,0.00758220132420484,259.997,0.56,0.09
2020-10-01,310.85546875,88698700,0.006419932151878305,260.319,0.54,0.09
2020-10-02,307.9040832519531,89431100,-0.009494397862501391,260.319,0.57,0.09
2020-10-05,313.3641662597656,45713100,0.01773306462891111,260.319,0.64,0.09
2020-10-06,308.9093322753906,90128900,-0.014216156357463428,260.319,0.62,0.09
2020-10-07,314.28643798828125,56999600,0.017406744151377662,260.319,0.65,0.09
2020-10-08,317.07183837890625,45242500,0.008862617198674316,260.319,0.65,0.09
2020-10-09,319.9033203125,59528600,0.008930095930531845,260.319,0.63,0.09
2020-10-12,325.0498046875,80388500,0.016087624129604627,260.319,0.63,0.09
2020-10-13,322.928466796875,73255500,-0.006526193401852454,260.319,0.58,0.09
2020-10-14,320.8993835449219,57727900,-0.006283383041698287,260.319,0.59,0.09
2020-10-15,320.5027770996094,60357700,-0.0012359214933080898,260.319,0.6,0.09
2020-10-16,320.3092041015625,89501900,-0.0006039666794734888,260.319,0.62,0.09
2020-10-19,315.4393005371094,68425600,-0.015203757813056717,260.319,0.62,0.09
2020-10-20,316.70294189453125,60051900,0.0040059731151769196,260.319,0.67,0.09
2020-10-21,316.1034240722656,63575000,-0.001892997326388146,260.319,0.69,0.09
2020-10-22,317.8373718261719,55399300,0.005485381118522259,260.319,0.71,0.09
2020-10-23,318.9164733886719,49143900,0.003395137444976548,260.319,0.67,0.09
2020-10-26,313.02294921875,91473000,-0.018479836137969885,260.319,0.65,0.09
2020-10-27,311.9438171386719,65994100,-0.0034474535581862087,260.319,0.63,0.09
2020-10-28,301.2818298339844,127094300,-0.034179190991779795,260.319,0.63,0.09
2020-10-29,304.343994140625,90597700,0.010163786871342229,260.319,0.69,0.09
2020-10-30,301.1712646484375,120287300,-0.010424813872691452,260.319,0.74,0.09
2020-11-02,304.54681396484375,86068300,0.01120807232504939,260.319,0.71,0.09
2020-11-03,309.92388916015625,93294200,0.01765598899331522,260.319,0.73,0.09
2020-11-04,316.8504943847656,126959700,0.022349375013908546,260.319,0.64,0.09
2020-11-05,323.02996826171875,82039700,0.019502806485916624,260.319,0.65,0.09
2020-11-06,322.9561767578125,74973000,-0.0002284354739695571,260.319,0.67,0.09
2020-11-09,327.0143127441406,172304200,0.012565593347890536,260.319,0.79,0.09
2020-11-10,326.5348205566406,85552000,-0.0014662727862775338,260.319,0.79,0.09
2020-11-11,328.96038818359375,58649000,0.00742820512317266,260.319,0.79,0.09
2020-11-12,325.7691650390625,67546200,-0.009700934395633687,260.319,0.71,0.09
2020-11-13,330.2793273925781,62892200,0.013844657007285655,260.319,0.72,0.09
2020-11-16,334.4020080566406,74541100,0.012482406018594627,260.319,0.72,0.09
2020-11-17,332.603515625,66111000,-0.00537823454497921,260.319,0.69,0.09
2020-11-18,328.60076904296875,70591300,-0.012034588914400457,260.319,0.72,0.09
2020-11-19,329.9841613769531,59940900,0.004209948558591137,260.319,0.68,0.09
2020-11-20,327.7244567871094,70417300,-0.006847918337699821,260.319,0.67,0.09
2020-11-23,329.6890563964844,63230600,0.005994668901537548,260.319,0.7,0.09
2020-11-24,335.00146484375,62415900,0.016113390311860654,260.319,0.72,0.09
2020-11-25,334.4850158691406,45330900,-0.0015416319891324859,260.319,0.71,0.09
2020-11-27,335.4164733886719,28514100,0.0027847511109306833,260.319,0.68,0.09
2020-11-30,333.93170166015625,83872700,-0.004426651182379837,260.319,0.68,0.09
2020-12-01,337.5840148925781,74231400,0.010937306084640275,262.045,0.75,0.09
2020-12-02,338.29425048828125,45927000,0.0021038780403423996,262.045,0.79,0.09
2020-12-03,338.2019348144531,62882000,-0.00027288573097206115,262.045,0.76,0.09
2020-12-04,341.116455078125,50749900,0.008617692460189064,262.045,0.81,0.09
2020-12-07,340.41552734375,48944300,-0.0020548048150138554,262.045,0.8,0.09
2020-12-08,341.4116516113281,42458900,0.00292620103245822,262.045,0.78,0.09
2020-12-09,338.3493957519531,74098300,-0.008969394702618816,262.045,0.79,0.09
2020-12-10,338.2388610839844,57735400,-0.00032668794257217915,262.045,0.78,0.09
2020-12-11,337.84222412109375,57698600,-0.0011726534367443309,262.045,0.79,0.09
2020-12-14,336.3296203613281,69216200,-0.004477248998998595,262.045,0.77,0.09
2020-12-15,340.8766784667969,63865300,0.01351964807792938,262.045,0.81,0.09
2020-12-16,341.4116516113281,58420500,0.0015694037707052466,262.045,0.79,0.09
2020-12-17,343.32073974609375,64119500,0.005591748628834159,262.045,0.81,0.09
2020-12-18,341.94989013671875,136542300,-0.003992912313974473,262.045,0.82,0.09
2020-12-21,340.7273254394531,96386700,-0.003575274426252384,262.045,0.82,0.09
2020-12-22,340.15301513671875,47949000,-0.0016855422499315598,262.045,0.8,0.09
2020-12-23,340.45867919921875,46201400,0.0008986075351327116,262.045,0.83,0.09
2020-12-24,341.7831726074219,26457900,0.003890320585506757,262.045,0.81,0.09
2020-12-28,344.7193603515625,39000400,0.008590790827239347,262.045,0.81,0.09
2020-12-29,344.061767578125,53680500,-0.0019076177583030596,262.045,0.82,0.09
2020-12-30,344.5527038574219,49455300,0.001426884139881679,262.045,0.81,0.09
2020-12-31,346.3032531738281,78520700,0.005080643097000959,262.045,0.8,0.09
2021-01-04,341.5887451171875,110210800,-0.01361381394322092,262.045,0.82,0.09
2021-01-05,343.94134521484375,66426200,0.006887229545133655,262.045,0.83,0.09
2021-01-06,345.9975891113281,107997700,0.005978472565431048,262.045,0.9,0.09
2021-01-07,351.13818359375,68766800,0.014857313010836704,262.045,0.94,0.09
2021-01-08,353.1388854980469,71677200,0.005697762299219367,262.045,0.99,0.09
2021-01-11,350.7585144042969,51034700,-0.006740608841172668,262.045,1.01,0.09
2021-01-12,350.83251953125,52547700,0.00021098597443547362,262.045,1.01,0.09
2021-01-13,351.7773742675781,45303600,0.0026931788922832656,262.045,0.96,0.09
2021-01-14,350.5455017089844,49989100,-0.0035018527304622182,262.045,0.99,0.09
2021-01-15,347.9890441894531,107160000,-0.007292797959374653,262.045,0.98,0.09
2021-01-19,350.72137451171875,51233300,0.007851771105696237,262.045,0.96,0.09
2021-01-20,355.57501220703125,61836100,0.013839013097133979,262.045,0.97,0.09
2021-01-21,355.8990173339844,47840100,0.0009112145562255591,262.045,0.99,0.09
2021-01-22,354.63946533203125,52860500,-0.0035390713112621874,262.045,0.97,0.09
2021-01-25,356.0380554199219,70402000,0.00394369556862828,262.045,0.92,0.09
2021-01-26,355.4823913574219,42665300,-0.0015606872749729384,262.045,0.94,0.09
2021-01-27,346.7942199707031,123351100,-0.024440511254418706,262.045,0.92,0.09
2021-01-28,349.77667236328125,94198100,0.00860006372894584,262.045,0.95,0.09
2021-01-29,342.7742004394531,126765100,-0.020019836876243424,262.045,1.0,0.09
2021-02-01,348.47991943359375,75817600,0.016645707252254116,263.579,0.98,0.08
2021-02-02,353.4075012207031,64450700,0.014140217304682734,263.579,1.01,0.08
2021-02-03,353.6854248046875,52427100,0.0007864111062283463,263.579,1.04,0.08
2021-02-04,357.7052917480469,47142600,0.011365656205876151,263.579,1.04,0.08
2021-02-05,359.1131286621094,48669800,0.003935745281213654,263.579,1.1,0.08
2021-02-08,361.7066345214844,38365200,0.007221974504349582,263.579,1.08,0.08
2021-02-09,361.4658508300781,35551100,-0.0006656877934373417,263.579,1.07,0.08
2021-02-10,361.30841064453125,59154400,-0.00043556033076241896,263.579,1.04,0.08
2021-02-11,361.8918762207031,42913300,0.0016148685139407704,263.579,1.05,0.08
2021-02-12,363.6795959472656,50593300,0.004939927763043306,263.579,1.09,0.08
2021-02-16,363.3646545410156,50972400,-0.0008659859111140866,263.579,1.17,0.08
2021-02-17,363.4480285644531,52290600,0.0002294500095030294,263.579,1.18,0.08
2021-02-18,361.901123046875,59712800,-0.004256194547781922,263.579,1.18,0.08
2021-02-19,361.2620849609375,83241000,-0.001765780886661461,263.579,1.23,0.08
2021-02-22,358.4832763671875,67414200,-0.007691946399662863,263.579,1.26,0.08
2021-02-23,358.91864013671875,107284100,0.0012144604734234399,263.579,1.26,0.08
2021-02-24,362.8736877441406,72433900,0.011019343007416138,263.579,1.26,0.08
2021-02-25,354.12994384765625,146670500,-0.024095833321068794,263.579,1.37,0.08
2021-02-26,352.3052978515625,152701600,-0.005152475885740637,263.579,1.3,0.08
2021-03-01,360.84527587890625,105348800,0.024240277053517056,264.961,1.32,0.07
2021-03-02,358.0295104980469,79595300,-0.007803248564086207,264.961,1.29,0.07
2021-03-03,353.28717041015625,119940200,-0.013245668160967172,264.961,1.33,0.07
2021-03-04,348.9153747558594,183433000,-0.01237462331060979,264.961,1.4,0.07
2021-03-05,355.3340759277344,152039600,0.018396154587244196,264.961,1.42,0.07
2021-03-08,353.56494140625,123149200,-0.004978792188352288,264.961,1.42,0.07
2021-03-09,358.6130676269531,113633600,0.01427779066732393,264.961,1.38,0.07
2021-03-10,360.84527587890625,109899400,0.00622455915152309,264.961,1.37,0.07
2021-03-11,364.5039367675781,86245000,0.010139140327555918,264.961,1.4,0.07
2021-03-12,364.994873046875,64653600,0.00134686139099216,264.961,1.5,0.07
2021-03-15,367.1714782714844,73427200,0.0059633857496126375,264.961,1.48,0.07
2021-03-16,366.7084045410156,73722500,-0.0012611919984872877,264.961,1.47,0.07
2021-03-17,367.9587707519531,97959300,0.0034097015379357387,264.961,1.5,0.07
2021-03-18,362.6051025390625,115349100,-0.014549641531712898,264.961,1.55,0.07
2021-03-19,361.93426513671875,113624500,-0.0018500495377653525,264.961,1.58,0.07
2021-03-22,364.8241882324219,73778600,0.007984662890681227,264.961,1.54,0.07
2021-03-23,361.9527893066406,90686600,-0.007870637469772013,264.961,1.48,0.07
2021-03-24,360.1128845214844,97588600,-0.005083272845281206,264.961,1.48,0.07
2021-03-25,362.13861083984375,116128600,0.005625253650813233,264.961,1.49,0.07
2021-03-26,367.97442626953125,114409100,0.016114866669846517,264.961,1.53,0.07
2021-03-29,367.7886657714844,108107600,-0.0005048190438941003,264.961,1.59,0.07
2021-03-30,366.8128967285156,76262200,-0.0026530699115535628,264.961,1.57,0.07
2021-03-31,368.29974365234375,112734200,0.004053420523348006,264.961,1.58,0.07
2021-04-01,372.2770080566406,99682900,0.01079898770728227,266.614,1.52,0.07
2021-04-05,377.620361328125,91684800,0.014353164863384116,266.614,1.56,0.07
2021-04-06,377.3973083496094,62021000,-0.0005906804859016068,266.614,1.51,0.07
2021-04-07,377.8341064453125,55836300,0.0011573958956232477,266.614,1.52,0.07
2021-04-08,379.6275329589844,57863100,0.004746597734504476,266.614,1.5,0.07
2021-04-09,382.3874816894531,61104600,0.007270149003568038,266.614,1.51,0.07
2021-04-12,382.5270080566406,56704900,0.0003648821519235401,266.614,1.51,0.07
2021-04-13,383.6606750488281,56551000,0.0029636260141392423,266.614,1.48,0.07
2021-04-14,382.35028076171875,61659900,-0.003415503261945174,266.614,1.48,0.07
2021-04-15,386.457763671875,60229800,0.01074272235912388,266.614,1.4,0.07
2021-04-16,387.74951171875,82037300,0.003342533565897643,266.614,1.43,0.07
2021-04-19,385.84442138671875,78498500,-0.0049131985326987815,266.614,1.45,0.07
2021-04-20,383.01947021484375,81851800,-0.007321477298342649,266.614,1.43,0.07
2021-04-21,386.6437072753906,66793000,0.009462278924133871,266.614,1.42,0.07
2021-04-22,383.1123962402344,97582800,-0.009133243264298208,266.614,1.41,0.07
2021-04-23,387.2662658691406,73209200,0.010842430758365662,266.614,1.42,0.07
2021-04-26,388.07470703125,52182400,0.0020875589571298647,266.614,1.4,0.07
2021-04-27,387.9910583496094,51303100,-0.00021554788324273932,266.614,1.46,0.07
2021-04-28,387.8794860839844,51238900,-0.00028756401268525966,266.614,1.46,0.07
2021-04-29,390.35137939453125,78544300,0.0063728384697603335,266.614,1.49,0.07
2021-04-30,387.78662109375,85527000,-0.006570383598386131,266.614,1.49,0.07
2021-05-03,388.6230163574219,68128300,0.002156844043027739,266.614,1.47,0.07
2021-05-04,386.2254638671875,101591200,-0.006169352790029614,266.614,1.45,0.07
2021-05-05,386.3462829589844,60162200,0.0003128201092366112,266.614,1.43,0.07
2021-05-06,389.431396484375,74321400,0.007985358372706752,266.614,1.42,0.07
2021-05-07,392.2657470703125,67733800,0.0072781768792264945,266.614,1.46,0.07
2021-05-10,388.38134765625,81852400,-0.00990246903552916,266.614,1.47,0.07
2021-05-11,384.9151306152344,116888000,-0.008924777314701315,266.614,1.48,0.07
2021-05-12,376.7375793457031,134811000,-0.021245076171623967,266.614,1.53,0.07
2021-05-13,381.26312255859375,106394000,0.012012454984581922,266.614,1.5,0.07
2021-05-14,387.1175231933594,82201600,0.015355276417707842,266.614,1.47,0.07
2021-05-17,386.132568359375,65129200,-0.0025443302743296536,266.614,1.48,0.07
2021-05-18,382.8057556152344,59810200,-0.008615726868820728,266.614,1.48,0.07
2021-05-19,381.8020935058594,106467100,-0.002621857416333584,266.614,1.52,0.07
2021-05-20,385.9094543457031,78022200,0.010757826920560598,266.614,1.48,0.07
2021-05-21,385.5936279296875,76578700,-0.0008183951247089372,266.614,1.46,0.07
2021-05-24,389.5244445800781,51376700,0.010194195042837695,266.614,1.46,0.07
2021-05-25,388.6601867675781,57451400,-0.002218751158047816,266.614,1.41,0.07
2021-05-26,389.431396484375,43088600,0.001984277636489784,266.614,1.44,0.07
2021-05-27,389.6358642578125,56707700,0.0005250418309445948,266.614,1.47,0.07
2021-05-28,390.332763671875,58520200,0.001788591549163332,266.614,1.44,0.07
2021-06-01,389.98907470703125,54216600,-0.0008805024759147573,270.654,1.46,0.08
2021-06-02,390.6022644042969,49097100,0.0015723253214883215,270.654,1.46,0.08
2021-06-03,389.1526794433594,58138800,-0.003711153500731146,270.654,1.47,0.08
2021-06-04,392.7118835449219,55938800,0.00914603519280277,270.654,1.42,0.08
2021-06-07,392.33074951171875,51555000,-0.0009705182072992091,270.654,1.41,0.08
2021-06-08,392.4144592285156,47134300,0.00021336516931458327,270.654,1.39,0.08
2021-06-09,391.828857421875,48436300,-0.0014923043554304627,270.654,1.34,0.08
2021-06-10,393.650390625,51020100,0.00464879798570772,270.654,1.31,0.08
2021-06-11,394.3008117675781,45570800,0.0016522812070514092,270.654,1.31,0.08
2021-06-14,395.18365478515625,42358500,0.0022390088765491534,270.654,1.35,0.08
2021-06-15,394.4588317871094,51508500,-0.0018341421495302601,270.654,1.35,0.08
2021-06-16,392.2564392089844,80386100,-0.005583326828168533,270.654,1.36,0.08
2021-06-17,392.1263427734375,90949700,-0.0003316616951125617,270.654,1.29,0.08
2021-06-18,386.8364562988281,118676300,-0.01349026040228507,270.654,1.19,0.08
2021-06-21,392.37432861328125,72822000,0.014315797346088788,270.654,1.23,0.08
2021-06-22,394.4720458984375,57700300,0.00534621439830163,270.654,1.23,0.08
2021-06-23,393.99664306640625,49445400,-0.0012051622845631327,270.654,1.24,0.08
2021-06-24,396.327392578125,45110300,0.005915658299976645,270.654,1.23,0.08
2021-06-25,397.7351989746094,58129500,0.0035521299381466864,270.654,1.26,0.08
2021-06-28,398.5369567871094,53159600,0.0020158080415486612,270.654,1.24,0.08
2021-06-29,398.7513427734375,35970500,0.0005379325120973277,270.654,1.22,0.08
2021-06-30,399.0870361328125,64827900,0.0008418613892060556,270.654,1.2,0.08
2021-07-01,401.2966003417969,53441000,0.005536547191297592,271.903,1.23,0.1
2021-07-02,404.3638916015625,57697700,0.0076434518935697415,271.903,1.2,0.1
2021-07-06,403.62738037109375,68710400,-0.0018214070191867604,271.903,1.15,0.1
2021-07-07,405.05377197265625,63549500,0.0035339317175437923,271.903,1.11,0.1
2021-07-08,401.75347900390625,97595200,-0.00814778974326602,271.903,1.11,0.1
2021-07-09,406.0420227050781,76238600,0.01067456518809684,271.903,1.14,0.1
2021-07-12,407.4964904785156,52889600,0.003582062181021861,271.903,1.15,0.1
2021-07-13,406.1072998046875,52911300,-0.0034090862284404944,271.903,1.16,0.1
2021-07-14,406.71331787109375,64130400,0.001492260953441793,271.903,1.14,0.1
2021-07-15,405.32421875,55126400,-0.003415425706649766,271.903,1.08,0.1
2021-07-16,402.1449890136719,75874700,-0.007843670793057256,271.903,1.06,0.1
2021-07-19,396.2061462402344,147987000,-0.014767914398245985,271.903,0.98,0.1
2021-07-20,401.8839416503906,99608200,0.01433040719846268,271.903,1.03,0.1
2021-07-21,405.13775634765625,64724400,0.008096403862028811,271.903,1.08,0.1
2021-07-22,405.9861145019531,47878500,0.0020939992410109465,271.903,1.07,0.1
2021-07-23,410.1629333496094,63766600,0.010288083011854132,271.903,1.08,0.1
2021-07-26,411.16973876953125,43719200,0.002454647502395657,271.903,1.07,0.1
2021-07-27,409.2959289550781,67397100,-0.004557265863146198,271.903,1.05,0.1
2021-07-28,409.1279602050781,52472400,-0.00041038460956310807,271.903,1.06,0.1
2021-07-29,410.8249206542969,47435300,0.004147749883357088,271.903,1.08,0.1
2021-07-30,408.8297119140625,68951200,-0.004856591311590108,271.903,1.05,0.1
2021-08-02,407.97198486328125,58783300,-0.0020980056629581467,271.903,1.03,0.1
2021-08-03,411.2910461425781,58053900,0.008135512737251105,271.903,1.02,0.1
2021-08-04,409.2679138183594,46732200,-0.004918979742431384,271.903,1.02,0.1
2021-08-05,411.8597106933594,38969700,0.006332763423399612,271.903,1.02,0.1
2021-08-06,412.54034423828125,46930000,0.001652585886043667,271.903,1.1,0.1
2021-08-09,412.2047424316406,41222600,-0.0008135005735263601,271.903,1.1,0.1
2021-08-10,412.71746826171875,43339300,0.00124386203577731,271.903,1.12,0.1
2021-08-11,413.7430114746094,44034300,0.0024848553593090905,271.903,1.12,0.1
2021-08-12,414.98297119140625,38909400,0.0029969321110163705,271.903,1.13,0.1
2021-08-13,415.7381896972656,39470300,0.0018198783041414313,271.903,1.06,0.1
2021-08-16,416.7171325683594,73740000,0.0023547099962277773,271.903,1.05,0.1
2021-08-17,413.98541259765625,92673900,-0.006555333959673448,271.903,1.03,0.1
2021-08-18,409.4543762207031,89351900,-0.01094491795863528,271.903,1.04,0.1
2021-08-19,410.0883483886719,92812200,0.001548334087476011,271.903,1.02,0.1
2021-08-20,413.3514099121094,72008700,0.007956972043362764,271.903,1.03,0.1
2021-08-23,416.9875183105469,54973000,0.008796651738071093,271.903,1.02,0.1
2021-08-24,417.6493835449219,38744700,0.001587254306931296,271.903,1.05,0.1
2021-08-25,418.52581787109375,40529700,0.0020984930439329474,271.903,1.12,0.1
2021-08-26,416.0552062988281,57829600,-0.0059031282343173785,271.903,1.09,0.1
2021-08-27,419.7751159667969,77235100,0.008940904023436058,271.903,1.09,0.1
2021-08-30,421.62115478515625,48357400,0.0043976852084424145,271.903,1.09,0.1
2021-08-31,420.99639892578125,59300200,-0.0014817943840919057,271.903,1.1,0.1
2021-09-01,421.22015380859375,48721400,0.0005314888283687313,273.91,1.11,0.08
2021-09-02,422.5161437988281,42501000,0.003076752093925883,273.91,1.09,0.08
2021-09-03,422.4135437011719,47170500,-0.0002428311892033186,273.91,1.12,0.08
2021-09-07,420.9032287597656,51671500,-0.0035754415641433557,273.91,1.16,0.08
2021-09-08,420.39044189453125,56181900,-0.0012183010967754537,273.91,1.13,0.08
2021-09-09,418.591064453125,57970400,-0.004280252979342647,273.91,1.07,0.08
2021-09-10,415.29071044921875,89948200,-0.007884434915537586,273.91,1.12,0.08
2021-09-13,416.3534851074219,83738600,0.0025591101160282737,273.91,1.12,0.08
2021-09-14,414.10662841796875,78197100,-0.005396512266189868,273.91,1.07,0.08
2021-09-15,417.5655212402344,78792200,0.008352662297340663,273.91,1.1,0.08
2021-09-16,416.903564453125,77786700,-0.001585276449892814,273.91,1.11,0.08
2021-09-17,412.8424377441406,118425000,-0.009741165716132927,273.91,1.14,0.08
2021-09-20,405.958740234375,166445500,-0.016673909657591413,273.91,1.08,0.08
2021-09-21,405.57525634765625,92526100,-0.0009446375917349092,273.91,1.11,0.08
2021-09-22,409.5315856933594,102350100,0.00975485876858273,273.91,1.07,0.08
2021-09-23,414.5073547363281,76396000,0.012149903003316531,273.91,1.14,0.08
2021-09-24,415.1901550292969,62094800,0.001647257365078758,273.91,1.18,0.08
2021-09-27,414.00225830078125,61371100,-0.0028610907896691185,273.91,1.17,0.08
2021-09-28,405.659423828125,130436300,-0.020151664164582916,273.91,1.23,0.08
2021-09-29,406.3421630859375,82329200,0.0016830356148751502,273.91,1.25,0.08
2021-09-30,401.3757629394531,140506000,-0.012222212208468308,273.91,1.24,0.08
2021-10-01,406.1457214355469,129240100,0.011884022246787529,276.55,1.21,0.08
2021-10-04,400.9081115722656,128570000,-0.012895888315082038,276.55,1.22,0.08
2021-10-05,405.0794677734375,90682500,0.010404768775599926,276.55,1.26,0.08
2021-10-06,406.7630310058594,113032200,0.004156130750530895,276.55,1.23,0.08
2021-10-07,410.2798156738281,72437500,0.008645782433256866,276.55,1.26,0.08
2021-10-08,409.5315856933594,74557400,-0.001823706533649161,276.55,1.29,0.08
2021-10-11,406.5666198730469,65233300,-0.0072398953435853786,276.55,1.29,0.08
2021-10-12,405.5658874511719,71181200,-0.0024614229820133504,276.55,1.24,0.08
2021-10-13,407.0249328613281,72974000,0.0035975545658581964,276.55,1.19,0.08
2021-10-14,413.8713684082031,70236800,0.01682067852390645,276.55,1.16,0.08
2021-10-15,417.0232849121094,66260200,0.007615691116853229,276.55,1.18,0.08
2021-10-18,418.25787353515625,62213200,0.002960478869440175,276.55,1.15,0.08
2021-10-19,421.4847412109375,46996800,0.007715019560797343,276.55,1.24,0.08
2021-10-20,423.14019775390625,49571600,0.003927678468768736,276.55,1.25,0.08
2021-10-21,424.2438049316406,41305400,0.002608135988007021,276.55,1.23,0.08
2021-10-22,423.8042297363281,58845100,-0.0010361381597153718,276.55,1.18,0.08
2021-10-25,426.0769958496094,45214500,0.005362773549228761,276.55,1.17,0.08
2021-10-26,426.4605407714844,56075100,0.0009001774928265593,276.55,1.16,0.08
2021-10-27,424.57122802734375,72438000,-0.004430217015442439,276.55,1.04,0.08
2021-10-28,428.6678161621094,51437900,0.009648765305645624,276.55,1.07,0.08
2021-10-29,429.53765869140625,70162400,0.002029176197748228,276.55,1.07,0.08
2021-11-01,430.27655029296875,48433600,0.0017202021443556426,278.919,1.08,0.08
2021-11-02,432.0162353515625,48908400,0.004043178875096087,278.919,1.1,0.08
2021-11-03,434.6537170410156,52509800,0.006105052249498977,278.919,1.13,0.08
2021-11-04,436.70208740234375,52847100,0.004712648899617866,278.919,1.12,0.08
2021-11-05,438.21728515625,66390600,0.003469637076660703,278.919,1.06,0.08
2021-11-08,438.5913391113281,50405200,0.0008535810150545053,278.919,1.06,0.08
2021-11-09,437.14166259765625,51149100,-0.003305301277971462,278.919,1.05,0.08
2021-11-10,433.6248779296875,69429700,-0.008044954230788104,278.919,1.05,0.08
2021-11-11,433.7652282714844,34848500,0.00032366764210345345,278.919,1.05,0.08
2021-11-12,437.0386962890625,53466700,0.007546635378364863,278.919,1.05,0.08
2021-11-15,437.1884460449219,46980500,0.000342646445568473,278.919,1.1,0.08
2021-11-16,438.91876220703125,48857500,0.003957826831342048,278.919,1.09,0.08
2021-11-17,437.85247802734375,47858300,-0.002429342902376397,278.919,1.08,0.08
2021-11-18,439.339599609375,50625600,0.0033963986882776798,278.919,1.07,0.08
2021-11-19,438.55401611328125,57315600,-0.001788100814932747,278.919,1.02,0.08
2021-11-22,437.3193359375,72762000,-0.002815343447823637,278.919,1.0,0.08
2021-11-23,437.8992614746094,73206500,0.0013260916896487007,278.919,1.07,0.08
2021-11-24,439.0683898925781,61858800,0.0026698570215253348,278.919,1.0,0.08
2021-11-26,429.2757873535156,112669600,-0.022303137197962175,278.919,0.98,0.08
2021-11-29,434.5415344238281,86268800,0.012266582988003538,278.919,1.01,0.08
2021-11-30,426.0863342285156,148559600,-0.019457749203476093,278.919,0.91,0.08
2021-12-01,421.3537292480469,131939200,-0.011107150359651263,280.845,0.87,0.08
2021-12-02,427.8073425292969,127637800,0.01531637869389968,280.845,0.81,0.08
2021-12-03,424.0848693847656,137331600,-0.008701283906262902,280.845,0.75,0.08
2021-12-06,429.1073913574219,98977500,0.011843200112144014,280.845,0.78,0.08
2021-12-07,437.9834289550781,95484700,0.020684886292865023,280.845,0.78,0.08
2021-12-08,439.1431884765625,72238800,0.0026479529699361404,280.845,0.84,0.08
2021-12-09,436.1782531738281,61272600,-0.006751636779384174,280.845,0.79,0.08
2021-12-10,440.28424072265625,77159800,0.009413554020520465,280.845,0.81,0.08
2021-12-13,436.3840637207031,87724700,-0.008858316154018109,280.845,0.76,0.08
2021-12-14,433.38177490234375,97264100,-0.006879923141008493,280.845,0.77,0.08
2021-12-15,440.1533203125,116899300,0.015624896574578218,280.845,0.78,0.08
2021-12-16,436.2718811035156,116568600,-0.008818379936856191,280.845,0.8,0.08
2021-12-17,431.628662109375,135511600,-0.010642948113905426,280.845,0.75,0.08
2021-12-20,427.0389709472656,107134800,-0.01063342536077072,280.845,0.78,0.08
2021-12-21,434.6227722167969,69806300,0.017759037899301555,280.845,0.78,0.08
2021-12-22,438.9684143066406,58890200,0.009998652550299525,280.845,0.78,0.08
2021-12-23,441.6996765136719,56439700,0.006222001670314503,280.845,0.79,0.08
2021-12-27,447.95068359375,56808600,0.014152165854902199,280.845,0.72,0.08
2021-12-28,447.5846252441406,47274600,-0.0008171844870792366,280.845,0.75,0.08
2021-12-29,448.15716552734375,54503000,0.0012791777262026738,280.845,0.8,0.08
2021-12-30,446.9183044433594,55329000,-0.0027643451433529975,280.845,0.79,0.08
2021-12-31,445.7919616699219,65237400,-0.002520243100895936,280.845,0.79,0.08
2022-01-03,448.37310791015625,72668200,0.005790024186540954,280.845,0.85,0.08
2022-01-04,448.2228698730469,71178700,-0.0003350737019212069,280.845,0.89,0.08
2022-01-05,439.6159973144531,104538900,-0.019202216435389663,280.845,0.88,0.08
2022-01-06,439.2030334472656,86858900,-0.0009393740667087425,280.845,0.85,0.08
2022-01-07,437.46673583984375,85111600,-0.00395329147386303,280.845,0.89,0.08
2022-01-10,436.92230224609375,119362000,-0.0012445142662214081,280.845,0.86,0.08
2022-01-11,440.9018859863281,74303100,0.009108218371496335,280.845,0.85,0.08
2022-01-12,442.09393310546875,67605400,0.0027036562034066236,280.845,0.82,0.08
2022-01-13,436.0024719238281,91173100,-0.013778658166266666,280.845,0.79,0.08
2022-01-14,436.1807556152344,95890900,0.00040890523078829233,280.845,0.79,0.08
2022-01-18,428.4561767578125,109709100,-0.01770958199778061,280.845,0.81,0.08
2022-01-19,424.00726318359375,109357600,-0.010383590704384993,280.845,0.79,0.08
2022-01-20,419.3143615722656,122379700,-0.01106797458159603,280.845,0.75,0.08
2022-01-21,411.0829772949219,202271200,-0.019630580375256557,280.845,0.74,0.08
2022-01-24,412.8287048339844,251783900,0.004246654898118152,280.845,0.76,0.08
2022-01-25,407.78851318359375,167997300,-0.012208917624605298,280.845,0.76,0.08
2022-01-26,406.7655029296875,186391100,-0.0025086784468734136,280.845,0.72,0.08
2022-01-27,404.75689697265625,149878300,-0.00493799484608326,280.845,0.63,0.08
2022-01-28,414.8092041015625,164457400,0.02483541899864239,280.845,0.63,0.08
2022-01-31,422.2802734375,152251400,0.018010857189437512,280.845,0.61,0.08
2022-02-01,425.13360595703125,123155400,0.006756963796352933,284.5,0.63,0.08
2022-02-02,429.2633972167969,117361000,0.009714102112602818,284.5,0.62,0.08
2022-02-03,419.1736145019531,118024400,-0.023504875515272472,284.5,0.63,0.08
2022-02-04,421.1446533203125,118454400,0.004702201546491258,284.5,0.62,0.08
2022-02-07,419.7930908203125,84472900,-0.0032092595485760933,284.5,0.62,0.08
2022-02-08,423.2470703125,81012000,0.008227814053437976,284.5,0.61,0.08
2022-02-09,429.44183349609375,92589900,0.014636281307322196,284.5,0.58,0.08
2022-02-10,421.7265625,140103700,-0.017965811419170752,284.5,0.42,0.08
2022-02-11,413.4106750488281,153214600,-0.0197186712685945,284.5,0.42,0.08
2022-02-14,412.05902099609375,123006300,-0.003269518989984288,284.5,0.4,0.08
2022-02-15,418.7043151855469,88482700,0.016127044551504044,284.5,0.47,0.08
2022-02-16,419.1736145019531,84863600,0.001120837066602265,284.5,0.51,0.08
2022-02-17,410.21942138671875,102259100,-0.021361538048794926,284.5,0.48,0.08
2022-02-18,407.56317138671875,132642900,-0.006475193180812133,284.5,0.45,0.08
2022-02-22,403.1894226074219,124391800,-0.010731462228089295,284.5,0.38,0.08
2022-02-23,396.037353515625,132578000,-0.01773873194773945,284.5,0.41,0.08
2022-02-24,401.99737548828125,213942900,0.015049140995790244,284.5,0.42,0.08
2022-02-25,410.8670959472656,121804500,0.022064125289899872,284.5,0.42,0.08
2022-02-28,409.81585693359375,145615000,-0.002558586521143047,284.5,0.39,0.08
2022-03-01,403.5741882324219,137785900,-0.015230422629018192,287.674,0.41,0.2
2022-03-02,410.9984436035156,117726500,0.018396259194896958,287.674,0.36,0.2
2022-03-03,408.95233154296875,105501700,-0.004978393695623695,287.674,0.33,0.2
2022-03-04,405.6297607421875,113978200,-0.008124591901078726,287.674,0.24,0.2
2022-03-07,393.67205810546875,137896600,-0.029479352340517462,287.674,0.23,0.2
2022-03-08,390.6874084472656,164772700,-0.007581563376803158,287.674,0.23,0.2
2022-03-09,401.1620788574219,116990800,0.026810872794151175,287.674,0.26,0.2
2022-03-10,399.3506164550781,93972700,-0.004515537479273024,287.674,0.26,0.2
2022-03-11,394.2728576660156,95636300,-0.01271503931591822,287.674,0.25,0.2
2022-03-14,391.391357421875,95729200,-0.007308391100514289,287.674,0.27,0.2
2022-03-15,399.9981689453125,106219100,0.021990295289429085,287.674,0.3,0.2
2022-03-16,408.86785888671875,144954800,0.02217432635952621,287.674,0.24,0.2
2022-03-17,413.9831848144531,102676900,0.012510951439574036,287.674,0.26,0.2
2022-03-18,418.5174560546875,106345500,0.010952790853731464,287.674,0.17,0.2
2022-03-21,418.39508056640625,88349800,-0.000292402351469101,287.674,0.18,0.2
2022-03-22,423.2908630371094,74650400,0.011701338514964021,287.674,0.2,0.2
2022-03-23,417.8395690917969,79426100,-0.01287836431478695,287.674,0.19,0.2
2022-03-24,424.1382141113281,64736900,0.015074314367166775,287.674,0.21,0.2
2022-03-25,426.20953369140625,77101300,0.004883595750545755,287.674,0.18,0.2
2022-03-28,429.2412109375,68529800,0.00711311457497521,287.674,0.11,0.2
2022-03-29,434.5512390136719,86581500,0.012370732215050584,287.674,0.06,0.2
2022-03-30,431.8680114746094,79666900,-0.006174709213009666,287.674,0.04,0.2
2022-03-31,425.2209777832031,121699900,-0.015391354568517368,287.674,0.04,0.2
2022-04-01,426.4260559082031,89048800,0.0028340044070318537,288.561,-0.05,0.33
2022-04-04,430.0791320800781,59601000,0.008566728325488215,288.561,-0.01,0.33
2022-04-05,424.64666748046875,74214500,-0.012631314087096612,288.561,0.03,0.33
2022-04-06,420.40045166015625,106898000,-0.00999940926301468,288.561,0.11,0.33
2022-04-07,422.5188293457031,78097200,0.0050389519734848065,288.561,0.19,0.33
2022-04-08,421.3890075683594,79272700,-0.002674015212750014,288.561,0.19,0.33
2022-04-11,414.1866149902344,89770500,-0.017092027672213517,288.561,0.29,0.33
2022-04-12,412.6518859863281,84363600,-0.003705404637333376,288.561,0.33,0.33
2022-04-13,417.37823486328125,74070400,0.01145359814764002,288.561,0.33,0.33
2022-04-14,412.18115234375,97869500,-0.01245173342887329,288.561,0.36,0.33
2022-04-18,412.3505859375,66002500,0.00041106584516681366,288.561,0.39,0.33
2022-04-19,419.0070495605469,77821000,0.016142728663554706,288.561,0.32,0.33
2022-04-20,418.6963806152344,65224400,-0.0007414408555616037,288.561,0.25,0.33
2022-04-21,412.435302734375,85417300,-0.01495374254647086,288.561,0.22,0.33
2022-04-22,401.1184387207031,132471800,-0.027439125454690738,288.561,0.18,0.33
2022-04-25,403.4439697265625,119647700,0.005797616816809237,288.561,0.18,0.33
2022-04-26,391.7598876953125,103996300,-0.028960854314340034,288.561,0.23,0.33
2022-04-27,392.8614196777344,122030000,0.0028117528542854764,288.561,0.24,0.33
2022-04-28,402.7849426269531,105449100,0.0252596016105604,288.561,0.22,0.33
2022-04-29,387.8996887207031,145491100,-0.03695583506465949,288.561,0.19,0.33
2022-05-02,390.2347106933594,158312500,0.0060196541542922866,288.561,0.26,0.33
2022-05-03,392.0235290527344,100028200,0.004583955015679431,288.561,0.19,0.33
2022-05-04,403.96185302734375,144247900,0.030453080210406158,288.561,0.27,0.33
2022-05-05,389.6038818359375,172929100,-0.03554288872527367,288.561,0.34,0.33
2022-05-06,387.2783203125,151770800,-0.005969040946098181,288.561,0.4,0.33
2022-05-09,374.8786926269531,155586100,-0.032017355568836,288.561,0.44,0.33
2022-05-10,375.7449035644531,132497200,0.0023106432948483135,288.561,0.37,0.33
2022-05-11,369.7757568359375,142361000,-0.015886168173912973,288.561,0.25,0.33
2022-05-12,369.3897705078125,125090800,-0.0010438389239677548,288.561,0.28,0.33
2022-05-13,378.2210998535156,104174400,0.023907888227555407,288.561,0.32,0.33
2022-05-16,376.6864013671875,78622400,-0.004057675489078982,288.561,0.3,0.33
2022-05-17,384.4349670410156,83029700,0.02057033555154808,288.561,0.27,0.33
2022-05-18,368.9378356933594,117674500,-0.040311451028862466,288.561,0.21,0.33
2022-05-19,366.6782531738281,98510700,-0.0061245616494841615,288.561,0.21,0.33
2022-05-20,366.8382568359375,131432200,0.00043635983515377674,288.561,0.18,0.33
2022-05-23,373.7018127441406,76414900,0.01871003304672425,288.561,0.21,0.33
2022-05-24,370.84906005859375,91448800,-0.007633767319988993,288.561,0.26,0.33
2022-05-25,374.12554931640625,91472900,0.008835101961145009,288.561,0.27,0.33
2022-05-26,381.6011047363281,82168300,0.019981408469913475,288.561,0.29,0.33
2022-05-27,390.96905517578125,84768700,0.024549065301910034,288.561,0.27,0.33
2022-05-31,388.7752990722656,95937000,-0.005611073496671781,288.561,0.32,0.33
2022-06-01,385.6307373046875,86585800,-0.008088378492877468,294.957,0.28,1.21
2022-06-02,392.9744567871094,79609600,0.01904339766521157,294.957,0.27,1.21
2022-06-03,386.525146484375,71874300,-0.0164115254601096,294.957,0.3,1.21
2022-06-06,387.7020263671875,57508900,0.0030447692563260187,294.957,0.31,1.21
2022-06-07,391.42095947265625,59272400,0.009592245726223192,294.957,0.23,1.21
2022-06-08,387.1653747558594,64350000,-0.010872143184489258,294.957,0.25,1.21
2022-06-09,377.9574279785156,86289800,-0.023782981066295394,294.957,0.21,1.21
2022-06-10,366.9983215332031,132893900,-0.028995610706546215,294.957,0.09,1.21
2022-06-13,353.0641174316406,170004900,-0.0379680322333622,294.957,0.03,1.21
2022-06-14,352.00018310546875,104011800,-0.0030134309142244575,294.957,0.04,1.21
2022-06-15,357.0184020996094,125666800,0.014256296544701064,294.957,0.13,1.21
2022-06-16,345.2025146484375,134473300,-0.0330960179690547,294.957,0.14,1.21
2022-06-17,345.9466552734375,111113900,0.0021556639752693396,294.957,0.08,1.21
2022-06-21,354.6554260253906,76811900,0.02517373883863594,294.957,0.1,1.21
2022-06-22,354.01239013671875,90059400,-0.0018131285791348484,294.957,0.1,1.21
2022-06-23,357.4826354980469,79292100,0.00980260990296955,294.957,0.08,1.21
2022-06-24,368.84844970703125,98050300,0.03179403159862426,294.957,0.09,1.21
2022-06-27,367.43951416015625,66009600,-0.0038198223362307937,294.957,0.12,1.21
2022-06-28,359.9316711425781,86548900,-0.020432867800673327,294.957,0.1,1.21
2022-06-29,359.6385192871094,65676000,-0.0008144652970886179,294.957,0.04,1.21
2022-06-30,356.7167663574219,112508300,-0.008124137913477991,294.957,0.06,1.21
2022-07-01,360.4895935058594,74839700,0.010576534394397319,294.913,0.04,1.68
2022-07-05,361.1703186035156,81438000,0.001888334947580672,294.913,0.0,1.68
2022-07-06,362.39019775390625,70426200,0.0033775730937894988,294.913,-0.04,1.68
2022-07-07,367.8177490234375,64525900,0.014977091828562772,294.913,-0.02,1.68
2022-07-08,367.51519775390625,72397800,-0.0008225575582867517,294.913,-0.03,1.68
2022-07-11,363.3168640136719,58366900,-0.0114235649733474,294.913,-0.08,1.68
2022-07-12,360.10186767578125,62219200,-0.008849014885721429,294.913,-0.07,1.68
2022-07-13,358.21075439453125,84224600,-0.005251606423082089,294.913,-0.22,1.68
2022-07-14,357.3407897949219,89704800,-0.002428638975621622,294.913,-0.19,1.68
2022-07-15,364.1678771972656,79060400,0.019105256375186785,294.913,-0.2,1.68
2022-07-18,361.1609191894531,63203600,-0.008257065480225423,294.913,-0.19,1.68
2022-07-19,370.9192199707031,78506000,0.02701926001060806,294.913,-0.22,1.68
2022-07-20,373.2831726074219,71843800,0.006373227671797377,294.913,-0.21,1.68
2022-07-21,377.0843811035156,64903900,0.010183176674003036,294.913,-0.19,1.68
2022-07-22,373.585693359375,72197300,-0.009278262159524875,294.913,-0.21,1.68
2022-07-25,374.0395812988281,53631500,0.0012149500034963623,294.913,-0.19,1.68
2022-07-26,369.6143798828125,52946400,-0.011830837262327698,294.913,-0.21,1.68
2022-07-27,379.21197509765625,82342100,0.025966509251849734,294.913,-0.18,1.68
2022-07-28,383.96807861328125,73966600,0.012542070999736143,294.913,-0.17,1.68
2022-07-29,389.5658874511719,87003700,0.014578839100654939,294.913,-0.22,1.68
2022-08-01,388.412353515625,69997500,-0.002961075321800233,295.097,-0.3,2.33
2022-08-02,385.8498229980469,63435400,-0.006597448547616902,295.097,-0.31,2.33
2022-08-03,391.89202880859375,67820600,0.015659475397964417,295.097,-0.37,2.33
2022-08-04,391.62725830078125,45656600,-0.000675621059753162,295.097,-0.35,2.33
2022-08-05,390.96533203125,56814900,-0.0016901945804366214,295.097,-0.41,2.33
2022-08-08,390.511474609375,53886100,-0.0011608635975906,295.097,-0.44,2.33
2022-08-09,388.9607238769531,44931800,-0.003971075968953519,295.097,-0.48,2.33
2022-08-10,397.1304626464844,68665700,0.021004019861182055,295.097,-0.45,2.33
2022-08-11,397.1304626464844,59489700,0.0,295.097,-0.36,2.33
2022-08-12,403.8534851074219,61694500,0.01692900216250126,295.097,-0.41,2.33
2022-08-15,405.5177001953125,54048300,0.004120838742911914,295.097,-0.41,2.33
2022-08-16,406.3119201660156,59289000,0.00195853342608876,295.097,-0.43,2.33
2022-08-17,403.427978515625,63563400,-0.007097851446770886,295.097,-0.39,2.33
2022-08-18,404.6004943847656,49023200,0.0029063821340671314,295.097,-0.34,2.33
2022-08-19,399.1634521484375,68016900,-0.013438051390905148,295.097,-0.27,2.33
2022-08-22,390.8518981933594,77695600,-0.020822432290186987,295.097,-0.29,2.33
2022-08-23,389.90631103515625,49105200,-0.0024192978531610843,295.097,-0.24,2.33
2022-08-24,391.1544189453125,49177800,0.003201045673876468,295.097,-0.25,2.33
2022-08-25,396.67657470703125,50942300,0.014117585010565259,295.097,-0.32,2.33
2022-08-26,383.24951171875,103087000,-0.03384889313970185,295.097,-0.33,2.33
2022-08-29,380.71539306640625,65370800,-0.006612190165563581,295.097,-0.3,2.33
2022-08-30,376.5359191894531,85652400,-0.010977948233955703,295.097,-0.35,2.33
2022-08-31,373.6708984375,76029700,-0.007608890960842385,295.097,-0.3,2.33
2022-09-01,374.8434143066406,78740100,0.00313783030480419,296.349,-0.25,2.56
2022-09-02,370.8908386230469,99632100,-0.010544604847613326,296.349,-0.2,2.56
2022-09-06,369.49139404296875,76637400,-0.0037731980257955655,296.349,-0.17,2.56
2022-09-07,376.12933349609375,70964200,0.017965071880275074,296.349,-0.18,2.56
2022-09-08,378.58782958984375,80821700,0.006536305134456022,296.349,-0.19,2.56
2022-09-09,384.4692687988281,76706900,0.015535204117248735,296.349,-0.23,2.56
2022-09-12,388.6014709472656,69256300,0.01074780869052927,296.349,-0.21,2.56
2022-09-13,371.7040710449219,122947100,-0.04348259377699781,296.349,-0.33,2.56
2022-09-14,373.1224670410156,85023700,0.0038159280637051207,296.349,-0.37,2.56
2022-09-15,368.8861999511719,87633800,-0.0113535567113896,296.349,-0.42,2.56
2022-09-16,366.07208251953125,103084800,-0.007628687199502493,296.349,-0.4,2.56
2022-09-19,368.910888671875,73278500,0.007754773685022309,296.349,-0.46,2.56
2022-09-20,364.6764221191406,77274900,-0.011478291052831158,296.349,-0.39,2.56
2022-09-21,358.3150329589844,106746600,-0.017443927751594424,296.349,-0.51,2.56
2022-09-22,355.30523681640625,89472600,-0.008399860083243116,296.349,-0.41,2.56
2022-09-23,349.3521728515625,122346900,-0.016754788131422393,296.349,-0.51,2.56
2022-09-26,345.8961486816406,92581200,-0.009892665449057647,296.349,-0.39,2.56
2022-09-27,345.01312255859375,108294100,-0.0025528648596189196,296.349,-0.33,2.56
2022-09-28,351.8017578125,110802200,0.019676455212956023,296.349,-0.35,2.56
2022-09-29,344.45294189453125,112952300,-0.020889082430012862,296.349,-0.4,2.56
2022-09-30,339.1264953613281,153711200,-0.015463495547191619,296.349,-0.39,2.56
2022-10-03,348.0798645019531,89756500,0.026401266969970916,296.349,-0.45,2.56
2022-10-04,358.8656921386719,103602800,0.03098664627484715,296.349,-0.48,2.56
2022-10-05,358.03021240234375,88065700,-0.0023281125909502265,296.349,-0.39,2.56
2022-10-06,354.33685302734375,82333500,-0.010315775728025778,296.349,-0.4,2.56
2022-10-07,344.45294189453125,107789500,-0.027894109936258182,296.349,-0.41,2.56
2022-10-10,341.8229675292969,76042800,-0.007635221086425337,296.349,-0.41,2.56
2022-10-11,339.658203125,92482800,-0.006332998686261027,296.349,-0.37,2.56
2022-10-12,338.537841796875,76991800,-0.0032984963054540906,296.349,-0.37,2.56
2022-10-13,347.47216796875,147254500,0.026390923166679903,296.349,-0.5,2.56
2022-10-14,339.55377197265625,123737000,-0.022788576254561765,296.349,-0.48,2.56
2022-10-17,348.2793273925781,93168200,0.02569712410859193,296.349,-0.43,2.56
2022-10-18,352.37139892578125,97162900,0.01174939541728981,296.349,-0.42,2.56
2022-10-19,349.8743591308594,79746900,-0.007086386132740041,296.349,-0.41,2.56
2022-10-20,346.9405212402344,88283100,-0.008385404114531592,296.349,-0.38,2.56
2022-10-21,355.3717346191406,131038400,0.024301610399288576,296.349,-0.28,2.56
2022-10-24,359.72021484375,85436900,0.012236426820128932,296.349,-0.25,2.56
2022-10-25,365.46435546875,78846300,0.01596835648364947,296.349,-0.32,2.56
2022-10-26,362.7110290527344,104087300,-0.007533775523700936,296.349,-0.35,2.56
2022-10-27,360.7741394042969,81971800,-0.005340035161036982,296.349,-0.34,2.56
2022-10-28,369.357177734375,100302000,0.023790614106239172,296.349,-0.39,2.56
2022-10-31,366.6892395019531,96631300,-0.007223193140003192,296.349,-0.41,2.56
2022-11-01,365.0845947265625,85407600,-0.0043760345342287454,298.786,-0.47,3.78
2022-11-02,355.92236328125,126990400,-0.025096187507376855,298.786,-0.51,3.78
2022-11-03,352.25750732421875,87100100,-0.010296784734864395,298.786,-0.57,3.78
2022-11-04,357.32757568359375,103505200,0.014393073969914072,298.786,-0.49,3.78
2022-11-07,360.7456970214844,68286900,0.009565792204398127,298.786,-0.5,3.78
2022-11-08,362.6919860839844,84641100,0.005395183029401673,298.786,-0.53,3.78
2022-11-09,355.2197265625,78495500,-0.020602218433781738,298.786,-0.49,3.78
2022-11-10,374.7406005859375,141455800,0.0549543636338643,298.786,-0.52,3.78
2022-11-11,378.3675231933594,93839900,0.00967848853780695,298.786,-0.52,3.78
2022-11-14,375.1488952636719,71903500,-0.008506617858009657,298.786,-0.52,3.78
2022-11-15,378.3485412597656,93194500,0.008529002847909029,298.786,-0.57,3.78
2022-11-16,375.462158203125,68508500,-0.0076288996569935374,298.786,-0.68,3.78
2022-11-17,374.3133239746094,74496300,-0.003059786994283775,298.786,-0.66,3.78
2022-11-18,376.01287841796875,92922500,0.004540459381228601,298.786,-0.69,3.78
2022-11-21,374.6456298828125,51243200,-0.003636174752601029,298.786,-0.65,3.78
2022-11-22,379.687255859375,60429000,0.013457052677057879,298.786,-0.71,3.78
2022-11-23,382.0799560546875,68261600,0.006301765883337085,298.786,-0.75,3.78
2022-11-25,381.99444580078125,30545400,-0.0002238019884351905,298.786,-0.74,3.78
2022-11-28,375.8988952636719,67881600,-0.015957170592706293,298.786,-0.77,3.78
2022-11-29,375.2533264160156,52310000,-0.0017174002259395804,298.786,-0.73,3.78
2022-11-30,387.0740966796875,144566700,0.031500774094583406,298.786,-0.7,3.78
2022-12-01,386.7891845703125,76398200,-0.0007360660706023925,298.832,-0.72,4.1
2022-12-02,386.34295654296875,85342700,-0.001153672452965493,298.832,-0.77,4.1
2022-12-05,379.3929138183594,77289800,-0.017989308739569054,298.832,-0.81,4.1
2022-12-06,373.9240417480469,77972200,-0.014414797617782638,298.832,-0.83,4.1
2022-12-07,373.28790283203125,65927900,-0.0017012517115555514,298.832,-0.84,4.1
2022-12-08,376.2122802734375,60737900,0.007834107184347072,298.832,-0.83,4.1
2022-12-09,373.40185546875,81447700,-0.007470316499623153,298.832,-0.76,4.1
2022-12-12,378.7853088378906,75405800,0.014417318206366492,298.832,-0.78,4.1
2022-12-13,381.652587890625,123782500,0.007569668056903067,298.832,-0.71,4.1
2022-12-14,379.2125244140625,108111300,-0.006393415252464618,298.832,-0.74,4.1
2022-12-15,369.93634033203125,117705900,-0.024461702831055643,298.832,-0.79,4.1
2022-12-16,365.5688171386719,119858000,-0.01180614802384472,298.832,-0.69,4.1
2022-12-19,362.46893310546875,79878100,-0.008479618304061298,298.832,-0.68,4.1
2022-12-20,362.96490478515625,74427200,0.001368315004097731,298.832,-0.56,4.1
2022-12-21,368.39208984375,78167400,0.014952368636869107,298.832,-0.53,4.1
2022-12-22,363.1365661621094,100120900,-0.0142661143562276,298.832,-0.57,4.1
2022-12-23,365.22540283203125,59857300,0.005752206923137049,298.832,-0.56,4.1
2022-12-27,363.78521728515625,51638200,-0.0039432786868259795,298.832,-0.48,4.1
2022-12-28,359.26409912109375,70911500,-0.01242798758509911,298.832,-0.43,4.1
2022-12-29,365.7309875488281,66970900,0.0180003747759796,298.832,-0.51,4.1
2022-12-30,364.76763916015625,84022200,-0.0026340354563018087,298.832,-0.53,4.1
2023-01-03,363.2319641113281,74850700,-0.0042100090138584845,298.832,-0.61,4.1
2023-01-04,366.0362243652344,85934100,0.007720301435384602,298.832,-0.67,4.1
2023-01-05,361.8585205078125,76970500,-0.01141336179135466,298.832,-0.74,4.1
2023-01-06,370.15667724609375,104189600,0.02293204738314869,298.832,-0.69,4.1
2023-01-09,369.9468078613281,73978100,-0.0005669744669393184,298.832,-0.66,4.1
2023-01-10,372.5411682128906,65358100,0.007012792910852772,298.832,-0.63,4.1
2023-01-11,377.2530212402344,68881100,0.012647872045784547,298.832,-0.66,4.1
2023-01-12,378.6265563964844,90157700,0.003640885768745994,298.832,-0.69,4.1
2023-01-13,380.0954284667969,63903900,0.0038794744993384533,298.832,-0.73,4.1
2023-01-17,379.399169921875,62677300,-0.0018317993134787658,298.832,-0.65,4.1
2023-01-18,373.4091491699219,99632300,-0.01578817569154556,298.832,-0.69,4.1
2023-01-19,370.6908874511719,86958900,-0.007279579851732665,298.832,-0.7,4.1
2023-01-20,377.596435546875,91806400,0.018628858516552382,298.832,-0.66,4.1
2023-01-23,382.1270751953125,84178800,0.01199862928228046,298.832,-0.69,4.1
2023-01-24,381.7169189453125,59524900,-0.0010733504025862706,298.832,-0.66,4.1
2023-01-25,381.8600158691406,84800300,0.00037487707965233596,298.832,-0.65,4.1
2023-01-26,386.05682373046875,72287400,0.01099043546566647,298.832,-0.68,4.1
2023-01-27,386.9438171386719,68346200,0.0022975721543583294,298.832,-0.67,4.1
2023-01-30,382.0888977050781,74202000,-0.012546832947207598,298.832,-0.7,4.1
2023-01-31,387.7069396972656,86811800,0.01470349446406538,298.832,-0.69,4.1
2023-02-01,391.8274230957031,101459200,0.010627829880101913,301.45,-0.7,4.57
2023-02-02,397.53118896484375,101654500,0.014556831740047738,301.45,-0.69,4.57
2023-02-03,393.3057556152344,94736800,-0.010629187009482788,301.45,-0.77,4.57
2023-02-06,390.9021911621094,60295300,-0.0061111855568073414,301.45,-0.81,4.57
2023-02-07,396.0146484375,90990700,0.013078609920788242,301.45,-0.8,4.57
2023-02-08,391.6842956542969,76227500,-0.010934829810687052,301.45,-0.82,4.57
2023-02-09,388.2886657714844,78694900,-0.008669303110915405,301.45,-0.81,4.57
2023-02-10,389.1948547363281,70769700,0.0023338022577694684,301.45,-0.76,4.57
2023-02-13,393.7635192871094,64913500,0.011738758863799603,301.45,-0.8,4.57
2023-02-14,393.5823974609375,88389300,-0.0004599761463423002,301.45,-0.83,4.57
2023-02-15,394.86053466796875,61555700,0.0032474450465180826,301.45,-0.81,4.57
2023-02-16,389.4237976074219,76431500,-0.013768752719535593,301.45,-0.76,4.57
2023-02-17,388.45086669921875,89257800,-0.0024983858566957062,301.45,-0.78,4.57
2023-02-21,380.6581726074219,82655900,-0.020060951744074296,301.45,-0.72,4.57
2023-02-22,380.13360595703125,83742300,-0.0013780517223561661,301.45,-0.73,4.57
2023-02-23,382.1556701660156,96242400,0.005319351347254919,301.45,-0.78,4.57
2023-02-24,378.0733947753906,108194400,-0.010682231638357131,301.45,-0.83,4.57
2023-02-27,379.36102294921875,80444700,0.0034057624567660483,301.45,-0.86,4.57
2023-02-28,377.9588928222656,96438600,-0.0036960310683810116,301.45,-0.89,4.57
2023-03-01,376.5091247558594,99706800,-0.0038357823931080004,301.821,-0.88,4.65
2023-03-02,379.4372863769531,85127800,0.0077771332181988395,301.821,-0.81,4.65
2023-03-03,385.52264404296875,90120000,0.01603784837310407,301.821,-0.89,4.65
2023-03-06,385.7897033691406,72795900,0.0006927202080044825,301.821,-0.91,4.65
2023-03-07,379.8761291503906,108310600,-0.015328491577421999,301.821,-1.03,4.65
2023-03-08,380.4960632324219,74746600,0.001631937451341825,301.821,-1.07,4.65
2023-03-09,373.4759521484375,111945300,-0.018449891503072413,301.821,-0.97,4.65
2023-03-10,368.0869140625,189253000,-0.014429411197526387,301.821,-0.9,4.65
2023-03-13,367.562255859375,157790000,-0.0014253649969091509,301.821,-0.48,4.65
2023-03-14,373.6381530761719,149752400,0.016530253365082848,301.821,-0.56,4.65
2023-03-15,371.3012390136719,172996900,-0.006254484568184782,301.821,-0.42,4.65
2023-03-16,377.8158264160156,143254200,0.01754528861699778,301.821,-0.58,4.65
2023-03-17,373.39813232421875,140553400,-0.011692718470010632,301.821,-0.42,4.65
2023-03-20,376.9885559082031,93055800,0.009615537072014124,301.821,-0.45,4.65
2023-03-21,381.93865966796875,91524200,0.013130647289386177,301.821,-0.58,4.65
2023-03-22,375.42791748046875,111746600,-0.017046564998578595,301.821,-0.48,4.65
2023-03-23,376.4427795410156,119351300,0.0027032141545511035,301.821,-0.38,4.65
2023-03-24,378.9131164550781,107682400,0.006562317165637932,301.821,-0.38,4.65
2023-03-27,379.6216125488281,74010400,0.0018698114765156593,301.821,-0.41,4.65
2023-03-28,378.7694396972656,62871700,-0.00224479540519551,301.821,-0.47,4.65
2023-03-29,384.2748718261719,77497900,0.014535048374827886,301.821,-0.51,4.65
2023-03-30,386.5248718261719,69840000,0.005855183788904705,301.821,-0.55,4.65
2023-03-31,391.9727783203125,112062600,0.014094581982270649,301.821,-0.58,4.65
2023-04-03,393.4664001464844,67391100,0.003810524375116975,301.821,-0.54,4.65
2023-04-04,391.28338623046875,66601500,-0.005548158407434278,301.821,-0.49,4.65
2023-04-05,390.2589111328125,65200200,-0.002618243282767052,301.821,-0.49,4.65
2023-04-06,391.7812805175781,63743300,0.0039009215198868574,301.821,-0.52,4.65
2023-04-10,392.18341064453125,63681000,0.0010264148568350784,301.821,-0.59,4.65
2023-04-11,392.2886962890625,59297900,0.00026846021956461463,301.821,-0.6,4.65
2023-04-12,390.68975830078125,86420400,-0.0040759216449689495,301.821,-0.54,4.65
2023-04-13,395.8791809082031,85814800,0.013282719849100122,301.821,-0.51,4.65
2023-04-14,394.912109375,78161500,-0.0024428451402382922,301.821,-0.56,4.65
2023-04-17,396.3292236328125,66436400,0.003588429486386824,301.821,-0.58,4.65
2023-04-18,396.58770751953125,63560000,0.0006521948705913161,301.821,-0.61,4.65
2023-04-19,396.52069091796875,55227300,-0.00016898305290813376,301.821,-0.64,4.65
2023-04-20,394.3568420410156,75840400,-0.0054570894445474805,301.821,-0.6,4.65
2023-04-21,394.6631774902344,73457400,0.0007767976019721345,301.821,-0.6,4.65
2023-04-24,395.074951171875,64332100,0.0010433547012396183,301.821,-0.6,4.65
2023-04-25,388.8035583496094,97766700,-0.015873931778421668,301.821,-0.46,4.65
2023-04-26,387.1567077636719,80447000,-0.004235688050099218,301.821,-0.47,4.65
2023-04-27,394.8642578125,92968400,0.019908088622173636,301.821,-0.54,4.65
2023-04-28,398.23455810546875,89433100,0.00853533898367953,301.821,-0.6,4.65
2023-05-01,397.8323669433594,62122300,-0.0010099353607651018,303.334,-0.55,5.06
2023-05-02,393.36102294921875,103998500,-0.011239266499342482,303.334,-0.53,5.06
2023-05-03,390.66107177734375,91531800,-0.006863799447215602,303.334,-0.51,5.06
2023-05-04,387.8940124511719,94901900,-0.007083017802574809,303.334,-0.38,5.06
2023-05-05,395.074951171875,87891800,0.018512631002797653,303.334,-0.48,5.06
2023-05-08,395.18023681640625,50046800,0.0002664953680788784,303.334,-0.48,5.06
2023-05-09,393.44720458984375,49220100,-0.004385422308878395,303.334,-0.48,5.06
2023-05-10,395.2855529785156,96142900,0.004672414410945569,303.334,-0.47,5.06
2023-05-11,394.5962219238281,70157100,-0.0017438812258462333,303.334,-0.5,5.06
2023-05-12,394.07916259765625,70481500,-0.0013103504226447127,303.334,-0.52,5.06
2023-05-15,395.4388122558594,54289400,0.0034501942433107224,303.334,-0.49,5.06
2023-05-16,392.79620361328125,57705500,-0.006682724509268212,303.334,-0.52,5.06
2023-05-17,397.5643005371094,87287000,0.01213885694405148,303.334,-0.55,5.06
2023-05-18,401.39410400390625,97177200,0.009633167418761746,303.334,-0.59,5.06
2023-05-19,400.81011962890625,103793300,-0.0014548902666351449,303.334,-0.58,5.06
2023-05-22,400.972900390625,60745400,0.00040612937085882095,303.334,-0.57,5.06
2023-05-23,396.4727783203125,86383500,-0.01122300800360454,303.334,-0.56,5.06
2023-05-24,393.6004333496094,89213700,-0.007244746998449791,303.334,-0.58,5.06
2023-05-25,397.0090026855469,90961600,0.008659973534403731,303.334,-0.67,5.06
2023-05-26,402.1505126953125,93830000,0.012950613147274082,303.334,-0.74,5.06
2023-05-30,402.3037109375,72216000,0.0003809475242508853,303.334,-0.77,5.06
2023-05-31,400.0728759765625,110811800,-0.005545151337875809,303.334,-0.76,5.06
2023-06-01,403.8739318847656,88865000,0.009500908800490038,304.014,-0.72,5.08
2023-06-02,409.7144470214844,91426200,0.014461233260247175,304.014,-0.81,5.08
2023-06-05,408.9293212890625,65460200,-0.0019162754404428162,304.014,-0.77,5.08
2023-06-06,409.8197326660156,64022200,0.0021774212085019506,304.014,-0.81,5.08
2023-06-07,408.4027099609375,85373300,-0.0034576731966026175,304.014,-0.77,5.08
2023-06-08,410.8729553222656,61952800,0.006048552815833164,304.014,-0.79,5.08
2023-06-09,411.6102294921875,85742800,0.001794409099872718,304.014,-0.84,5.08
2023-06-12,415.3442077636719,76104300,0.009071636232391711,304.014,-0.82,5.08
2023-06-13,418.0824890136719,95899700,0.006592799896605328,304.014,-0.83,5.08
2023-06-14,418.5804138183594,100612100,0.0011909726376300167,304.014,-0.91,5.08
2023-06-15,423.76983642578125,110303100,0.0123976718358203,304.014,-0.9,5.08
2023-06-16,422.3264465332031,114165800,-0.0034060703913052492,304.014,-0.93,5.08
2023-06-20,420.13531494140625,76160400,-0.005188241488979561,304.014,-0.94,5.08
2023-06-21,417.9826354980469,76982300,-0.005123776475823294,304.014,-0.96,5.08
2023-06-22,419.491455078125,70637200,0.003609766176722262,304.014,-0.97,5.08
2023-06-23,416.320068359375,92074500,-0.007560074657919746,304.014,-0.97,5.08
2023-06-26,414.6191101074219,72823600,-0.004085698435475904,304.014,-0.93,5.08
2023-06-27,419.1647033691406,72813700,0.010963298967433088,304.014,-0.97,5.08
2023-06-28,419.3760986328125,75636000,0.0005043250587961623,304.014,-1.0,5.08
2023-06-29,421.029052734375,67882300,0.003941459961479099,304.014,-1.02,5.08
2023-06-30,425.9974365234375,104964000,0.011800572328192871,304.014,-1.06,5.08
2023-07-03,426.48760986328125,32793400,0.0011506485669117161,304.014,-1.08,5.08
2023-07-05,425.8533020019531,58418400,-0.0014872832097783117,304.014,-0.99,5.08
2023-07-06,422.5186767578125,80658300,-0.007830455296376493,304.014,-0.94,5.08
2023-07-07,421.45184326171875,86134200,-0.0025249380791402265,304.014,-0.88,5.08
2023-07-10,422.5186767578125,62443500,0.0025313295294600024,304.014,-0.84,5.08
2023-07-11,425.2095031738281,64463800,0.006368538396133383,304.014,-0.89,5.08
2023-07-12,428.63067626953125,91924500,0.008045852856455316,304.014,-0.86,5.08
2023-07-13,432.03265380859375,72425200,0.007936850364212544,304.014,-0.83,5.08
2023-07-14,431.7635803222656,69815800,-0.0006228082158977744,304.014,-0.91,5.08
2023-07-17,433.26275634765625,52680200,0.003472215105015719,304.014,-0.93,5.08
2023-07-18,436.4821472167969,80668200,0.007430573761473713,304.014,-0.94,5.08
2023-07-19,437.4527282714844,65891700,0.002223644336604158,304.014,-0.99,5.08
2023-07-20,434.5505065917969,70591600,-0.006634366394638991,304.014,-0.95,5.08
2023-07-21,434.5505065917969,71275600,0.0,304.014,-0.98,5.08
2023-07-24,436.49176025390625,54023400,0.004467268206254538,304.014,-0.95,5.08
2023-07-25,437.68341064453125,55191200,0.0027300638846694536,304.014,-0.94,5.08
2023-07-26,437.75067138671875,71052900,0.00015367441523195247,304.014,-0.96,5.08
2023-07-27,434.848388671875,92194400,-0.006629990322230328,304.014,-0.9,5.08
2023-07-28,439.1057434082031,80011800,0.00979043466006857,304.014,-0.91,5.08
2023-07-31,439.9417419433594,62040400,0.0019038660908132776,304.014,-0.91,5.08
2023-08-01,438.6828308105469,55291500,-0.0028615405468267463,306.082,-0.87,5.33
2023-08-02,432.58038330078125,93933400,-0.013910841913940986,306.082,-0.8,5.33
2023-08-03,431.3406677246094,64276100,-0.002865861754322463,306.082,-0.7,5.33
2023-08-04,429.3898620605469,100128900,-0.004522656475572595,306.082,-0.73,5.33
2023-08-07,433.1377868652344,58357500,0.008728489272434192,306.082,-0.67,5.33
2023-08-08,431.25421142578125,71361300,-0.0043486749403353064,306.082,-0.72,5.33
2023-08-09,428.37115478515625,78789600,-0.006685283445912904,306.082,-0.79,5.33
2023-08-10,428.5249328613281,93005500,0.0003589832659227632,306.082,-0.73,5.33
2023-08-11,428.27508544921875,68690900,-0.0005830405489853918,306.082,-0.73,5.33
2023-08-14,430.63916015625,47867400,0.0055199912097421144,306.082,-0.77,5.33
2023-08-15,425.6226806640625,75707500,-0.01164891620717301,306.082,-0.71,5.33
2023-08-16,422.4994201660156,80107200,-0.00733809695755383,306.082,-0.69,5.33
2023-08-17,419.280029296875,95711300,-0.0076198705027230584,306.082,-0.64,5.33
2023-08-18,419.4818115234375,98852000,0.00048125885437677596,306.082,-0.66,5.33
2023-08-21,422.2110595703125,68719000,0.006506236913975227,306.082,-0.63,5.33
2023-08-22,421.06744384765625,64994200,-0.0027086351641761874,306.082,-0.68,5.33
2023-08-23,425.7572326660156,68441000,0.011137856623406384,306.082,-0.76,5.33
2023-08-24,419.8566589355469,88517300,-0.013859009965656699,306.082,-0.75,5.33
2023-08-25,422.8166198730469,102325100,0.00704993210064675,306.082,-0.78,5.33
2023-08-28,425.49774169921875,61595400,0.006341098481362772,306.082,-0.78,5.33
2023-08-29,431.6483154296875,83081900,0.014455009105116545,306.082,-0.75,5.33
2023-08-30,433.4261474609375,69053900,0.004118704898640191,306.082,-0.78,5.33
2023-08-31,432.7919006347656,66084600,-0.001463333095816588,306.082,-0.76,5.33
2023-09-01,433.59912109375,58944100,0.0018651468703561047,307.276,-0.69,5.33
2023-09-05,431.72515869140625,55166200,-0.004321877769532079,307.276,-0.67,5.33
2023-09-06,428.8228759765625,70758500,-0.006722523940093761,307.276,-0.71,5.33
2023-09-07,427.50634765625,70355400,-0.003070098154895229,307.276,-0.67,5.33
2023-09-08,428.1501770019531,61659700,0.001506011195466117,307.276,-0.72,5.33
2023-09-11,430.9659729003906,60180100,0.006576654757343814,307.276,-0.68,5.33
2023-09-12,428.601806640625,67565400,-0.005485737641547028,307.276,-0.71,5.33
2023-09-13,429.1015319824219,60199300,0.0011659431529551512,307.276,-0.71,5.33
2023-09-14,432.80145263671875,83430800,0.008622482975540802,307.276,-0.71,5.33
2023-09-15,427.5869140625,111848900,-0.012048338891772814,307.276,-0.69,5.33
2023-09-18,427.8376770019531,55752200,0.0005864607433156976,307.276,-0.73,5.33
2023-09-19,426.9504089355469,66514600,-0.002073842754157895,307.276,-0.71,5.33
2023-09-20,423.0252685546875,82562600,-0.009193433941532825,307.276,-0.77,5.33
2023-09-21,416.03338623046875,104095800,-0.016528285291579126,307.276,-0.63,5.33
2023-09-22,415.0979309082031,100829700,-0.0022485102235219045,307.276,-0.66,5.33
2023-09-25,416.843505859375,70874500,0.0042052123636286964,307.276,-0.54,5.33
2023-09-26,410.7195739746094,96168400,-0.014691201370980678,307.276,-0.48,5.33
2023-09-27,410.8834533691406,104705800,0.00039900556222671746,307.276,-0.49,5.33
2023-09-28,413.26556396484375,92258300,0.00579753352482415,307.276,-0.45,5.33
2023-09-29,412.2625732421875,115111300,-0.0024269883825634997,307.276,-0.44,5.33
2023-10-02,412.0986328125,83798600,-0.0003976602299796683,307.276,-0.43,5.33
2023-10-03,406.582275390625,103760600,-0.013386012431603644,307.276,-0.34,5.33
2023-10-04,409.5429382324219,87453000,0.007281829585297217,307.276,-0.32,5.33
2023-10-05,409.3886413574219,70142700,-0.0003767538409181759,307.276,-0.31,5.33
2023-10-06,414.249267578125,113273300,0.011872889791437746,307.276,-0.3,5.33
2023-10-09,416.9013671875,80374400,0.006402182977607307,307.276,-0.3,5.33
2023-10-10,419.0712585449219,78607300,0.005204807487344976,307.276,-0.3,5.33
2023-10-11,420.78790283203125,62451700,0.004096306420702245,307.276,-0.41,5.33
2023-10-12,418.22259521484375,81154200,-0.006096438609385357,307.276,-0.36,5.33
2023-10-13,416.13946533203125,95143100,-0.004980911855664738,307.276,-0.41,5.33
2023-10-16,420.5178527832031,75433200,0.010521442487264387,307.276,-0.38,5.33
2023-10-17,420.4985656738281,75324700,-4.5865138060929844e-05,307.276,-0.36,5.33
2023-10-18,414.89532470703125,93559800,-0.0133252320559476,307.276,-0.28,5.33
2023-10-19,411.24993896484375,121323000,-0.00878627818899047,307.276,-0.16,5.33
2023-10-20,406.1965026855469,123919900,-0.012287992776404688,307.276,-0.14,5.33
2023-10-23,405.492431640625,92035100,-0.001733326211001196,307.276,-0.19,5.33
2023-10-24,408.5496826171875,78564200,0.007539600589320017,307.276,-0.19,5.33
2023-10-25,402.6860656738281,94223200,-0.014352273891872325,307.276,-0.13,5.33
2023-10-26,397.864013671875,115156800,-0.01197471780873327,307.276,-0.16,5.33
2023-10-27,396.0606384277344,107367700,-0.004532642265123066,307.276,-0.15,5.33
2023-10-30,400.79583740234375,86562700,0.01195574241713837,307.276,-0.15,5.33
2023-10-31,403.3129577636719,79665200,0.006280305647988316,307.276,-0.19,5.33
2023-11-01,407.6141662597656,98068100,0.010664692054387581,308.148,-0.18,5.33
2023-11-02,415.42584228515625,94938900,0.019164387972748553,308.148,-0.31,5.33
2023-11-03,419.21588134765625,100167800,0.009123262630104767,308.148,-0.26,5.33
2023-11-06,420.18035888671875,67831700,0.0023006703275696427,308.148,-0.26,5.33
2023-11-07,421.3761901855469,64256100,0.002845995234038279,308.148,-0.33,5.33
2023-11-08,421.6848449707031,61746000,0.0007324922298537206,308.148,-0.44,5.33
2023-11-09,418.39617919921875,83174400,-0.007798871149170328,308.148,-0.41,5.33
2023-11-10,424.9251708984375,89462200,0.015604807175139124,308.148,-0.43,5.33
2023-11-13,424.5201416015625,52236100,-0.0009531779348788127,308.148,-0.39,5.33
2023-11-14,432.7561340332031,97176900,0.019400710648425745,308.148,-0.36,5.33
2023-11-15,433.6722717285156,77327600,0.0021169837311705297,308.148,-0.37,5.33
2023-11-16,434.20269775390625,66665800,0.0012231033892862175,308.148,-0.38,5.33
2023-11-17,434.7428283691406,83133200,0.0012439596023434696,308.148,-0.44,5.33
2023-11-20,438.0892333984375,69936200,0.007697435842358269,308.148,-0.47,5.33
2023-11-21,437.1345520019531,49244600,-0.0021791939260377147,308.148,-0.45,5.33
2023-11-22,438.8222351074219,59394900,0.003860786336242761,308.148,-0.47,5.33
2023-11-24,439.0922546386719,29737400,0.0006153278244525051,308.148,-0.45,5.33
2023-11-27,438.30145263671875,50506000,-0.0018009928291808919,308.148,-0.45,5.33
2023-11-28,438.73541259765625,62115000,0.0009900947357734946,308.148,-0.39,5.33
2023-11-29,438.42681884765625,63146000,-0.0007033709637725982,308.148,-0.37,5.33
2023-11-30,440.1531066894531,79752700,0.003937459497423523,308.148,-0.36,5.33
2023-12-01,442.7569580078125,89183400,0.005915785391005901,308.741,-0.34,5.33
2023-12-04,440.4327392578125,72430900,-0.005249423431893274,308.741,-0.36,5.33
2023-12-05,440.3459777832031,69793500,-0.0001969914288287855,308.741,-0.39,5.33
2023-12-06,438.5715026855469,69124700,-0.004029729320089048,308.741,-0.48,5.33
2023-12-07,441.9179992675781,66995400,0.007630446943176494,308.741,-0.44,5.33
2023-12-08,443.81787109375,83194400,0.004299150134913443,308.741,-0.48,5.33
2023-12-11,445.5440673828125,65002200,0.003889424922904672,308.741,-0.48,5.33
2023-12-12,447.5789489746094,68327600,0.0045671836766900675,308.741,-0.53,5.33
2023-12-13,453.75115966796875,93278000,0.013790216692495694,308.741,-0.42,5.33
2023-12-14,455.2073974609375,119026000,0.0032093312864134305,308.741,-0.45,5.33
2023-12-15,454.4579162597656,141553700,-0.0016464609436321886,308.741,-0.53,5.33
2023-12-18,457.0143127441406,70375300,0.0056251555818729315,308.741,-0.48,5.33
2023-12-19,459.7933349609375,55761800,0.006080820970595591,308.741,-0.48,5.33
2023-12-20,453.4218444824219,102921000,-0.013857291948472739,308.741,-0.48,5.33
2023-12-21,457.72113037109375,86667500,0.009481867583110093,308.741,-0.44,5.33
2023-12-22,458.6410217285156,67160400,0.002009720103321566,308.741,-0.41,5.33
2023-12-26,460.57763671875,55387000,0.004222507142810139,308.741,-0.37,5.33
2023-12-27,461.4104309082031,68000300,0.001808151597168628,308.741,-0.41,5.33
2023-12-28,461.5847473144531,77158100,0.00037779034580309734,308.741,-0.42,5.33
2023-12-29,460.2484130859375,122283100,-0.00289510049084285,308.741,-0.35,5.33
2024-01-02,457.6726989746094,123623700,-0.005596356311275752,308.741,-0.38,5.33
2024-01-03,453.9350280761719,103585900,-0.008166689660125126,308.741,-0.42,5.33
2024-01-04,452.47283935546875,84232200,-0.0032211409789194567,308.741,-0.39,5.33
2024-01-05,453.0926208496094,86118900,0.0013697650781061554,308.741,-0.35,5.33
2024-01-08,459.56097412109375,74879100,0.014276006656995133,308.741,-0.35,5.33
2024-01-09,458.86370849609375,65931400,-0.0015172428997773935,308.741,-0.34,5.33
2024-01-10,461.4587707519531,67310600,0.00565540967352729,308.741,-0.33,5.33
2024-01-11,461.2555236816406,77940700,-0.0004404447010104562,308.741,-0.28,5.33
2024-01-12,461.5750427246094,58026400,0.0006927159168055308,308.741,-0.18,5.33
2024-01-16,459.8804626464844,85014900,-0.0036712991848999454,308.741,-0.15,5.33
2024-01-17,457.32415771484375,68843900,-0.005558629120554048,308.741,-0.24,5.33
2024-01-18,461.3910217285156,91856200,0.008892738214384188,308.741,-0.2,5.33
2024-01-19,467.14288330078125,110834500,0.012466349151566414,308.741,-0.24,5.33
2024-01-22,468.1304626464844,75844900,0.0021140841078965966,308.741,-0.26,5.33
2024-01-23,469.4958190917969,49945300,0.0029166152477959617,308.741,-0.17,5.33
2024-01-24,470.0090026855469,81765000,0.0010930525318473272,308.741,-0.16,5.33
2024-01-25,472.5653381347656,72525000,0.005438907413714,308.741,-0.14,5.33
2024-01-26,471.96502685546875,76641600,-0.0012703243993017477,308.741,-0.19,5.33
2024-01-29,475.7026672363281,61322800,0.007919316407323462,308.741,-0.21,5.33
2024-01-30,475.3347473144531,58618400,-0.0007734241306917022,308.741,-0.3,5.33
2024-01-31,467.57855224609375,126011100,-0.016317332389816475,308.741,-0.28,5.33
2024-02-01,473.6982727050781,91891600,0.013088111996556018,310.967,-0.33,5.33
2024-02-02,478.68511962890625,99228200,0.010527475423016686,310.967,-0.33,5.33
2024-02-05,476.9421081542969,75757100,-0.003641248501646821,310.967,-0.29,5.33
2024-02-06,478.32684326171875,55918600,0.0029033609818613915,310.967,-0.3,5.33
2024-02-07,482.3162536621094,70556500,0.008340343964780894,310.967,-0.32,5.33
2024-02-08,482.5293273925781,52343600,0.0004417718226390477,310.967,-0.31,5.33
2024-02-09,485.3180847167969,63979400,0.005779456637979408,310.967,-0.31,5.33
2024-02-12,485.1050109863281,56502300,-0.0004390393376605406,310.967,-0.29,5.33
2024-02-13,478.4236145019531,113099200,-0.0137730931098613,310.967,-0.33,5.33
2024-02-14,482.7713317871094,68387800,0.009087589227137816,310.967,-0.29,5.33
2024-02-15,486.1023254394531,61683000,0.006899733751822401,310.967,-0.32,5.33
2024-02-16,483.68157958984375,75532900,-0.004979910037297031,310.967,-0.34,5.33
2024-02-20,481.01873779296875,71736700,-0.005505361190585423,310.967,-0.32,5.33
2024-02-21,481.4544372558594,59293400,0.0009057848034978999,310.967,-0.32,5.33
2024-02-22,491.41839599609375,76402500,0.020695538288162618,310.967,-0.36,5.33
2024-02-23,491.7573547363281,61321800,0.0006897559045329071,310.967,-0.41,5.33
2024-02-26,489.95623779296875,50386700,-0.0036626131282267993,310.967,-0.41,5.33
2024-02-27,490.866455078125,48854500,0.0018577522132514623,310.967,-0.39,5.33
2024-02-28,490.2176818847656,56506600,-0.001321689813283622,310.967,-0.37,5.33
2024-02-29,491.9800109863281,83924800,0.0035949929320924223,310.967,-0.39,5.33
2024-03-01,496.5988464355469,76844800,0.00938825835618573,312.345,-0.35,5.33
2024-03-04,496.0662536621094,49799300,-0.0010724808912874195,312.345,-0.39,5.33
2024-03-05,491.1085205078125,72855600,-0.009994094776045404,312.345,-0.41,5.33
2024-03-06,493.5970458984375,68382400,0.005067159877519156,312.345,-0.44,5.33
2024-03-07,498.49676513671875,58652100,0.009926557054981577,312.345,-0.41,5.33
2024-03-08,495.5047302246094,86532500,-0.006002115001265351,312.345,-0.39,5.33
2024-03-11,495.0785827636719,62557200,-0.0008600270288929845,312.345,-0.41,5.33
2024-03-12,500.4043884277344,73114400,0.010757495576424025,312.345,-0.42,5.33
2024-03-13,499.6199951171875,55104100,-0.0015675188481288904,312.345,-0.42,5.33
2024-03-14,498.6323547363281,110171800,-0.00197678313620675,312.345,-0.39,5.33
2024-03-15,495.20843505859375,107646300,-0.00686662156037765,312.345,-0.41,5.33
2024-03-18,498.1515197753906,88893300,0.005943123154694696,312.345,-0.39,5.33
2024-03-19,500.9197998046875,60755300,0.0055571044539721726,312.345,-0.38,5.33
2024-03-20,505.55291748046875,69594600,0.009249220489163656,312.345,-0.32,5.33
2024-03-21,507.2237243652344,60256100,0.003304909984680693,312.345,-0.35,5.33
2024-03-22,506.26202392578125,79070800,-0.001896008394829396,312.345,-0.37,5.33
2024-03-25,504.8633117675781,48512100,-0.002762822594033154,312.345,-0.29,5.33
2024-03-26,503.930908203125,65463700,-0.00184684357670728,312.345,-0.32,5.33
2024-03-27,508.1658935546875,82999800,0.00840390077811115,312.345,-0.34,5.33
2024-03-28,508.0687255859375,96294900,-0.00019121308608549548,312.345,-0.39,5.33
2024-04-01,507.18475341796875,62477500,-0.0017398673121422625,313.023,-0.39,5.33
2024-04-02,503.96002197265625,74230300,-0.006358100127381028,313.023,-0.34,5.33
2024-04-03,504.5136413574219,59155800,0.001098538297936047,313.023,-0.32,5.33
2024-04-04,498.3555603027344,96858100,-0.012205975319356743,313.023,-0.34,5.33
2024-04-05,503.5618591308594,74546500,0.010446956436007904,313.023,-0.34,5.33
2024-04-08,503.8434143066406,48401800,0.0005591272863023633,313.023,-0.36,5.33
2024-04-09,504.4263000488281,68049200,0.0011568787556539561,313.023,-0.38,5.33
2024-04-10,499.3753967285156,82652800,-0.01001316410310793,313.023,-0.42,5.33
2024-04-11,503.14404296875,70099000,0.00754671989233624,313.023,-0.37,5.33
2024-04-12,496.1991882324219,92561100,-0.01380291555346802,313.023,-0.38,5.33
2024-04-15,489.9827575683594,92101400,-0.012528095191382538,313.023,-0.3,5.33
2024-04-16,489.089111328125,73484000,-0.0018238320153739496,313.023,-0.3,5.33
2024-04-17,486.1945495605469,75910300,-0.005918270721091967,313.023,-0.34,5.33
2024-04-18,485.194091796875,74548100,-0.0020577313435046207,313.023,-0.34,5.33
2024-04-19,480.9591369628906,102212600,-0.008728372635991022,313.023,-0.35,5.33
2024-04-22,485.38836669921875,67961000,0.009209160188321519,313.023,-0.35,5.33
2024-04-23,491.1483154296875,64633600,0.011866680632743876,313.023,-0.25,5.33
2024-04-24,490.9151916503906,55928100,-0.000474650471096294,313.023,-0.24,5.33
2024-04-25,489.0502624511719,69122400,-0.003798882639889589,313.023,-0.26,5.33
2024-04-26,493.6835021972656,64306100,0.009473954114392003,313.023,-0.29,5.33
2024-04-29,495.4318542480469,46415400,0.0035414431371512123,313.023,-0.34,5.33
2024-04-30,487.5835876464844,77483600,-0.01584126360521243,313.023,-0.35,5.33
2024-05-01,486.0003356933594,80242800,-0.003247139553583356,313.175,-0.33,5.33
2024-05-02,490.54608154296875,62550200,0.009353380061197125,313.175,-0.29,5.33
2024-05-03,496.6265869140625,72756700,0.012395380576617931,313.175,-0.31,5.33
2024-05-06,501.75518798828125,47264700,0.010326875784252287,313.175,-0.33,5.33
2024-05-07,502.308837890625,52561300,0.001103426363289861,313.175,-0.35,5.33
2024-05-08,502.3573913574219,42047200,9.66605863452763e-05,313.175,-0.36,5.33
2024-05-09,505.2518310546875,43643700,0.005761714164182141,313.175,-0.35,5.33
2024-05-10,505.9027099609375,52233200,0.0012882267143718984,313.175,-0.37,5.33
2024-05-13,505.9706115722656,36716400,0.00013421871437180322,313.175,-0.37,5.33
2024-05-14,508.2920837402344,57535900,0.004588156139651911,313.175,-0.36,5.33
2024-05-15,514.5863647460938,59504900,0.012383196998747792,313.175,-0.37,5.33
2024-05-16,513.5275268554688,50244800,-0.002057648556520686,313.175,-0.4,5.33
2024-05-17,514.2656860351562,59187600,0.0014374286500424827,313.175,-0.41,5.33
2024-05-20,514.8582763671875,37764200,0.001152303854064174,313.175,-0.38,5.33
2024-05-21,516.1209106445312,33437000,0.002452391920846342,313.175,-0.41,5.33
2024-05-22,514.6348266601562,48390000,-0.0028793330278348295,313.175,-0.43,5.33
2024-05-23,510.8758239746094,57211200,-0.007304213572062013,313.175,-0.44,5.33
2024-05-24,514.2560424804688,41291100,0.006616516866195132,313.175,-0.47,5.33
2024-05-28,514.6154174804688,36269600,0.0006988250410566721,313.175,-0.4,5.33
2024-05-29,511.0118103027344,45190300,-0.007002524711322233,313.175,-0.35,5.33
2024-05-30,507.621826171875,46377600,-0.00663386650271558,313.175,-0.37,5.33
2024-05-31,512.2454833984375,90785800,0.009108468131543646,313.175,-0.38,5.33
2024-06-03,512.6630859375,46835700,0.0008152390847684376,313.175,-0.41,5.33
2024-06-04,513.2362060546875,34632700,0.0011179274125803218,313.175,-0.44,5.33
2024-06-05,519.3360595703125,47610400,0.01188508028791535,313.175,-0.43,5.33
2024-06-06,519.3262329101562,30808500,-1.892158261529442e-05,313.175,-0.44,5.33
2024-06-07,518.6948852539062,43224500,-0.0012157053047602284,313.175,-0.44,5.33
2024-06-10,520.297607421875,35686100,0.0030899131908428412,313.175,-0.4,5.33
2024-06-11,521.5506591796875,36383400,0.0024083365749489882,313.175,-0.42,5.33
2024-06-12,525.834228515625,63251300,0.008213141447610983,313.175,-0.44,5.33
2024-06-13,526.8928833007812,44760900,0.00201328617983787,313.175,-0.44,5.33
2024-06-14,527.2134399414062,40089900,0.0006083905301905723,313.175,-0.47,5.33
2024-06-17,531.4094848632812,55839500,0.007958911142973424,313.175,-0.47,5.33
2024-06-18,532.7597045898438,41376400,0.0025408272998925785,313.175,-0.47,5.33
2024-06-20,531.3124389648438,70328200,-0.002716544837253032,313.175,-0.45,5.33
2024-06-21,530.60009765625,64338600,-0.001340720179602073,313.175,-0.45,5.33
2024-06-24,528.8753051757812,45528700,-0.0032506448605784666,313.175,-0.46,5.33
2024-06-25,530.9119262695312,37936200,0.0038508530722058953,313.175,-0.42,5.33
2024-06-26,531.5746459960938,38550600,0.0012482667911024592,313.175,-0.39,5.33
2024-06-27,532.4126586914062,35041500,0.0015764722821611787,313.175,-0.41,5.33
2024-06-28,530.3175659179688,76144500,-0.00393509196153774,313.175,-0.35,5.33
2024-07-01,531.4088745117188,40297800,0.0020578397999337916,313.569,-0.29,5.33
2024-07-02,534.9852294921875,40434800,0.006729949671530955,313.569,-0.31,5.33
2024-07-03,537.3726806640625,32789900,0.00446264876161373,313.569,-0.35,5.33
2024-07-05,540.4712524414062,41488400,0.0057661505484698505,313.569,-0.32,5.33
2024-07-08,541.0950927734375,36110500,0.001154252569795844,313.569,-0.34,5.33
2024-07-09,541.6211547851562,27289700,0.0009722173029187431,313.569,-0.32,5.33
2024-07-10,546.9806518554688,38701200,0.009895287551016096,313.569,-0.34,5.33
2024-07-11,542.2643432617188,53054200,-0.008622441356474497,313.569,-0.3,5.33
2024-07-12,545.6846923828125,53084400,0.0063075309368865184,313.569,-0.27,5.33
2024-07-15,547.1853637695312,40584300,0.002750070521798653,313.569,-0.21,5.33
2024-07-16,550.43017578125,36475300,0.005930005125439397,313.569,-0.26,5.33
2024-07-17,542.712646484375,57119000,-0.014020905169163655,313.569,-0.26,5.33
2024-07-18,538.5419921875,56270400,-0.007684829760080225,313.569,-0.26,5.33
2024-07-19,534.9656372070312,65509100,-0.006640809876202969,313.569,-0.24,5.33
2024-07-22,540.481201171875,43346700,0.01031012756938865,313.569,-0.24,5.33
2024-07-23,539.63330078125,34439600,-0.001568787940795291,313.569,-0.15,5.33
2024-07-24,527.4038696289062,74515300,-0.02266248419924921,313.569,-0.09,5.33
2024-07-25,524.6559448242188,61158300,-0.005210285632945788,313.569,-0.14,5.33
2024-07-26,530.5320434570312,53763800,0.0111999086082617,313.569,-0.16,5.33
2024-07-29,530.8436889648438,39515800,0.0005874207065454939,313.569,-0.19,5.33
2024-07-30,528.1542358398438,46853600,-0.005066374868738621,313.569,-0.2,5.33
2024-07-31,536.7393188476562,65663400,0.016254878641957626,313.569,-0.2,5.33
2024-08-01,529.138427734375,76428700,-0.01416123404113534,314.062,-0.17,5.33
2024-08-02,519.28662109375,82789100,-0.018618580931284323,314.062,-0.08,5.33
2024-08-05,504.1631774902344,146267400,-0.02912349941090686,314.062,-0.11,5.33
2024-08-06,508.81134033203125,84826300,0.009219560351344525,314.062,-0.09,5.33
2024-08-07,505.4103698730469,70698300,-0.006684148306845938,314.062,-0.04,5.33
2024-08-08,517.0941772460938,63276600,0.02311746665582204,314.062,-0.05,5.33
2024-08-09,519.3743896484375,45619600,0.0044096655941623375,314.062,-0.11,5.33
2024-08-12,519.6472778320312,42542100,0.0005254170960922178,314.062,-0.11,5.33
2024-08-13,528.193115234375,52333100,0.016445457845939204,314.062,-0.08,5.33
2024-08-14,529.8595581054688,42446900,0.003154987869075754,314.062,-0.11,5.33
2024-08-15,538.94140625,60846800,0.017140104402388667,314.062,-0.16,5.33
2024-08-16,540.1497192382812,44430700,0.0022420117925041616,314.062,-0.17,5.33
2024-08-19,545.3143310546875,39121800,0.00956144497064515,314.062,-0.2,5.33
2024-08-20,544.4276123046875,33732300,-0.0016260690385396792,314.062,-0.17,5.33
2024-08-21,546.2985229492188,41514600,0.0034364727325479905,314.062,-0.13,5.33
2024-08-22,542.0108642578125,56121500,-0.00784856358069419,314.062,-0.13,5.33
2024-08-23,547.7698974609375,50639400,0.01062530953325247,314.062,-0.09,5.33
2024-08-26,546.4641723632812,35788600,-0.002383710940868866,314.062,-0.09,5.33
2024-08-27,547.214599609375,32693900,0.0013732414384064473,314.062,0.0,5.33
2024-08-28,544.0377197265625,41066000,-0.00580554664491828,314.062,0.01,5.33
2024-08-29,544.0864868164062,38715200,8.963917036530766e-05,314.062,0.0,5.33
2024-08-30,549.2803955078125,62700100,0.009546108600853476,314.062,0.0,5.33
2024-09-03,537.976806640625,60600100,-0.02057890461708045,314.062,-0.04,5.33
2024-09-04,536.8755493164062,47224900,-0.0020470349476504612,314.062,0.01,5.33
2024-09-05,535.5698852539062,44264300,-0.0024319678259933086,314.062,-0.02,5.33
2024-09-06,526.5560913085938,68493800,-0.016830285259671007,314.062,0.06,5.33
2024-09-09,532.4515991210938,40445800,0.011196352885878724,314.062,0.02,5.33
2024-09-10,534.770751953125,36394600,0.0043556124835748555,314.062,0.06,5.33
2024-09-11,540.2568969726562,75248600,0.010258872609420822,314.062,0.03,5.33
2024-09-12,544.8076782226562,51819600,0.008423365394315985,314.062,0.04,5.33
2024-09-13,547.6530151367188,39310500,0.005222644664893306,314.062,0.09,5.33
2024-09-16,548.4618530273438,36656100,0.0014769167123513949,314.062,0.07,5.33
2024-09-17,548.68603515625,49321000,0.0004087469851710157,314.062,0.06,5.33
2024-09-18,547.0587158203125,59044900,-0.0029658479197016696,314.062,0.09,5.33
2024-09-19,556.3939208984375,75315500,0.017064356728375918,314.062,0.14,5.33
2024-09-20,555.43212890625,77503100,-0.0017286170032815296,314.062,0.18,5.33
2024-09-23,556.820068359375,44116900,0.0024988461792048167,314.062,0.18,5.33
2024-09-24,558.4132690429688,46805700,0.0028612486764134637,314.062,0.25,5.33
2024-09-25,557.1817016601562,38428600,-0.0022054765727956838,314.062,0.26,5.33
2024-09-26,559.3908081054688,48336000,0.00396478642197029,314.062,0.19,5.33
2024-09-27,558.5795288085938,42100900,-0.0014502907182594171,314.062,0.2,5.33
2024-09-30,560.8177490234375,63557400,0.004006985754772874,314.062,0.15,5.33
2024-10-01,555.7937622070312,72668800,-0.008958323493068132,315.631,0.13,4.83
2024-10-02,556.0283813476562,38097800,0.00042213345413122383,315.631,0.16,4.83
2024-10-03,555.0117797851562,40846500,-0.0018283267484224819,315.631,0.15,4.83
2024-10-04,560.0554809570312,42939100,0.009087556977308564,315.631,0.05,4.83
2024-10-07,554.9921875,49964700,-0.009040699768492644,315.631,0.04,4.83
2024-10-08,560.2411499023438,37398700,0.009457723046495614,315.631,0.06,4.83
2024-10-09,564.12158203125,37912200,0.006926360424582612,315.631,0.07,4.83
2024-10-10,563.1343383789062,44138100,-0.0017500547466894334,315.631,0.11,4.83
2024-10-11,566.5065307617188,42268000,0.005988255648767593,315.631,0.13,4.83
2024-10-14,571.1396484375,36217200,0.00817840117315427,315.631,0.13,4.83
2024-10-15,566.7020263671875,54203600,-0.007769767135678229,315.631,0.08,4.83
2024-10-16,569.1651000976562,30725400,0.004346329492163958,315.631,0.09,4.83
2024-10-17,569.2139892578125,34393700,8.589627183375192e-05,315.631,0.13,4.83
2024-10-18,571.4036254882812,37416800,0.0038467716391226148,315.631,0.13,4.83
2024-10-21,570.4652099609375,36439000,-0.001642298868058223,315.631,0.17,4.83
2024-10-22,570.162109375,34183800,-0.0005313217715033902,315.631,0.17,4.83
2024-10-23,564.9525146484375,49314600,-0.009137041274582702,315.631,0.17,4.83
2024-10-24,566.1741943359375,34979900,0.0021624466761780425,315.631,0.14,4.83
2024-10-25,565.978759765625,47268200,-0.0003451845249530239,315.631,0.14,4.83
2024-10-28,567.7283935546875,30174700,0.0030913417842517443,315.631,0.16,4.83
2024-10-29,568.6470947265625,42899700,0.0016182054346847163,315.631,0.17,4.83
2024-10-30,566.9268798828125,41435800,-0.0030251009100419335,315.631,0.14,4.83
2024-10-31,555.8133544921875,60182500,-0.019603101890180663,315.631,0.12,4.83
2024-11-01,558.1591186523438,45667500,0.004220417054029646,316.528,0.16,4.64
2024-11-04,556.9568481445312,38217000,-0.0021539924147711,316.528,0.14,4.64
2024-11-05,563.6915283203125,39478300,0.012091924532784626,316.528,0.07,4.64
2024-11-06,577.7080078125,68182000,0.024865513828021824,316.528,0.15,4.64
2024-11-07,582.1749267578125,47233200,0.007732139566883456,316.528,0.1,4.64
2024-11-08,584.6968383789062,46444900,0.004331879483608914,316.528,0.04,4.64
2024-11-11,585.2539672851562,37586800,0.0009528508958500659,316.528,0.04,4.64
2024-11-12,583.4359130859375,43006100,-0.003106436352157016,316.528,0.09,4.64
2024-11-13,583.7193603515625,47388600,0.00048582416554676655,316.528,0.17,4.64
2024-11-14,579.9658813476562,38904100,-0.006430280129214205,316.528,0.09,4.64
2024-11-15,572.537353515625,75988800,-0.012808560073861108,316.528,0.12,4.64
2024-11-18,574.8832397460938,37001700,0.004097350532788813,316.528,0.13,4.64
2024-11-19,576.984619140625,49412000,0.0036553151131337724,316.528,0.12,4.64
2024-11-20,577.1802368164062,50032600,0.0003390344721365679,316.528,0.1,4.64
2024-11-21,580.2786254882812,46750300,0.005368147546016111,316.528,0.09,4.64
2024-11-22,582.0772705078125,38226400,0.0030996230785129697,316.528,0.04,4.64
2024-11-25,584.0516357421875,42441400,0.0033919297907862855,316.528,0.06,4.64
2024-11-26,587.1012573242188,45621300,0.005221493093082286,316.528,0.09,4.64
2024-11-27,585.322265625,34000200,-0.0030301275581092746,316.528,0.06,4.64
2024-11-29,588.9584350585938,30177400,0.006212252031299492,316.528,0.05,4.64
2024-12-02,590.0140380859375,31746000,0.001792321774351846,316.528,0.02,4.64
2024-12-03,590.2876586914062,26906600,0.00046375270384491074,316.528,0.06,4.64
2024-12-04,593.953125,42787600,0.006209627212467206,316.528,0.06,4.64
2024-12-05,592.9756469726562,28762200,-0.0016457157748664963,316.528,0.02,4.64
2024-12-06,594.0997314453125,31241500,0.0018956671802545788,316.528,0.05,4.64
2024-12-09,591.0403442382812,34742700,-0.005149618902517306,316.528,0.07,4.64
2024-12-10,589.20263671875,37234500,-0.003109275935976319,316.528,0.07,4.64
2024-12-11,593.7576293945312,28677700,0.007730774426176756,316.528,0.11,4.64
2024-12-12,590.6982421875,31543800,-0.005152585929971143,316.528,0.14,4.64
2024-12-13,590.5809936523438,35904700,-0.00019849142384786855,316.528,0.15,4.64
2024-12-16,593.1028442382812,43695200,0.004270118092256192,316.528,0.14,4.64
2024-12-17,590.6590576171875,55773500,-0.004120342103960506,316.528,0.15,4.64
2024-12-18,573.055419921875,108248700,-0.029803382286777036,316.528,0.15,4.64
2024-12-19,572.87939453125,85919500,-0.00030716992546553357,316.528,0.25,4.64
2024-12-20,579.7603759765625,125716700,0.0120112217527788,316.528,0.22,4.64
2024-12-23,583.2319946289062,57635800,0.0059880233216975665,316.528,0.29,4.64
2024-12-24,589.7146606445312,33160100,0.011115072690327521,316.528,0.3,4.64
2024-12-26,589.7539672851562,41219100,6.66536602329515e-05,316.528,0.28,4.64
2024-12-27,583.5458984375,64969300,-0.010526540204950474,316.528,0.31,4.64
2024-12-30,576.8866577148438,56578800,-0.011411682852174976,316.528,0.31,4.64
2024-12-31,574.7879638671875,57052700,-0.0036379656551073225,316.528,0.33,4.64
2025-01-02,573.375732421875,50204000,-0.00245696071262691,316.528,0.32,4.64
2025-01-03,580.544921875,37888500,0.012503475553182541,316.528,0.32,4.64
2025-01-06,583.88916015625,47679400,0.00576051594844551,316.528,0.34,4.64
2025-01-07,577.288818359375,60393100,-0.011304100584961563,316.528,0.37,4.64
2025-01-08,578.1322631835938,47304700,0.0014610447966336704,316.528,0.39,4.64
2025-01-10,569.3056030273438,73105000,-0.01526754467506164,316.528,0.37,4.64
2025-01-13,570.1882934570312,47910100,0.0015504685444753807,316.528,0.39,4.64
2025-01-14,570.9728393554688,48420600,0.0013759417852667877,316.528,0.41,4.64
2025-01-15,581.3588256835938,56900200,0.018189983151998934,316.528,0.39,4.64
2025-01-16,580.2408447265625,43319700,-0.0019230480516343462,316.528,0.38,4.64
2025-01-17,586.06640625,58070600,0.010039902527342326,316.528,0.34,4.64
2025-01-21,591.430908203125,42532900,0.009153402918024689,316.528,0.28,4.64
2025-01-22,594.7556762695312,48196000,0.005621566306887038,316.528,0.31,4.64
2025-01-23,598.0018920898438,41152100,0.005458066143519069,316.528,0.36,4.64
2025-01-24,596.2561645507812,34604700,-0.002919267584524987,316.528,0.36,4.64
2025-01-27,587.8219604492188,70361100,-0.0141452694378712,316.528,0.36,4.64
2025-01-28,592.8726806640625,44433300,0.0085922618661336,316.528,0.36,4.64
2025-01-29,590.2149658203125,37177400,-0.004482775021397822,316.528,0.34,4.64
2025-01-30,593.3826293945312,39281300,0.005366965864405326,316.528,0.34,4.64
2025-01-31,590.2246704101562,66566900,-0.005321960616874288,316.528,0.36,4.64
2025-02-03,586.2527465820312,65857200,-0.006729511705033997,316.528,0.28,4.64
2025-02-04,590.1854858398438,33457800,0.006708265813236913,316.528,0.31,4.64
2025-02-05,592.578369140625,30653100,0.004054459755776785,316.528,0.26,4.64
2025-02-06,594.6380615234375,35771500,0.0034758143227529015,316.528,0.24,4.64
2025-02-07,589.1950073242188,50788500,-0.009153558359977665,316.528,0.2,4.64
2025-02-10,593.1962890625,26048700,0.006791099192188899,316.528,0.23,4.64
2025-02-11,593.6475219726562,30056700,0.0007606806018112255,316.528,0.25,4.64
2025-02-12,591.7350463867188,45076100,-0.0032215675382295528,316.528,0.26,4.64
2025-02-13,597.9822998046875,40921300,0.010557518024521428,316.528,0.21,4.64
2025-02-14,597.952880859375,26910400,-4.9197016905200286e-05,316.528,0.21,4.64
2025-02-18,599.7083740234375,26749000,0.002935838625845344,316.528,0.26,4.64
2025-02-19,601.1206665039062,31011100,0.0023549654159298328,316.528,0.25,4.64
2025-02-20,598.6197509765625,36554000,-0.0041604218033111096,316.528,0.22,4.64
2025-02-21,588.3809204101562,76519800,-0.0171040640568626,316.528,0.23,4.64
2025-02-24,585.7035522460938,50737200,-0.004550399360666035,316.528,0.27,4.64
2025-02-25,582.7907104492188,58266500,-0.004973235667949494,316.528,0.23,4.64
2025-02-26,583.0850219726562,43321600,0.0005050038000959933,316.528,0.2,4.64
2025-02-27,573.7777709960938,74196700,-0.01596208207351102,316.528,0.22,4.64
2025-02-28,582.7318115234375,88744100,0.01560541551095529,316.528,0.25,4.64
2025-03-03,572.5224609375,74249200,-0.01751980994352642,316.528,0.2,4.64
2025-03-04,565.74560546875,109648200,-0.011836837733235739,316.528,0.26,4.64
2025-03-05,571.8261108398438,71230500,0.010747773049082143,316.528,0.29,4.64
2025-03-06,561.6755981445312,80094900,-0.017751047919802754,316.528,0.33,4.64
2025-03-07,564.8236694335938,81158800,0.005604785572778992,316.528,0.33,4.64
2025-03-10,549.779296875,99326600,-0.02663552073460429,316.528,0.33,4.64
2025-03-11,545.208984375,88102100,-0.0083129949162839,316.528,0.34,4.64
2025-03-12,548.1022338867188,69588200,0.005306679813861459,316.528,0.31,4.64
2025-03-13,540.7957153320312,74079400,-0.013330576127879135,316.528,0.33,4.64
2025-03-14,551.9662475585938,62660300,0.020655733597489956,316.528,0.29,4.64
2025-03-17,556.2227783203125,49008700,0.007711577982432605,316.528,0.25,4.64
2025-03-18,550.2108154296875,66041400,-0.010808552121471915,316.528,0.25,4.64
2025-03-19,556.203125,66556000,0.010890933806222636,316.528,0.26,4.64
2025-03-20,554.5946655273438,62958200,-0.0028918562308621887,316.528,0.29,4.64
2025-03-21,554.7776489257812,83763000,0.00032994078344317224,316.528,0.31,4.64
2025-03-24,564.712890625,58766800,0.01790851112775793,316.528,0.3,4.64
2025-03-25,566.0703735351562,38355700,0.0024038461538462563,316.528,0.35,4.64
2025-03-26,559.3125,51848300,-0.011938221555303774,316.528,0.37,4.64
2025-03-27,557.8270874023438,42164200,-0.002655782943625007,316.528,0.41,4.64
2025-03-28,546.5934448242188,71662700,-0.02013821636098234,316.528,0.38,4.64
2025-03-31,550.2625122070312,95328200,0.006712607729850273,316.528,0.34,4.64
2025-04-01,551.8167114257812,54609600,0.0028244686568168476,320.302,0.3,4.33
2025-04-02,555.3088989257812,76014500,0.006328527983461951,320.302,0.29,4.33
2025-04-03,527.9426879882812,125986000,-0.0492810595876253,320.302,0.35,4.33
2025-04-04,497.0354309082031,217965100,-0.05854282630156282,320.302,0.33,4.33
2025-04-07,496.1501159667969,256611400,-0.0017811908092518758,320.302,0.42,4.33
2025-04-08,488.3790588378906,165816600,-0.0156627135192009,320.302,0.55,4.33
2025-04-09,539.6682739257812,241867300,0.1050192758263111,320.302,0.43,4.33
2025-04-10,516.0205078125,162331200,-0.0438190778591766,320.302,0.56,4.33
2025-04-11,525.227783203125,97866300,0.017842847815596086,320.302,0.52,4.33
2025-04-14,530.3232421875,68034000,0.009701426975740057,320.302,0.54,4.33
2025-04-15,528.837890625,56892900,-0.0028008419098758397,320.302,0.51,4.33
2025-04-16,517.0828857421875,83484800,-0.022227992908980143,320.302,0.52,4.33
2025-04-17,517.8206176757812,79868100,0.001426718914772973,320.302,0.53,4.33
2025-04-21,505.4950866699219,69368100,-0.023802704228313765,320.302,0.67,4.33
2025-04-22,518.64697265625,75948100,0.026017831494603794,320.302,0.65,4.33
2025-04-23,526.68359375,90590700,0.015495359112173146,320.302,0.59,4.33
2025-04-24,537.769775390625,64150400,0.021049035459204557,320.302,0.55,4.33
2025-04-25,541.6552734375,61119600,0.007225207188434224,320.302,0.55,4.33
2025-04-28,541.8619384765625,47613800,0.00038154348198427,320.302,0.56,4.33
2025-04-29,545.2752075195312,47775100,0.006299148917093378,320.302,0.54,4.33
2025-04-30,545.49169921875,93101500,0.0003970319872117489,320.302,0.57,4.33
2025-05-01,549.3575439453125,63186100,0.007086899272892966,320.62,0.55,4.33
2025-05-02,557.51220703125,60717300,0.014843999460484758,320.62,0.5,4.33
2025-05-05,554.3153686523438,38659200,-0.005734113690405773,320.62,0.53,4.33
2025-05-06,549.68212890625,48264700,-0.008358490505789407,320.62,0.52,4.33
2025-05-07,551.9938354492188,55588000,0.0042055333826633845,320.62,0.48,4.33
2025-05-08,555.8401489257812,65130800,0.006968037013370454,320.62,0.47,4.33
2025-05-09,555.1317138671875,37603400,-0.0012745302043454254,320.62,0.49,4.33
2025-05-12,573.4774780273438,78993600,0.03304758799016372,320.62,0.47,4.33
2025-05-13,577.2647094726562,67947200,0.0066039759021399025,320.62,0.47,4.33
2025-05-14,578.00244140625,66283500,0.0012779785798229248,320.62,0.48,4.33
2025-05-15,580.8256225585938,71268100,0.004884375826294196,320.62,0.49,4.33
2025-05-16,584.5045166015625,76052100,0.00633390453190219,320.62,0.45,4.33
2025-05-19,585.1439208984375,68168500,0.001093925331137946,320.62,0.49,4.33
2025-05-20,583.1765747070312,60614500,-0.0033621577891223,320.62,0.51,4.33
2025-05-21,573.3495483398438,95197700,-0.016850859230970072,320.62,0.58,4.33
2025-05-22,573.5758666992188,70860400,0.0003947301607376552,320.62,0.54,4.33
2025-05-23,569.6607666015625,76029000,-0.00682577549886576,320.62,0.51,4.33
2025-05-27,581.50439453125,72588500,0.020790668102954157,320.62,0.51,4.33
2025-05-28,578.14013671875,68445500,-0.005785438328822834,320.62,0.51,4.33
2025-05-29,580.4223022460938,69973300,0.0039474262075909206,320.62,0.51,4.33
2025-05-30,579.7730102539062,90601200,-0.0011186544515516816,320.62,0.52,4.33
2025-06-02,583.038818359375,61630500,0.005632908134234338,320.62,0.52,4.33
2025-06-03,586.3636474609375,63606200,0.00570258616899344,320.62,0.5,4.33
2025-06-04,586.2063598632812,57314200,-0.0002682424095309388,320.62,0.5,4.33
2025-06-05,583.3732299804688,92278700,-0.004832990695415318,320.62,0.48,4.33
2025-06-06,589.3639526367188,66588700,0.010269107919899767,320.62,0.47,4.33
2025-06-09,589.8951416015625,53016400,0.0009012919138797759,320.62,0.48,4.33
2025-06-10,593.2396240234375,66247000,0.005669621914150325,320.62,0.46,4.33
2025-06-11,591.5477294921875,73658200,-0.0028519580667510924,320.62,0.47,4.33
2025-06-12,593.898681640625,64129000,0.003974239154726611,320.62,0.46,4.33
2025-06-13,587.2588500976562,89506000,-0.011180074561920939,320.62,0.45,4.33
2025-06-16,592.84619140625,79984100,0.009514273488879121,320.62,0.49,4.33
2025-06-17,587.7802734375,82209400,-0.008545079722505178,320.62,0.45,4.33
2025-06-18,587.6917114257812,76605000,-0.0001506719699877479,320.62,0.44,4.33
2025-06-20,586.3114624023438,94051400,-0.0023485936531058016,320.62,0.48,4.33
2025-06-23,592.1027221679688,87426000,0.009877445925917883,320.62,0.5,4.33
2025-06-24,598.6439208984375,67735300,0.011047405265286248,320.62,0.55,4.33
2025-06-25,598.9793090820312,62114800,0.0005602465370238008,320.62,0.55,4.33
2025-06-26,603.6655883789062,78548400,0.00782377492146935,320.62,0.56,4.33
2025-06-27,606.664794921875,86258400,0.00496832451725937,320.62,0.56,4.33
2025-06-30,609.5654296875,92502500,0.00478128084883922,320.62,0.52,4.33
2025-07-01,609.3681030273438,70030100,-0.0003237169474282764,322.169,0.48,4.33
2025-07-02,612.1305541992188,66510400,0.004533304513562708,322.169,0.52,4.33
2025-07-03,616.9550170898438,51065800,0.007881428001803137,322.169,0.47,4.33
2025-07-07,612.357421875,74814500,-0.007452075252634249,322.169,0.5,4.33
2025-07-08,612.0220336914062,59024600,-0.0005477000385931685,322.169,0.52,4.33
2025-07-09,615.6920776367188,66113300,0.005996587938471132,322.169,0.48,4.33
2025-07-10,617.4285278320312,57529000,0.002820322460502789,322.169,0.49,4.33
2025-07-11,615.258056640625,63670200,-0.003515339984414667,322.169,0.53,4.33
2025-07-14,616.4320678710938,51898500,0.0019081606779420834,322.169,0.53,4.33
2025-07-15,613.7978515625,74317300,-0.004273327826197049,322.169,0.55,4.33
2025-07-16,615.8499755859375,88987500,0.0033433222651619854,322.169,0.58,4.33
2025-07-17,619.6187133789062,68885700,0.006119571230611909,322.169,0.56,4.33
2025-07-18,619.1649169921875,65621600,-0.000732380053927173,322.169,0.56,4.33
2025-07-21,620.3389892578125,63375000,0.0018962189772129268,322.169,0.53,4.33
2025-07-22,620.427734375,60046300,0.00014305906725886608,322.169,0.52,4.33
2025-07-23,625.7061157226562,70511000,0.008507648925420108,322.169,0.52,4.33
2025-07-24,625.9131469726562,71307100,0.00033087618100213767,322.169,0.52,4.33
2025-07-25,628.5571899414062,56865400,0.004224296903713176,322.169,0.49,4.33
2025-07-28,628.3994750976562,54917100,-0.00025091566252655184,322.169,0.51,4.33
2025-07-29,626.741943359375,60556300,-0.002637703887361842,322.169,0.48,4.33
2025-07-30,625.9526977539062,80418900,-0.0012592832087132688,322.169,0.44,4.33
2025-07-31,623.6045532226562,103385200,-0.003751313061954642,322.169,0.43,4.33
2025-08-01,613.3834838867188,140103600,-0.01639030581659029,323.291,0.54,4.33
2025-08-04,622.7067260742188,73218000,0.015199695512541522,323.291,0.53,4.33
2025-08-05,619.5496826171875,68051400,-0.005069872100040507,323.291,0.5,4.33
2025-08-06,624.295166015625,64357500,0.0076595687667710965,323.291,0.53,4.33
2025-08-07,623.7722778320312,74205800,-0.0008375656453195601,323.291,0.51,4.33
2025-08-08,628.63623046875,64051600,0.007797641558588975,323.291,0.51,4.33
2025-08-11,627.39306640625,58742300,-0.0019775571343907394,323.291,0.51,4.33
2025-08-12,634.072265625,64730800,0.010645956381075239,323.291,0.57,4.33
2025-08-13,636.2427978515625,60092800,0.0034231622233515946,323.291,0.57,4.33
2025-08-14,636.3020629882812,59327500,9.314861703568766e-05,323.291,0.55,4.33
2025-08-15,634.812255859375,68592500,-0.0023413520331988513,323.291,0.58,4.33
2025-08-18,634.6741333007812,43804900,-0.00021758017007211805,323.291,0.57,4.33
2025-08-19,631.2308959960938,69750700,-0.005425205036764469,323.291,0.55,4.33
2025-08-20,629.5537719726562,88890300,-0.0026569105442644236,323.291,0.55,4.33
2025-08-21,627.028076171875,54805800,-0.004011882563847102,323.291,0.54,4.33
2025-08-22,636.6571044921875,84083200,0.015356614298835725,323.291,0.58,4.33
2025-08-25,633.8552856445312,51274300,-0.004400828684525626,323.291,0.55,4.33
2025-08-26,636.5091552734375,51581600,0.004186869919697411,323.291,0.65,4.33
2025-08-27,637.95947265625,48341100,0.0022785491312995454,323.291,0.65,4.33
2025-08-28,640.21875,61519500,0.003541412018451817,323.291,0.6,4.33
2025-08-29,636.400634765625,74522200,-0.005963766656904346,323.291,0.64,4.33
2025-09-02,631.6847534179688,81983500,-0.007410239855265122,323.291,0.62,4.33
2025-09-03,635.1082153320312,70820900,0.005419573443143255,323.291,0.61,4.33
2025-09-04,640.4160766601562,65219200,0.008357412484973237,323.291,0.58,4.33
2025-09-05,638.561279296875,85178900,-0.002896237978525229,323.291,0.59,4.33
2025-09-08,640.1299438476562,63133100,0.0024565607117745802,323.291,0.56,4.33
2025-09-09,641.60986328125,66133900,0.0023119047121875624,323.291,0.54,4.33
2025-09-10,643.4646606445312,78034500,0.002890849205147372,323.291,0.5,4.33
2025-09-11,648.81201171875,69934400,0.00831024825646609,323.291,0.49,4.33
2025-09-12,648.5948486328125,72780100,-0.0003347087939420401,323.291,0.5,4.33
2025-09-15,652.0479736328125,63772400,0.005324009290667231,323.291,0.51,4.33
2025-09-16,651.1502685546875,61169000,-0.001376746979403265,323.291,0.53,4.33
2025-09-17,650.3411865234375,101952200,-0.0012425427283411228,323.291,0.54,4.33
2025-09-18,653.3799438476562,90459200,0.004672558631052093,323.291,0.54,4.33
2025-09-19,656.6160278320312,97945600,0.00495283642365596,323.291,0.57,4.33
2025-09-22,659.7225341796875,69452200,0.004731085163901749,323.291,0.54,4.33
2025-09-23,656.1312866210938,81708900,-0.005443572672652719,323.291,0.59,4.33
2025-09-24,654.043701171875,68082200,-0.0031816581403536492,323.291,0.59,4.33
2025-09-25,651.0263061523438,89622100,-0.0046134455757694814,323.291,0.54,4.33
2025-09-26,654.756103515625,69179200,0.005729103921045642,323.291,0.57,4.33
2025-09-29,656.5962524414062,73499000,0.002810434169152165,323.291,0.52,4.33
2025-09-30,659.0695190429688,86288000,0.003766799753069261,323.291,0.56,4.33
2025-10-01,661.3153076171875,72545400,0.0034075139409872612,323.291,0.57,4.09
2025-10-02,662.0769653320312,56896000,0.0011517315659728133,323.291,0.55,4.09
2025-10-03,662.0672607421875,70494400,-1.4657797132167083e-05,323.291,0.55,4.09
2025-10-06,664.4415893554688,54623300,0.003586234743913508,323.291,0.58,4.09
2025-10-07,661.9781494140625,72020100,-0.0037075342375781917,323.291,0.57,4.09
2025-10-08,665.925537109375,60702200,0.005963018112918661,323.291,0.55,4.09
2025-10-09,663.996337890625,66501900,-0.002897019428214409,323.291,0.54,4.09
2025-10-10,646.0499877929688,159422600,-0.027027784753554496,323.291,0.53,4.09
2025-10-13,655.9630126953125,79560500,0.01534405245669701,323.291,0.53,4.09
2025-10-14,655.16162109375,88779600,-0.0012217024223204476,323.291,0.55,4.09
2025-10-15,658.0702514648438,81702600,0.0044395615943406685,323.291,0.55,4.09
2025-10-16,653.588623046875,110563300,-0.006810258339429276,323.291,0.58,4.09
2025-10-17,657.2986450195312,96500900,0.0056763870144511674,323.291,0.56,4.09
2025-10-20,664.1348876953125,60493400,0.010400512350939195,323.291,0.54,4.09
2025-10-21,664.125,56249000,-1.4888082971786787e-05,323.291,0.53,4.09
2025-10-22,660.6722412109375,80564000,-0.005198959215603205,323.291,0.52,4.09
2025-10-23,664.5899658203125,65604500,0.005929906487662118,323.291,0.53,4.09
2025-10-24,670.0213623046875,74356500,0.008172552647061071,323.291,0.54,4.09
2025-10-27,677.9260864257812,63339800,0.01179771954420028,323.291,0.53,4.09
2025-10-28,679.7266235351562,61738100,0.0026559489971360595,323.291,0.52,4.09
2025-10-29,680.05322265625,85657100,0.0004804859921407889,323.291,0.49,4.09
2025-10-30,672.5738525390625,76335800,-0.010998212886887737,323.291,0.5,4.09
2025-10-31,674.7799682617188,87164100,0.0032801092613514715,323.291,0.51,4.09
2025-11-03,676.04638671875,57315000,0.0018767872737739388,323.291,0.53,4.09
2025-11-04,668.0328369140625,78427000,-0.011853550232820531,323.291,0.52,4.09
2025-11-05,670.3478393554688,74402400,0.0034654021681033154,323.291,0.54,4.09
2025-11-06,663.1554565429688,85035300,-0.010729329446956037,323.291,0.54,4.09
2025-11-07,663.808349609375,100592400,0.0009845249103577203,323.291,0.56,4.09
2025-11-10,674.1666259765625,75842900,0.015604317681877422,323.291,0.55,4.09
2025-11-11,675.7099609375,58953400,0.0022892485351109215,323.291,0.55,4.09
2025-11-12,676.0859985351562,62312500,0.000556507406128004,323.291,0.52,4.09
2025-11-13,664.8670043945312,103457800,-0.016594034139048364,323.291,0.53,4.09
2025-11-14,664.7581176757812,96846700,-0.000163772180045485,323.291,0.52,4.09
2025-11-17,658.56494140625,90456100,-0.00931643571527141,323.291,0.53,4.09
2025-11-18,653.0346069335938,114467500,-0.008397553718616058,323.291,0.54,4.09
2025-11-19,655.5574340820312,94703000,0.0038632365293529425,323.291,0.55,4.09
2025-11-20,645.5652465820312,165293500,-0.015242276237766972,323.291,0.55,4.09
2025-11-21,651.995849609375,123956200,0.00996119766575232,323.291,0.55,4.09
2025-11-24,661.59228515625,80437900,0.014718553120582678,323.291,0.58,4.09
2025-11-25,667.815185546875,81077100,0.009405944613086525,323.291,0.58,4.09
2025-11-26,672.4254760742188,71879600,0.006903542517632921,323.291,0.55,4.09
2025-11-28,676.0958251953125,49212000,0.005458373086222323,323.291,0.55,4.09
2025-12-01,673.0090942382812,61201200,-0.004565522877085559,326.031,0.55,3.72
2025-12-02,674.2556762695312,62953800,0.0018522513914331906,326.031,0.58,3.72
2025-12-03,676.5905151367188,57238500,0.0034628390228845785,326.031,0.57,3.72
2025-12-04,677.0851440429688,61970300,0.0007310609522068745,326.031,0.59,3.72
2025-12-05,678.371337890625,79241000,0.0018996042949284142,326.031,0.58,3.72
2025-12-08,676.3333129882812,55231500,-0.003004290995962333,326.031,0.6,3.72
2025-12-09,675.74951171875,58310100,-0.0008631857374462593,326.031,0.57,3.72
2025-12-10,680.2312622070312,85671300,0.00663226596624833,326.031,0.59,3.72
2025-12-11,681.8140869140625,86173700,0.002326892036534245,326.031,0.62,3.72
2025-12-12,674.4832763671875,113160300,-0.010751920043269747,326.031,0.67,3.72
2025-12-15,673.4642333984375,90811000,-0.0015108498675291404,326.031,0.67,3.72
2025-12-16,671.6240844726562,122030600,-0.002732363256316539,326.031,0.67,3.72
2025-12-17,664.2337646484375,110625200,-0.011003655162279413,326.031,0.67,3.72
2025-12-18,669.2496948242188,108650100,0.007551453182203183,326.031,0.66,3.72
2025-12-19,675.3153686523438,103599500,0.009063394238406408,326.031,0.68,3.72
2025-12-22,679.5225219726562,69556700,0.006229909040435855,326.031,0.73,3.72
2025-12-23,682.6282348632812,64840000,0.004570434077165064,326.031,0.7,3.72
2025-12-24,685.0294799804688,39445600,0.0035176469336466454,326.031,0.68,3.72
2025-12-26,684.9599609375,41613300,-0.00010148328648673655,326.031,0.68,3.72
2025-12-29,682.51904296875,62559500,-0.003563592192175946,326.031,0.67,3.72
2025-12-30,681.6856079101562,47160700,-0.001221116197679395,326.031,0.69,3.72
2025-12-31,676.635009765625,74144800,-0.007408984561101173,326.031,0.71,3.72
2026-01-02,677.8753662109375,89377200,0.001833124841917666,326.031,0.72,3.72
2026-01-05,682.3900756835938,71927200,0.006660087823948668,326.031,0.71,3.72
2026-01-06,686.4483642578125,69273800,0.0059471682236194034,326.031,0.71,3.72
2026-01-07,684.2356567382812,75588300,-0.0032234143669693793,326.031,0.68,3.72
2026-01-08,684.1661987304688,64019200,-0.00010151182144413351,326.031,0.7,3.72
2026-01-09,688.6908569335938,80125500,0.006613390447410161,326.031,0.64,3.72
2026-01-12,689.7723388671875,63976000,0.0015703445496706436,326.031,0.65,3.72
2026-01-13,688.3932495117188,78309700,-0.0019993398948610075,326.031,0.65,3.72
2026-01-14,685.0095825195312,94676700,-0.0049153111169923935,326.031,0.64,3.72
2026-01-15,686.8750610351562,77862000,0.0027232882038870088,326.031,0.61,3.72
2026-01-16,686.2994995117188,79289200,-0.0008379420888714462,326.031,0.65,3.72
2026-01-20,672.3286743164062,111623300,-0.020356746879827692,326.031,0.7,3.72
2026-01-21,680.0880126953125,127844500,0.011540989809479152,326.031,0.66,3.72
2026-01-22,683.6403198242188,77112200,0.0052233050172840745,326.031,0.65,3.72
2026-01-23,683.8883056640625,63059600,0.00036274314526618667,326.031,0.64,3.72
2026-01-26,687.3612060546875,60473800,0.005078168996109245,326.031,0.66,3.72
2026-01-27,690.099853515625,55506100,0.0039842915730679,326.031,0.71,3.72
2026-01-28,690.0303344726562,61172200,-0.00010073765791229761,326.031,0.7,3.72
2026-01-29,688.6610717773438,97486200,-0.0019843514508082194,326.031,0.71,3.72
2026-01-30,686.6071166992188,101835100,-0.0029825340247910948,326.031,0.74,3.72
2026-02-02,690.0204467773438,79286500,0.004971300173138626,326.031,0.72,3.72
2026-02-03,684.18603515625,107904600,-0.008455418456572827,326.031,0.71,3.72
2026-02-04,680.8719482421875,105204600,-0.00484383887388995,326.031,0.72,3.72
2026-02-05,672.3683471679688,113610800,-0.012489280981794804,326.031,0.74,3.72
2026-02-06,685.267578125,89127600,0.0191847683064843,326.031,0.72,3.72
2026-02-09,688.57177734375,73885200,0.00482176499257525,326.031,0.74,3.72
2026-02-10,686.7559814453125,65185700,-0.0026370466495768685,326.031,0.71,3.72
2026-02-11,686.5972290039062,76353900,-0.00023116280847257364,326.031,0.66,3.72
2026-02-12,675.9901123046875,118829000,-0.015448819557001725,326.031,0.62,3.72
2026-02-13,676.46630859375,96267500,0.0007044426839897255,326.031,0.64,3.72
2026-02-17,677.5578002929688,81354700,0.00161351967622414,326.031,0.62,3.72
2026-02-18,680.9711303710938,73570300,0.005037695790158558,326.031,0.62,3.72
2026-02-19,679.1751708984375,58649400,-0.002637350384703585,326.031,0.61,3.72
2026-02-20,684.0867919921875,100034000,0.007231744186485312,326.031,0.6,3.72
2026-02-23,677.1013793945312,90558100,-0.010211295817177612,326.031,0.6,3.72
2026-02-24,682.0228881835938,73798700,0.007268496179203332,326.031,0.61,3.72
2026-02-25,687.778076171875,56369500,0.008438408868665537,326.031,0.6,3.72
2026-02-26,683.9578247070312,71671000,-0.0055544827571518685,326.031,0.6,3.72
2026-02-27,680.6734619140625,83308900,-0.004801996079766391,326.031,0.59,3.72
2026-03-02,681.0604858398438,87477200,0.0005685897092166936,326.031,0.58,3.72
2026-03-03,675.057373046875,105003100,-0.008814360718000014,326.031,0.55,3.72
2026-03-04,679.820068359375,79182200,0.007055245231977203,326.031,0.55,3.72
2026-03-05,676.0297241210938,106606500,-0.005575510954580309,326.031,0.56,3.72
2026-03-06,667.1688842773438,100687000,-0.013107174917892817,326.031,0.59,3.72
2026-03-09,673.0133666992188,102667700,0.008760124399694647,326.031,0.56,3.72
2026-03-10,671.9317016601562,81505300,-0.0016071969630669924,326.031,0.58,3.72
2026-03-11,671.08837890625,68441700,-0.0012550721328115078,326.031,0.57,3.72
2026-03-12,660.8978881835938,108882200,-0.015185020398155058,326.031,0.51,3.72
2026-03-13,657.1571655273438,97200200,-0.005660061445393549,326.031,0.55,3.72
2026-03-16,663.844970703125,82023100,0.010176873245252516,326.031,0.55,3.72
2026-03-17,665.5912475585938,87128000,0.0026305491982852036,326.031,0.52,3.72
2026-03-18,656.3038330078125,82062600,-0.013953630828001051,326.031,0.5,3.72
2026-03-19,654.6864624023438,111272500,-0.0024643625774001254,326.031,0.46,3.72
2026-03-20,645.3009643554688,163617500,-0.014335866992629342,326.031,0.51,3.72
2026-03-23,652.07666015625,134802700,0.010500055284356824,326.031,0.51,3.72
2026-03-24,649.8877563476562,96457500,-0.0033568197458091475,326.031,0.49,3.72
2026-03-25,653.5094604492188,90653800,0.005572814791767078,326.031,0.49,3.72
2026-03-26,641.838623046875,96494400,-0.017858712243157604,326.031,0.46,3.72
2026-03-27,630.89404296875,103649400,-0.01705191879256185,326.031,0.56,3.72
2026-03-30,628.78466796875,99275900,-0.003343469515220132,326.031,0.53,3.72
2026-03-31,647.0621337890625,152534100,0.02906792539862124,326.031,0.51,3.72
2026-04-01,651.9373779296875,97841500,0.00753442967227369,332.407,0.52,3.64
2026-04-02,652.5244750976562,68358700,0.0009005422726844348,332.407,0.52,3.64
2026-04-06,655.6087646484375,39105800,0.004726703240241825,332.407,0.5,3.64
2026-04-07,655.8972778320312,69980400,0.0004400691374961685,332.407,0.52,3.64
2026-04-08,672.6027221679688,93606100,0.0254696046172882,332.407,0.5,3.64
2026-04-09,676.4830322265625,57134400,0.005769096571727417,332.407,0.51,3.64
2026-04-10,676.0353393554688,42253500,-0.0006617946789001516,332.407,0.5,3.64
2026-04-13,682.6417846679688,54185800,0.009772337225445238,332.407,0.52,3.64
2026-04-14,690.959716796875,63480500,0.012184915010662545,332.407,0.5,3.64
2026-04-15,696.412109375,58240400,0.00789104262604634,332.407,0.53,3.64
2026-04-16,698.1234130859375,49972400,0.0024573146961406334,332.407,0.54,3.64
2026-04-17,706.5607299804688,70661900,0.012085709684531931,332.407,0.55,3.64
2026-04-20,705.1477661132812,43546800,-0.0019997769579219726,332.407,0.54,3.64
2026-04-21,700.53125,58941400,-0.006546877598048839,332.407,0.52,3.64
2026-04-22,707.6253051757812,42518500,0.010126679110719516,332.407,0.51,3.64
2026-04-23,704.8792114257812,56174000,-0.0038807172806204493,332.407,0.51,3.64
2026-04-24,710.3414916992188,45182000,0.0077492429694283604,332.407,0.53,3.64
2026-04-27,711.5653686523438,33135900,0.0017229416659827468,332.407,0.57,3.64
2026-04-28,708.1029052734375,43117400,-0.004865980739709008,332.407,0.52,3.64
2026-04-29,707.993408203125,41859200,-0.0001546344034137892,332.407,0.5,3.64
2026-04-30,715.0377197265625,67240900,0.009949685183250345,332.407,0.52,3.64
2026-05-01,717.0177001953125,43049800,0.00276905737155686,333.979,0.51,3.63
2026-05-04,714.3909912109375,51950600,-0.0036633809509297732,333.979,0.5,3.63
2026-05-05,720.1220092773438,36933200,0.008022242913074518,333.979,0.5,3.63
2026-05-06,730.1312866210938,53288900,0.013899418730159985,333.979,0.49,3.63
2026-05-07,727.8926391601562,51724600,-0.0030660889376450395,333.979,0.49,3.63
2026-05-08,733.9021606445312,47227100,0.008256054754597786,333.979,0.48,3.63
2026-05-11,735.5736694335938,44024000,0.0022775635209937306,333.979,0.47,3.63
2026-05-12,734.4593505859375,54185300,-0.0015148976832113359,333.979,0.46,3.63
2026-05-13,738.5685424804688,44200200,0.005594852718878274,333.979,0.48,3.63
2026-05-14,744.3989868164062,45307600,0.007894249484761584,333.979,0.47,3.63
2026-05-15,735.4443969726562,60410800,-0.012029288059682064,333.979,0.5,3.63
2026-05-18,734.927001953125,47843900,-0.0007035134425675826,333.979,0.54,3.63
2026-05-19,730.03173828125,54255900,-0.006660884222331576,333.979,0.54,3.63
2026-05-20,737.5138549804688,45768000,0.010249029332388027,333.979,0.53,3.63
2026-05-21,738.9764404296875,43332200,0.0019831294549137457,333.979,0.49,3.63
2026-05-22,741.8817749023438,41762000,0.003931565762728351,333.979,0.43,3.63
2026-05-26,746.8068237304688,41123600,0.006638589859918387,333.979,0.49,3.63
2026-05-27,746.6774291992188,42106300,-0.000173263723814987,333.979,0.48,3.63
2026-05-28,750.7965698242188,41562600,0.005516626676954184,333.979,0.46,3.63
2026-05-29,752.6671142578125,55075700,0.002491413132097442,333.979,0.47,3.63
2026-06-01,754.7166748046875,43634900,0.0027230637662387647,332.568,0.42,3.63
2026-06-02,755.7415771484375,31581900,0.0013579961566574372,332.568,0.41,3.63
2026-06-03,750.4384155273438,51402500,-0.00701716271996522,332.568,0.41,3.63
2026-06-04,753.2740478515625,49923000,0.003778634283035931,332.568,0.42,3.63
2026-06-05,733.83251953125,93989400,-0.025809369612244448,332.568,0.38,3.63
2026-06-08,735.4940795898438,49319100,0.002264222440912178,332.568,0.41,3.63
2026-06-09,733.3350830078125,87683500,-0.002935437064612745,332.568,0.4,3.63
2026-06-10,721.7736206054688,60341300,-0.015765592933211114,332.568,0.42,3.63
2026-06-11,734.04150390625,86330500,0.016996857394830034,332.568,0.4,3.63
2026-06-12,738.0113525390625,57079500,0.005408207317551872,332.568,0.39,3.63
2026-06-15,751.0254516601562,60176400,0.017634009390668393,332.568,0.4,3.63
2026-06-16,746.5481567382812,67093100,-0.005961575485861181,332.568,0.38,3.63
2026-06-17,737.225341796875,85945200,-0.01248789492983049,332.568,0.29,3.63
2026-06-18,744.8902587890625,80875700,0.010396979807429707,332.568,0.27,3.63
2026-06-22,742.546142578125,46628100,-0.0031469282666526377,332.568,0.27,3.63
2026-06-23,731.7628784179688,66846800,-0.014522012225013592,332.568,0.34,3.63
2026-06-24,731.4237060546875,57439500,-0.0004635003677893046,332.568,0.3,3.63
2026-06-25,732.4810791015625,53934400,0.0014456368287247834,332.568,0.31,3.63
2026-06-26,727.1842651367188,71034000,-0.007231332133985857,332.568,0.31,3.63
2026-06-29,739.1644897460938,58035200,0.01647481275894025,332.568,0.28,3.63
2026-06-30,744.9202270507812,55626000,0.007786815227913024,332.568,0.3,3.63
2026-07-01,743.9127197265625,47100900,-0.0013525036475483532,332.813,0.31,3.63
2026-07-02,742.9351806640625,57447800,-0.0013140507435593918,332.813,0.35,3.63
2026-07-06,749.4190673828125,50673300,0.008727392224116226,332.813,0.35,3.63
2026-07-07,745.85791015625,43721500,-0.004751890339538711,332.813,0.36,3.63
2026-07-08,743.5536499023438,43767400,-0.0030894091522385425,332.813,0.35,3.63
2026-07-09,749.8480224609375,41441700,0.008465256756416295,332.813,0.38,3.63
2026-07-10,753.0799560546875,42191300,0.004310118179872147,332.813,0.35,3.63
2026-07-13,747.3142700195312,44013600,-0.007656140611366324,332.813,0.36,3.63
2026-07-14,749.9677124023438,35143100,0.0035506379166867497,332.813,0.4,3.63
2026-07-15,752.9403076171875,43844800,0.003963630921285599,332.813,0.42,3.63
2026-07-16,748.8604125976562,46409800,-0.005418616825605738,332.813,0.41,3.63
2026-07-17,741.4487915039062,62651000,-0.009897199757215702,332.813,0.37,3.63
2026-07-20,740.2518310546875,50422300,-0.0016143534967409945,332.813,0.39,3.63
2026-07-21,746.426513671875,34324300,0.008341327043244195,332.813,0.37,3.63
2026-07-22,745.55859375,32836200,-0.001162766737217713,332.813,0.36,3.63
2026-07-23,736.3515014648438,55437300,-0.012349253784127878,332.813,0.34,3.63
2026-07-24,737.099609375,44782000,0.0010159657563921787,332.813,0.36,3.63
2026-07-27,737.25927734375,41461200,0.00021661654234961247,332.813,0.34,3.63
2026-07-28,739.0248413085938,47322200,0.0023947666975516757,332.813,0.35,3.63
2026-07-29,727.6531372070312,70697200,-0.015387445003102407,332.813,0.45,3.63
2026-07-30,739.852783203125,66811300,0.01676574369337569,332.813,0.45,3.63
2026-07-31,745.1796264648438,62445900,0.007199869193782904,332.813,0.47,3.63
2026-08-03,755.793212890625,59927500,0.014242990614400597,332.813,0.45,3.63
2026-08-04,769.4193725585938,69154800,0.01802895214665101,332.813,0.43,3.63
2026-08-05,767.8831787109375,44689100,-0.0019965624761277834,332.813,0.45,3.63
2026-08-06,766.65625,38416900,-0.0015978064697251826,332.813,0.44,3.63
2026-08-07,771.3446044921875,43586300,0.0061153280785064545,332.813,0.46,3.63
2026-08-10,771.1151733398438,39249500,-0.0002974431285415191,332.813,0.47,3.63
2026-08-11,768.6513061523438,36740600,-0.003195199981383512,332.813,0.48,3.63
2026-08-12,770.5764770507812,33179100,0.0025046088948632583,332.813,0.48,3.63
2026-08-13,775.9531860351562,35634500,0.006977515074108265,332.813,0.48,3.63
2026-08-14,774.4169921875,31367900,-0.0019797506799419384,332.813,0.51,3.63
2026-08-17,770.7560424804688,34356600,-0.004727362317670902,332.813,0.53,3.63
2026-08-18,765.5490112304688,43920900,-0.00675574496080833,332.813,0.52,3.63
2026-08-19,767.1549682617188,40306000,0.0020977847370853286,332.813,0.46,3.63
2026-08-20,760.7109985351562,45520300,-0.008399827926766523,332.813,0.5,3.63
2026-08-21,763.8232421875,39188700,0.004091229991858514,332.813,0.5,3.63
2026-08-24,761.5787963867188,32430900,-0.0029384361156037375,332.813,0.46,3.63
2026-08-25,764.0127563476562,27422300,0.003195939766817757,332.813,0.47,3.63
2026-08-26,764.182373046875,28751600,0.00022200767959623668,332.813,0.47,3.63
2026-08-27,769.18994140625,34557100,0.006552844629756693,332.813,0.47,3.63
2026-08-28,767.4442749023438,36744300,-0.0022694869107554583,332.813,0.39,3.63
2026-08-31,765.1499633789062,38810800,-0.002989548034258882,332.813,0.41,3.63
2026-09-01,759.89306640625,41126300,-0.006870413937474118,332.813,0.4,3.63
2026-09-02,763.2646484375,29566200,0.004436916429827686,332.813,0.4,3.63
2026-09-03,771.2548217773438,43531600,0.010468417941536634,332.813,0.43,3.63
2026-09-04,768.2822265625,34054200,-0.0038542322600894074,332.813,0.41,3.63
2026-09-08,764.0626831054688,44746100,-0.005492178930014524,332.813,0.41,3.63
2026-09-09,760.5115356445312,32812400,-0.004647717444469568,332.813,0.4,3.63
2026-09-10,755.9528198242188,42740400,-0.005994275703456675,332.813,0.39,3.63
2026-09-11,762.3967895507812,45512700,0.008524301461116268,332.813,0.33,3.63
2026-09-14,758.9952392578125,43992400,-0.004461653484890693,332.813,0.32,3.63
2026-09-15,755.513916015625,46195000,-0.004586752409134642,332.813,0.33,3.63
2026-09-16,752.1821899414062,59217700,-0.0044098804847823025,332.813,0.27,3.63
2026-09-17,760.7109985351562,49652800,0.011338753705953053,332.813,0.27,3.63
2026-09-18,761.6900024414062,65395100,0.0012869590529585029,332.813,0.25,3.63
2026-09-21,773.5,50484700,0.015504992215651825,332.813,0.2,3.63
2026-09-22,773.3800048828125,34802300,-0.00015513266604716414,332.813,0.25,3.63
2026-09-23,767.8099975585938,54931700,-0.007202161019229769,332.813,0.26,3.63
2026-09-24,767.1799926757812,43983700,-0.000820521854125067,332.813,0.31,3.63
2026-09-25,771.3499755859375,36629600,0.005435468794763754,332.813,0.36,3.63
